-- phpMyAdmin SQL Dump
-- version 5.1.0
-- https://www.phpmyadmin.net/
--
-- Host: localhost:3306
-- Generation Time: Aug 16, 2022 at 11:59 AM
-- Server version: 5.7.24
-- PHP Version: 8.0.3

SET SQL_MODE = "NO_AUTO_VALUE_ON_ZERO";
START TRANSACTION;
SET time_zone = "+00:00";


/*!40101 SET @OLD_CHARACTER_SET_CLIENT=@@CHARACTER_SET_CLIENT */;
/*!40101 SET @OLD_CHARACTER_SET_RESULTS=@@CHARACTER_SET_RESULTS */;
/*!40101 SET @OLD_COLLATION_CONNECTION=@@COLLATION_CONNECTION */;
/*!40101 SET NAMES utf8mb4 */;

--
-- Database: `saymon`
--

-- --------------------------------------------------------

--
-- Table structure for table `cache`
--

CREATE TABLE `cache` (
  `key` varchar(255) COLLATE utf8mb4_unicode_ci NOT NULL,
  `value` mediumtext COLLATE utf8mb4_unicode_ci NOT NULL,
  `expiration` int(11) NOT NULL
) ENGINE=InnoDB DEFAULT CHARSET=utf8mb4 COLLATE=utf8mb4_unicode_ci;

-- --------------------------------------------------------

--
-- Table structure for table `failed_jobs`
--

CREATE TABLE `failed_jobs` (
  `id` bigint(20) UNSIGNED NOT NULL,
  `uuid` varchar(255) COLLATE utf8mb4_unicode_ci NOT NULL,
  `connection` text COLLATE utf8mb4_unicode_ci NOT NULL,
  `queue` text COLLATE utf8mb4_unicode_ci NOT NULL,
  `payload` longtext COLLATE utf8mb4_unicode_ci NOT NULL,
  `exception` longtext COLLATE utf8mb4_unicode_ci NOT NULL,
  `failed_at` timestamp NOT NULL DEFAULT CURRENT_TIMESTAMP
) ENGINE=InnoDB DEFAULT CHARSET=utf8mb4 COLLATE=utf8mb4_unicode_ci;

-- --------------------------------------------------------

--
-- Table structure for table `menus`
--

CREATE TABLE `menus` (
  `id` bigint(20) UNSIGNED NOT NULL,
  `menu_name` varchar(100) COLLATE utf8mb4_unicode_ci NOT NULL,
  `deletable` enum('1','2') COLLATE utf8mb4_unicode_ci NOT NULL DEFAULT '2' COMMENT '1=No, 2=Yes',
  `created_at` timestamp NULL DEFAULT NULL,
  `updated_at` timestamp NULL DEFAULT NULL
) ENGINE=InnoDB DEFAULT CHARSET=utf8mb4 COLLATE=utf8mb4_unicode_ci;

--
-- Dumping data for table `menus`
--

INSERT INTO `menus` (`id`, `menu_name`, `deletable`, `created_at`, `updated_at`) VALUES
(1, 'Sidebar Menu', '1', '2021-11-04 11:00:45', '2021-11-04 11:00:45');

-- --------------------------------------------------------

--
-- Table structure for table `migrations`
--

CREATE TABLE `migrations` (
  `id` int(10) UNSIGNED NOT NULL,
  `migration` varchar(255) COLLATE utf8mb4_unicode_ci NOT NULL,
  `batch` int(11) NOT NULL
) ENGINE=InnoDB DEFAULT CHARSET=utf8mb4 COLLATE=utf8mb4_unicode_ci;

--
-- Dumping data for table `migrations`
--

INSERT INTO `migrations` (`id`, `migration`, `batch`) VALUES
(13, '2014_10_12_100000_create_password_resets_table', 1),
(14, '2019_08_19_000000_create_failed_jobs_table', 1),
(15, '2020_11_09_121424_create_roles_table', 1),
(16, '2020_11_09_121426_create_users_table', 1),
(17, '2020_11_09_121433_create_menus_table', 1),
(18, '2020_11_09_121444_create_modules_table', 1),
(19, '2020_11_09_121457_create_permissions_table', 1),
(20, '2020_11_09_121707_class_module_role_table', 1),
(21, '2020_11_09_121724_class_permission_role_table', 1),
(22, '2020_11_09_121842_create_settings_table', 1),
(23, '2020_11_11_114846_create_sessions_table', 1),
(24, '2020_11_11_115012_create_cache_table', 1),
(25, '2021_10_12_170301_create_notifications_table', 1);

-- --------------------------------------------------------

--
-- Table structure for table `modules`
--

CREATE TABLE `modules` (
  `id` bigint(20) UNSIGNED NOT NULL,
  `menu_id` bigint(20) UNSIGNED NOT NULL,
  `type` enum('1','2') COLLATE utf8mb4_unicode_ci NOT NULL COMMENT '1=divider,2=module',
  `module_name` varchar(255) COLLATE utf8mb4_unicode_ci DEFAULT NULL,
  `divider_title` varchar(255) COLLATE utf8mb4_unicode_ci DEFAULT NULL,
  `icon_class` varchar(255) COLLATE utf8mb4_unicode_ci DEFAULT NULL,
  `url` varchar(255) COLLATE utf8mb4_unicode_ci DEFAULT NULL,
  `order` int(11) DEFAULT NULL,
  `parent_id` int(10) UNSIGNED DEFAULT NULL,
  `target` enum('_self','_blank') COLLATE utf8mb4_unicode_ci DEFAULT NULL,
  `created_at` timestamp NULL DEFAULT NULL,
  `updated_at` timestamp NULL DEFAULT NULL
) ENGINE=InnoDB DEFAULT CHARSET=utf8mb4 COLLATE=utf8mb4_unicode_ci;

--
-- Dumping data for table `modules`
--

INSERT INTO `modules` (`id`, `menu_id`, `type`, `module_name`, `divider_title`, `icon_class`, `url`, `order`, `parent_id`, `target`, `created_at`, `updated_at`) VALUES
(1, 1, '2', 'Dashboard', NULL, 'fas fa-tachometer-alt', '/', 1, NULL, '_self', '2021-11-04 11:00:45', '2021-11-04 11:51:02'),
(2, 1, '1', NULL, 'Menus', NULL, NULL, 2, NULL, NULL, '2021-11-04 11:00:45', '2021-11-04 11:51:02'),
(3, 1, '1', NULL, 'Access Control', NULL, NULL, 7, NULL, NULL, '2021-11-04 11:00:45', '2022-08-16 11:58:56'),
(4, 1, '2', 'Role', NULL, 'fas fa-user-tag', 'role', 8, NULL, '_self', '2021-11-04 11:00:45', '2022-08-16 11:58:56'),
(5, 1, '2', 'User', NULL, 'fas fa-users', 'user', 9, NULL, '_self', '2021-11-04 11:00:45', '2022-08-16 11:58:56'),
(6, 1, '1', NULL, 'System', NULL, NULL, 10, NULL, NULL, '2021-11-04 11:00:45', '2022-08-16 11:58:56'),
(7, 1, '2', 'Setting', NULL, 'fas fa-cogs', 'setting', 11, NULL, '_self', '2021-11-04 11:00:45', '2022-08-16 11:58:56'),
(12, 1, '2', 'Menu', NULL, 'fas fa-th-list', 'menu', 12, NULL, '_self', '2021-11-04 11:00:45', '2022-08-16 11:58:56'),
(13, 1, '2', 'Permission', NULL, 'fas fa-tasks', 'menu/module/permission', 13, NULL, '_self', '2021-11-04 11:00:45', '2022-08-16 11:58:56');

-- --------------------------------------------------------

--
-- Table structure for table `module_role`
--

CREATE TABLE `module_role` (
  `id` bigint(20) UNSIGNED NOT NULL,
  `module_id` bigint(20) UNSIGNED NOT NULL,
  `role_id` bigint(20) UNSIGNED NOT NULL,
  `created_at` timestamp NULL DEFAULT NULL,
  `updated_at` timestamp NULL DEFAULT NULL
) ENGINE=InnoDB DEFAULT CHARSET=utf8mb4 COLLATE=utf8mb4_unicode_ci;

-- --------------------------------------------------------

--
-- Table structure for table `notifications`
--

CREATE TABLE `notifications` (
  `id` char(36) COLLATE utf8mb4_unicode_ci NOT NULL,
  `type` varchar(255) COLLATE utf8mb4_unicode_ci NOT NULL,
  `notifiable_type` varchar(255) COLLATE utf8mb4_unicode_ci NOT NULL,
  `notifiable_id` bigint(20) UNSIGNED NOT NULL,
  `data` text COLLATE utf8mb4_unicode_ci NOT NULL,
  `read_at` timestamp NULL DEFAULT NULL,
  `created_at` timestamp NULL DEFAULT NULL,
  `updated_at` timestamp NULL DEFAULT NULL
) ENGINE=InnoDB DEFAULT CHARSET=utf8mb4 COLLATE=utf8mb4_unicode_ci;

-- --------------------------------------------------------

--
-- Table structure for table `password_resets`
--

CREATE TABLE `password_resets` (
  `email` varchar(255) COLLATE utf8mb4_unicode_ci NOT NULL,
  `token` varchar(255) COLLATE utf8mb4_unicode_ci NOT NULL,
  `created_at` timestamp NULL DEFAULT NULL
) ENGINE=InnoDB DEFAULT CHARSET=utf8mb4 COLLATE=utf8mb4_unicode_ci;

-- --------------------------------------------------------

--
-- Table structure for table `permissions`
--

CREATE TABLE `permissions` (
  `id` bigint(20) UNSIGNED NOT NULL,
  `module_id` bigint(20) UNSIGNED NOT NULL,
  `name` varchar(255) COLLATE utf8mb4_unicode_ci NOT NULL,
  `slug` varchar(255) COLLATE utf8mb4_unicode_ci NOT NULL,
  `created_at` timestamp NULL DEFAULT NULL,
  `updated_at` timestamp NULL DEFAULT NULL
) ENGINE=InnoDB DEFAULT CHARSET=utf8mb4 COLLATE=utf8mb4_unicode_ci;

--
-- Dumping data for table `permissions`
--

INSERT INTO `permissions` (`id`, `module_id`, `name`, `slug`, `created_at`, `updated_at`) VALUES
(1, 1, 'Dashboard Access', 'dashboard-access', '2021-11-04 11:00:45', NULL),
(2, 4, 'Role Access', 'role-access', '2021-11-04 11:00:45', NULL),
(3, 4, 'Role Add', 'role-add', '2021-11-04 11:00:45', NULL),
(4, 4, 'Role Edit', 'role-edit', '2021-11-04 11:00:45', NULL),
(5, 4, 'Role View', 'role-view', '2021-11-04 11:00:45', NULL),
(6, 4, 'Role Delete', 'role-delete', '2021-11-04 11:00:45', NULL),
(7, 4, 'Role Bulk Delete', 'role-bulk-delete', '2021-11-04 11:00:45', NULL),
(8, 5, 'User Access', 'user-access', '2021-11-04 11:00:45', NULL),
(9, 5, 'User Add', 'user-add', '2021-11-04 11:00:45', NULL),
(10, 5, 'User Edit', 'user-edit', '2021-11-04 11:00:45', NULL),
(11, 5, 'User View', 'user-view', '2021-11-04 11:00:45', NULL),
(12, 5, 'User Delete', 'user-delete', '2021-11-04 11:00:45', NULL),
(13, 5, 'User Bulk Delete', 'user-bulk-delete', '2021-11-04 11:00:45', NULL),
(30, 12, 'Menu Access', 'menu-access', '2021-11-04 11:00:45', NULL),
(31, 12, 'Menu Add', 'menu-add', '2021-11-04 11:00:45', NULL),
(32, 12, 'Menu Edit', 'menu-edit', '2021-11-04 11:00:45', NULL),
(33, 12, 'Menu Delete', 'menu-delete', '2021-11-04 11:00:45', NULL),
(34, 12, 'Menu Bulk Delete', 'menu-bulk-delete', '2021-11-04 11:00:45', NULL),
(35, 12, 'Menu Builder Access', 'menu-builder-access', '2021-11-04 11:00:45', NULL),
(36, 12, 'Menu Module Add', 'menu-module-add', '2021-11-04 11:00:45', NULL),
(37, 12, 'Menu Module Edit', 'menu-module-edit', '2021-11-04 11:00:45', NULL),
(38, 12, 'Menu Module Delete', 'menu-module-delete', '2021-11-04 11:00:45', NULL),
(39, 13, 'Permission Access', 'permission-access', '2021-11-04 11:00:45', NULL),
(40, 13, 'Permission Add', 'permission-add', '2021-11-04 11:00:45', NULL),
(41, 13, 'Permission Edit', 'permission-edit', '2021-11-04 11:00:45', NULL),
(42, 13, 'Permission Delete', 'permission-delete', '2021-11-04 11:00:45', NULL),
(43, 13, 'Permission Bulk Delete', 'permission-bulk-delete', '2021-11-04 11:00:45', NULL),
(44, 7, 'Setting Access', 'setting-access', '2021-11-04 11:52:30', NULL);

-- --------------------------------------------------------

--
-- Table structure for table `permission_role`
--

CREATE TABLE `permission_role` (
  `id` bigint(20) UNSIGNED NOT NULL,
  `permission_id` bigint(20) UNSIGNED NOT NULL,
  `role_id` bigint(20) UNSIGNED NOT NULL,
  `created_at` timestamp NULL DEFAULT NULL,
  `updated_at` timestamp NULL DEFAULT NULL
) ENGINE=InnoDB DEFAULT CHARSET=utf8mb4 COLLATE=utf8mb4_unicode_ci;

-- --------------------------------------------------------

--
-- Table structure for table `roles`
--

CREATE TABLE `roles` (
  `id` bigint(20) UNSIGNED NOT NULL,
  `role_name` varchar(255) COLLATE utf8mb4_unicode_ci NOT NULL,
  `deletable` enum('1','2') COLLATE utf8mb4_unicode_ci NOT NULL DEFAULT '2' COMMENT '1=No, 2=Yes',
  `created_by` varchar(255) COLLATE utf8mb4_unicode_ci DEFAULT NULL,
  `modified_by` varchar(255) COLLATE utf8mb4_unicode_ci DEFAULT NULL,
  `created_at` timestamp NULL DEFAULT NULL,
  `updated_at` timestamp NULL DEFAULT NULL
) ENGINE=InnoDB DEFAULT CHARSET=utf8mb4 COLLATE=utf8mb4_unicode_ci;

--
-- Dumping data for table `roles`
--

INSERT INTO `roles` (`id`, `role_name`, `deletable`, `created_by`, `modified_by`, `created_at`, `updated_at`) VALUES
(1, 'SuperAdmin', '1', 'Mohammad Arman', NULL, '2021-11-04 11:00:45', NULL),
(2, 'Admin', '1', 'Mohammad Arman', NULL, '2021-11-04 11:00:45', NULL);

-- --------------------------------------------------------

--
-- Table structure for table `sessions`
--

CREATE TABLE `sessions` (
  `id` varchar(255) COLLATE utf8mb4_unicode_ci NOT NULL,
  `user_id` bigint(20) UNSIGNED DEFAULT NULL,
  `ip_address` varchar(45) COLLATE utf8mb4_unicode_ci DEFAULT NULL,
  `user_agent` text COLLATE utf8mb4_unicode_ci,
  `payload` longtext COLLATE utf8mb4_unicode_ci NOT NULL,
  `last_activity` int(11) NOT NULL
) ENGINE=InnoDB DEFAULT CHARSET=utf8mb4 COLLATE=utf8mb4_unicode_ci;

--
-- Dumping data for table `sessions`
--

INSERT INTO `sessions` (`id`, `user_id`, `ip_address`, `user_agent`, `payload`, `last_activity`) VALUES
('ldD0lYodB2uyos9b5AhoHHQXRwfSCfSREHzbIzjU', 1, '127.0.0.1', 'Mozilla/5.0 (Windows NT 10.0; Win64; x64) AppleWebKit/537.36 (KHTML, like Gecko) Chrome/104.0.0.0 Safari/537.36', 'YTo3OntzOjY6Il90b2tlbiI7czo0MDoicmdQejNjSG05TUptVlpjUGJVYVN2N2hqeFk5RDRjUVhqaTdneU9DNCI7czozOiJ1cmwiO2E6MDp7fXM6OToiX3ByZXZpb3VzIjthOjE6e3M6MzoidXJsIjtzOjE4OiJodHRwOi8vc2F5bW9uLnRlc3QiO31zOjY6Il9mbGFzaCI7YToyOntzOjM6Im9sZCI7YTowOnt9czozOiJuZXciO2E6MDp7fX1zOjUwOiJsb2dpbl93ZWJfNTliYTM2YWRkYzJiMmY5NDAxNTgwZjAxNGM3ZjU4ZWE0ZTMwOTg5ZCI7aToxO3M6MTU6InVzZXJfcGVybWlzc2lvbiI7YTo5NTp7aTowO3M6MTY6ImRhc2hib2FyZC1hY2Nlc3MiO2k6MTtzOjExOiJyb2xlLWFjY2VzcyI7aToyO3M6ODoicm9sZS1hZGQiO2k6MztzOjk6InJvbGUtZWRpdCI7aTo0O3M6OToicm9sZS12aWV3IjtpOjU7czoxMToicm9sZS1kZWxldGUiO2k6NjtzOjE2OiJyb2xlLWJ1bGstZGVsZXRlIjtpOjc7czoxMToidXNlci1hY2Nlc3MiO2k6ODtzOjg6InVzZXItYWRkIjtpOjk7czo5OiJ1c2VyLWVkaXQiO2k6MTA7czo5OiJ1c2VyLXZpZXciO2k6MTE7czoxMToidXNlci1kZWxldGUiO2k6MTI7czoxNjoidXNlci1idWxrLWRlbGV0ZSI7aToxMztzOjExOiJtZW51LWFjY2VzcyI7aToxNDtzOjg6Im1lbnUtYWRkIjtpOjE1O3M6OToibWVudS1lZGl0IjtpOjE2O3M6MTE6Im1lbnUtZGVsZXRlIjtpOjE3O3M6MTY6Im1lbnUtYnVsay1kZWxldGUiO2k6MTg7czoxOToibWVudS1idWlsZGVyLWFjY2VzcyI7aToxOTtzOjE1OiJtZW51LW1vZHVsZS1hZGQiO2k6MjA7czoxNjoibWVudS1tb2R1bGUtZWRpdCI7aToyMTtzOjE4OiJtZW51LW1vZHVsZS1kZWxldGUiO2k6MjI7czoxNzoicGVybWlzc2lvbi1hY2Nlc3MiO2k6MjM7czoxNDoicGVybWlzc2lvbi1hZGQiO2k6MjQ7czoxNToicGVybWlzc2lvbi1lZGl0IjtpOjI1O3M6MTc6InBlcm1pc3Npb24tZGVsZXRlIjtpOjI2O3M6MjI6InBlcm1pc3Npb24tYnVsay1kZWxldGUiO2k6Mjc7czoxNDoic2V0dGluZy1hY2Nlc3MiO2k6Mjg7czoyMzoiYm9va2luZy1pbnZvaW9jZS1hY2Nlc3MiO2k6Mjk7czoyMDoiYm9va2luZy1pbnZvaW9jZS1hZGQiO2k6MzA7czoyMToiYm9va2luZy1pbnZvaW9jZS1lZGl0IjtpOjMxO3M6MjE6ImJvb2tpbmctaW52b2lvY2UtdmlldyI7aTozMjtzOjIzOiJib29raW5nLWludm9pb2NlLWRlbGV0ZSI7aTozMztzOjI4OiJib29raW5nLWludm9pb2NlLWJ1bGstZGVsZXRlIjtpOjM0O3M6MjY6InByZS1ib29raW5nLWludm9pY2UtYWNjZXNzIjtpOjM1O3M6MjM6InByZS1ib29raW5nLWludm9pY2UtYWRkIjtpOjM2O3M6MjQ6InByZS1ib29raW5nLWludm9pY2UtZWRpdCI7aTozNztzOjI0OiJwcmUtYm9va2luZy1pbnZvaWNlLXZpZXciO2k6Mzg7czoyNjoicHJlLWJvb2tpbmctaW52b2ljZS1kZWxldGUiO2k6Mzk7czozMToicHJlLWJvb2tpbmctaW52b2ljZS1idWxrLWRlbGV0ZSI7aTo0MDtzOjEwOiJjYXItYWNjZXNzIjtpOjQxO3M6NzoiY2FyLWFkZCI7aTo0MjtzOjg6ImNhci1lZGl0IjtpOjQzO3M6MTA6ImNhci1kZWxldGUiO2k6NDQ7czoxNToiY2FyLWJ1bGstZGVsZXRlIjtpOjQ1O3M6MTc6ImNhci1sZWRnZXItYWNjZXNzIjtpOjQ2O3M6MTM6ImRyaXZlci1hY2Nlc3MiO2k6NDc7czoxMDoiZHJpdmVyLWFkZCI7aTo0ODtzOjExOiJkcml2ZXItZWRpdCI7aTo0OTtzOjExOiJkcml2ZXItdmlldyI7aTo1MDtzOjEzOiJkcml2ZXItZGVsZXRlIjtpOjUxO3M6MTg6ImRyaXZlci1idWxrLWRlbGV0ZSI7aTo1MjtzOjEwOiJjb2EtYWNjZXNzIjtpOjUzO3M6NzoiY29hLWFkZCI7aTo1NDtzOjg6ImNvYS1lZGl0IjtpOjU1O3M6MTA6ImNvYS1kZWxldGUiO2k6NTY7czoyMjoib3BlbmluZy1iYWxhbmNlLWFjY2VzcyI7aTo1NztzOjIxOiJkcml2ZXItcGF5bWVudC1hY2Nlc3MiO2k6NTg7czoyMjoiY2FzaC1hZGp1c3RtZW50LWFjY2VzcyI7aTo1OTtzOjE5OiJjYXNoLWFkanVzdG1lbnQtYWRkIjtpOjYwO3M6MjA6ImNhc2gtYWRqdXN0bWVudC1lZGl0IjtpOjYxO3M6MjI6ImNhc2gtYWRqdXN0bWVudC1kZWxldGUiO2k6NjI7czoxNjoiY2FzaC1ib29rLWFjY2VzcyI7aTo2MztzOjE2OiJiYW5rLWJvb2stYWNjZXNzIjtpOjY0O3M6MjM6Im1vYmlsZS1iYW5rLWJvb2stYWNjZXNzIjtpOjY1O3M6MjE6ImdlbmVyYWwtbGVkZ2VyLWFjY2VzcyI7aTo2NjtzOjE4OiJwcm9maXQtbG9zcy1hY2Nlc3MiO2k6Njc7czoyMDoiYmFsYW5jZS1zaGVldC1hY2Nlc3MiO2k6Njg7czoxOToiZXhwZW5zZS1pdGVtLWFjY2VzcyI7aTo2OTtzOjE2OiJleHBlbnNlLWl0ZW0tYWRkIjtpOjcwO3M6MTc6ImV4cGVuc2UtaXRlbS1lZGl0IjtpOjcxO3M6MTk6ImV4cGVuc2UtaXRlbS1kZWxldGUiO2k6NzI7czoyNDoiZXhwZW5zZS1pdGVtLWJ1bGstZGVsZXRlIjtpOjczO3M6MTQ6ImV4cGVuc2UtYWNjZXNzIjtpOjc0O3M6MTE6ImV4cGVuc2UtYWRkIjtpOjc1O3M6MTI6ImV4cGVuc2UtZWRpdCI7aTo3NjtzOjE0OiJleHBlbnNlLWRlbGV0ZSI7aTo3NztzOjE5OiJleHBlbnNlLWJ1bGstZGVsZXRlIjtpOjc4O3M6MjQ6ImV4cGVuc2Utc3RhdGVtZW50LWFjY2VzcyI7aTo3OTtzOjExOiJiYW5rLWFjY2VzcyI7aTo4MDtzOjg6ImJhbmstYWRkIjtpOjgxO3M6OToiYmFuay1lZGl0IjtpOjgyO3M6MTE6ImJhbmstZGVsZXRlIjtpOjgzO3M6MTY6ImJhbmstYnVsay1kZWxldGUiO2k6ODQ7czoyMzoiYmFuay10cmFuc2FjdGlvbi1hY2Nlc3MiO2k6ODU7czoxODoiYmFuay1sZWRnZXItYWNjZXNzIjtpOjg2O3M6MTg6Im1vYmlsZS1iYW5rLWFjY2VzcyI7aTo4NztzOjE1OiJtb2JpbGUtYmFuay1hZGQiO2k6ODg7czoxNjoibW9iaWxlLWJhbmstZWRpdCI7aTo4OTtzOjE4OiJtb2JpbGUtYmFuay1kZWxldGUiO2k6OTA7czoyMzoibW9iaWxlLWJhbmstYnVsay1kZWxldGUiO2k6OTE7czozMDoibW9iaWxlLWJhbmstdHJhbnNhY3Rpb24tYWNjZXNzIjtpOjkyO3M6MjU6Im1vYmlsZS1iYW5rLWxlZGdlci1hY2Nlc3MiO2k6OTM7czoxNDoiY2xvc2luZy1hY2Nlc3MiO2k6OTQ7czoyMToiY2xvc2luZy1yZXBvcnQtYWNjZXNzIjt9czo5OiJ1c2VyX21lbnUiO086MjY6IlR5cGlDTVNcTmVzdGFibGVDb2xsZWN0aW9uIjo4OntzOjg6IgAqAHRvdGFsIjtpOjk7czoxNToiACoAcGFyZW50Q29sdW1uIjtzOjk6InBhcmVudF9pZCI7czozMzoiACoAcmVtb3ZlSXRlbXNXaXRoTWlzc2luZ0FuY2VzdG9yIjtiOjE7czoxNDoiACoAaW5kZW50Q2hhcnMiO3M6ODoiwqDCoMKgwqAiO3M6MTU6IgAqAGNoaWxkcmVuTmFtZSI7czo1OiJpdGVtcyI7czoxNzoiACoAcGFyZW50UmVsYXRpb24iO3M6NjoicGFyZW50IjtzOjg6IgAqAGl0ZW1zIjthOjk6e2k6MDtPOjE3OiJBcHBcTW9kZWxzXE1vZHVsZSI6Mjk6e3M6MTE6IgAqAGZpbGxhYmxlIjthOjk6e2k6MDtzOjc6Im1lbnVfaWQiO2k6MTtzOjQ6InR5cGUiO2k6MjtzOjExOiJtb2R1bGVfbmFtZSI7aTozO3M6MTM6ImRpdmlkZXJfdGl0bGUiO2k6NDtzOjEwOiJpY29uX2NsYXNzIjtpOjU7czozOiJ1cmwiO2k6NjtzOjU6Im9yZGVyIjtpOjc7czo5OiJwYXJlbnRfaWQiO2k6ODtzOjY6InRhcmdldCI7fXM6MTM6IgAqAGNvbm5lY3Rpb24iO3M6NToibXlzcWwiO3M6ODoiACoAdGFibGUiO3M6NzoibW9kdWxlcyI7czoxMzoiACoAcHJpbWFyeUtleSI7czoyOiJpZCI7czoxMDoiACoAa2V5VHlwZSI7czozOiJpbnQiO3M6MTI6ImluY3JlbWVudGluZyI7YjoxO3M6NzoiACoAd2l0aCI7YTowOnt9czoxMjoiACoAd2l0aENvdW50IjthOjA6e31zOjE5OiJwcmV2ZW50c0xhenlMb2FkaW5nIjtiOjA7czoxMDoiACoAcGVyUGFnZSI7aToxNTtzOjY6ImV4aXN0cyI7YjoxO3M6MTg6Indhc1JlY2VudGx5Q3JlYXRlZCI7YjowO3M6Mjg6IgAqAGVzY2FwZVdoZW5DYXN0aW5nVG9TdHJpbmciO2I6MDtzOjEzOiIAKgBhdHRyaWJ1dGVzIjthOjEyOntzOjI6ImlkIjtpOjE7czo3OiJtZW51X2lkIjtpOjE7czo0OiJ0eXBlIjtzOjE6IjIiO3M6MTE6Im1vZHVsZV9uYW1lIjtzOjk6IkRhc2hib2FyZCI7czoxMzoiZGl2aWRlcl90aXRsZSI7TjtzOjEwOiJpY29uX2NsYXNzIjtzOjIxOiJmYXMgZmEtdGFjaG9tZXRlci1hbHQiO3M6MzoidXJsIjtzOjE6Ii8iO3M6NToib3JkZXIiO2k6MTtzOjk6InBhcmVudF9pZCI7TjtzOjY6InRhcmdldCI7czo1OiJfc2VsZiI7czoxMDoiY3JlYXRlZF9hdCI7czoxOToiMjAyMS0xMS0wNCAxNzowMDo0NSI7czoxMDoidXBkYXRlZF9hdCI7czoxOToiMjAyMS0xMS0wNCAxNzo1MTowMiI7fXM6MTE6IgAqAG9yaWdpbmFsIjthOjEyOntzOjI6ImlkIjtpOjE7czo3OiJtZW51X2lkIjtpOjE7czo0OiJ0eXBlIjtzOjE6IjIiO3M6MTE6Im1vZHVsZV9uYW1lIjtzOjk6IkRhc2hib2FyZCI7czoxMzoiZGl2aWRlcl90aXRsZSI7TjtzOjEwOiJpY29uX2NsYXNzIjtzOjIxOiJmYXMgZmEtdGFjaG9tZXRlci1hbHQiO3M6MzoidXJsIjtzOjE6Ii8iO3M6NToib3JkZXIiO2k6MTtzOjk6InBhcmVudF9pZCI7TjtzOjY6InRhcmdldCI7czo1OiJfc2VsZiI7czoxMDoiY3JlYXRlZF9hdCI7czoxOToiMjAyMS0xMS0wNCAxNzowMDo0NSI7czoxMDoidXBkYXRlZF9hdCI7czoxOToiMjAyMS0xMS0wNCAxNzo1MTowMiI7fXM6MTA6IgAqAGNoYW5nZXMiO2E6MDp7fXM6ODoiACoAY2FzdHMiO2E6MDp7fXM6MTc6IgAqAGNsYXNzQ2FzdENhY2hlIjthOjA6e31zOjg6IgAqAGRhdGVzIjthOjA6e31zOjEzOiIAKgBkYXRlRm9ybWF0IjtOO3M6MTA6IgAqAGFwcGVuZHMiO2E6MDp7fXM6MTk6IgAqAGRpc3BhdGNoZXNFdmVudHMiO2E6MDp7fXM6MTQ6IgAqAG9ic2VydmFibGVzIjthOjA6e31zOjEyOiIAKgByZWxhdGlvbnMiO2E6MTp7czo4OiJjaGlsZHJlbiI7TzoyNjoiVHlwaUNNU1xOZXN0YWJsZUNvbGxlY3Rpb24iOjg6e3M6ODoiACoAdG90YWwiO2k6MDtzOjE1OiIAKgBwYXJlbnRDb2x1bW4iO3M6OToicGFyZW50X2lkIjtzOjMzOiIAKgByZW1vdmVJdGVtc1dpdGhNaXNzaW5nQW5jZXN0b3IiO2I6MTtzOjE0OiIAKgBpbmRlbnRDaGFycyI7czo4OiLCoMKgwqDCoCI7czoxNToiACoAY2hpbGRyZW5OYW1lIjtzOjU6Iml0ZW1zIjtzOjE3OiIAKgBwYXJlbnRSZWxhdGlvbiI7czo2OiJwYXJlbnQiO3M6ODoiACoAaXRlbXMiO2E6MDp7fXM6Mjg6IgAqAGVzY2FwZVdoZW5DYXN0aW5nVG9TdHJpbmciO2I6MDt9fXM6MTA6IgAqAHRvdWNoZXMiO2E6MDp7fXM6MTA6InRpbWVzdGFtcHMiO2I6MTtzOjk6IgAqAGhpZGRlbiI7YTowOnt9czoxMDoiACoAdmlzaWJsZSI7YTowOnt9czoxMDoiACoAZ3VhcmRlZCI7YToxOntpOjA7czoxOiIqIjt9fWk6MTtPOjE3OiJBcHBcTW9kZWxzXE1vZHVsZSI6Mjk6e3M6MTE6IgAqAGZpbGxhYmxlIjthOjk6e2k6MDtzOjc6Im1lbnVfaWQiO2k6MTtzOjQ6InR5cGUiO2k6MjtzOjExOiJtb2R1bGVfbmFtZSI7aTozO3M6MTM6ImRpdmlkZXJfdGl0bGUiO2k6NDtzOjEwOiJpY29uX2NsYXNzIjtpOjU7czozOiJ1cmwiO2k6NjtzOjU6Im9yZGVyIjtpOjc7czo5OiJwYXJlbnRfaWQiO2k6ODtzOjY6InRhcmdldCI7fXM6MTM6IgAqAGNvbm5lY3Rpb24iO3M6NToibXlzcWwiO3M6ODoiACoAdGFibGUiO3M6NzoibW9kdWxlcyI7czoxMzoiACoAcHJpbWFyeUtleSI7czoyOiJpZCI7czoxMDoiACoAa2V5VHlwZSI7czozOiJpbnQiO3M6MTI6ImluY3JlbWVudGluZyI7YjoxO3M6NzoiACoAd2l0aCI7YTowOnt9czoxMjoiACoAd2l0aENvdW50IjthOjA6e31zOjE5OiJwcmV2ZW50c0xhenlMb2FkaW5nIjtiOjA7czoxMDoiACoAcGVyUGFnZSI7aToxNTtzOjY6ImV4aXN0cyI7YjoxO3M6MTg6Indhc1JlY2VudGx5Q3JlYXRlZCI7YjowO3M6Mjg6IgAqAGVzY2FwZVdoZW5DYXN0aW5nVG9TdHJpbmciO2I6MDtzOjEzOiIAKgBhdHRyaWJ1dGVzIjthOjEyOntzOjI6ImlkIjtpOjI7czo3OiJtZW51X2lkIjtpOjE7czo0OiJ0eXBlIjtzOjE6IjEiO3M6MTE6Im1vZHVsZV9uYW1lIjtOO3M6MTM6ImRpdmlkZXJfdGl0bGUiO3M6NToiTWVudXMiO3M6MTA6Imljb25fY2xhc3MiO047czozOiJ1cmwiO047czo1OiJvcmRlciI7aToyO3M6OToicGFyZW50X2lkIjtOO3M6NjoidGFyZ2V0IjtOO3M6MTA6ImNyZWF0ZWRfYXQiO3M6MTk6IjIwMjEtMTEtMDQgMTc6MDA6NDUiO3M6MTA6InVwZGF0ZWRfYXQiO3M6MTk6IjIwMjEtMTEtMDQgMTc6NTE6MDIiO31zOjExOiIAKgBvcmlnaW5hbCI7YToxMjp7czoyOiJpZCI7aToyO3M6NzoibWVudV9pZCI7aToxO3M6NDoidHlwZSI7czoxOiIxIjtzOjExOiJtb2R1bGVfbmFtZSI7TjtzOjEzOiJkaXZpZGVyX3RpdGxlIjtzOjU6Ik1lbnVzIjtzOjEwOiJpY29uX2NsYXNzIjtOO3M6MzoidXJsIjtOO3M6NToib3JkZXIiO2k6MjtzOjk6InBhcmVudF9pZCI7TjtzOjY6InRhcmdldCI7TjtzOjEwOiJjcmVhdGVkX2F0IjtzOjE5OiIyMDIxLTExLTA0IDE3OjAwOjQ1IjtzOjEwOiJ1cGRhdGVkX2F0IjtzOjE5OiIyMDIxLTExLTA0IDE3OjUxOjAyIjt9czoxMDoiACoAY2hhbmdlcyI7YTowOnt9czo4OiIAKgBjYXN0cyI7YTowOnt9czoxNzoiACoAY2xhc3NDYXN0Q2FjaGUiO2E6MDp7fXM6ODoiACoAZGF0ZXMiO2E6MDp7fXM6MTM6IgAqAGRhdGVGb3JtYXQiO047czoxMDoiACoAYXBwZW5kcyI7YTowOnt9czoxOToiACoAZGlzcGF0Y2hlc0V2ZW50cyI7YTowOnt9czoxNDoiACoAb2JzZXJ2YWJsZXMiO2E6MDp7fXM6MTI6IgAqAHJlbGF0aW9ucyI7YToxOntzOjg6ImNoaWxkcmVuIjtPOjI2OiJUeXBpQ01TXE5lc3RhYmxlQ29sbGVjdGlvbiI6ODp7czo4OiIAKgB0b3RhbCI7aTowO3M6MTU6IgAqAHBhcmVudENvbHVtbiI7czo5OiJwYXJlbnRfaWQiO3M6MzM6IgAqAHJlbW92ZUl0ZW1zV2l0aE1pc3NpbmdBbmNlc3RvciI7YjoxO3M6MTQ6IgAqAGluZGVudENoYXJzIjtzOjg6IsKgwqDCoMKgIjtzOjE1OiIAKgBjaGlsZHJlbk5hbWUiO3M6NToiaXRlbXMiO3M6MTc6IgAqAHBhcmVudFJlbGF0aW9uIjtzOjY6InBhcmVudCI7czo4OiIAKgBpdGVtcyI7YTowOnt9czoyODoiACoAZXNjYXBlV2hlbkNhc3RpbmdUb1N0cmluZyI7YjowO319czoxMDoiACoAdG91Y2hlcyI7YTowOnt9czoxMDoidGltZXN0YW1wcyI7YjoxO3M6OToiACoAaGlkZGVuIjthOjA6e31zOjEwOiIAKgB2aXNpYmxlIjthOjA6e31zOjEwOiIAKgBndWFyZGVkIjthOjE6e2k6MDtzOjE6IioiO319aToyO086MTc6IkFwcFxNb2RlbHNcTW9kdWxlIjoyOTp7czoxMToiACoAZmlsbGFibGUiO2E6OTp7aTowO3M6NzoibWVudV9pZCI7aToxO3M6NDoidHlwZSI7aToyO3M6MTE6Im1vZHVsZV9uYW1lIjtpOjM7czoxMzoiZGl2aWRlcl90aXRsZSI7aTo0O3M6MTA6Imljb25fY2xhc3MiO2k6NTtzOjM6InVybCI7aTo2O3M6NToib3JkZXIiO2k6NztzOjk6InBhcmVudF9pZCI7aTo4O3M6NjoidGFyZ2V0Ijt9czoxMzoiACoAY29ubmVjdGlvbiI7czo1OiJteXNxbCI7czo4OiIAKgB0YWJsZSI7czo3OiJtb2R1bGVzIjtzOjEzOiIAKgBwcmltYXJ5S2V5IjtzOjI6ImlkIjtzOjEwOiIAKgBrZXlUeXBlIjtzOjM6ImludCI7czoxMjoiaW5jcmVtZW50aW5nIjtiOjE7czo3OiIAKgB3aXRoIjthOjA6e31zOjEyOiIAKgB3aXRoQ291bnQiO2E6MDp7fXM6MTk6InByZXZlbnRzTGF6eUxvYWRpbmciO2I6MDtzOjEwOiIAKgBwZXJQYWdlIjtpOjE1O3M6NjoiZXhpc3RzIjtiOjE7czoxODoid2FzUmVjZW50bHlDcmVhdGVkIjtiOjA7czoyODoiACoAZXNjYXBlV2hlbkNhc3RpbmdUb1N0cmluZyI7YjowO3M6MTM6IgAqAGF0dHJpYnV0ZXMiO2E6MTI6e3M6MjoiaWQiO2k6MztzOjc6Im1lbnVfaWQiO2k6MTtzOjQ6InR5cGUiO3M6MToiMSI7czoxMToibW9kdWxlX25hbWUiO047czoxMzoiZGl2aWRlcl90aXRsZSI7czoxNDoiQWNjZXNzIENvbnRyb2wiO3M6MTA6Imljb25fY2xhc3MiO047czozOiJ1cmwiO047czo1OiJvcmRlciI7aTo3O3M6OToicGFyZW50X2lkIjtOO3M6NjoidGFyZ2V0IjtOO3M6MTA6ImNyZWF0ZWRfYXQiO3M6MTk6IjIwMjEtMTEtMDQgMTc6MDA6NDUiO3M6MTA6InVwZGF0ZWRfYXQiO3M6MTk6IjIwMjItMDgtMTYgMTc6NTg6NTYiO31zOjExOiIAKgBvcmlnaW5hbCI7YToxMjp7czoyOiJpZCI7aTozO3M6NzoibWVudV9pZCI7aToxO3M6NDoidHlwZSI7czoxOiIxIjtzOjExOiJtb2R1bGVfbmFtZSI7TjtzOjEzOiJkaXZpZGVyX3RpdGxlIjtzOjE0OiJBY2Nlc3MgQ29udHJvbCI7czoxMDoiaWNvbl9jbGFzcyI7TjtzOjM6InVybCI7TjtzOjU6Im9yZGVyIjtpOjc7czo5OiJwYXJlbnRfaWQiO047czo2OiJ0YXJnZXQiO047czoxMDoiY3JlYXRlZF9hdCI7czoxOToiMjAyMS0xMS0wNCAxNzowMDo0NSI7czoxMDoidXBkYXRlZF9hdCI7czoxOToiMjAyMi0wOC0xNiAxNzo1ODo1NiI7fXM6MTA6IgAqAGNoYW5nZXMiO2E6MDp7fXM6ODoiACoAY2FzdHMiO2E6MDp7fXM6MTc6IgAqAGNsYXNzQ2FzdENhY2hlIjthOjA6e31zOjg6IgAqAGRhdGVzIjthOjA6e31zOjEzOiIAKgBkYXRlRm9ybWF0IjtOO3M6MTA6IgAqAGFwcGVuZHMiO2E6MDp7fXM6MTk6IgAqAGRpc3BhdGNoZXNFdmVudHMiO2E6MDp7fXM6MTQ6IgAqAG9ic2VydmFibGVzIjthOjA6e31zOjEyOiIAKgByZWxhdGlvbnMiO2E6MTp7czo4OiJjaGlsZHJlbiI7TzoyNjoiVHlwaUNNU1xOZXN0YWJsZUNvbGxlY3Rpb24iOjg6e3M6ODoiACoAdG90YWwiO2k6MDtzOjE1OiIAKgBwYXJlbnRDb2x1bW4iO3M6OToicGFyZW50X2lkIjtzOjMzOiIAKgByZW1vdmVJdGVtc1dpdGhNaXNzaW5nQW5jZXN0b3IiO2I6MTtzOjE0OiIAKgBpbmRlbnRDaGFycyI7czo4OiLCoMKgwqDCoCI7czoxNToiACoAY2hpbGRyZW5OYW1lIjtzOjU6Iml0ZW1zIjtzOjE3OiIAKgBwYXJlbnRSZWxhdGlvbiI7czo2OiJwYXJlbnQiO3M6ODoiACoAaXRlbXMiO2E6MDp7fXM6Mjg6IgAqAGVzY2FwZVdoZW5DYXN0aW5nVG9TdHJpbmciO2I6MDt9fXM6MTA6IgAqAHRvdWNoZXMiO2E6MDp7fXM6MTA6InRpbWVzdGFtcHMiO2I6MTtzOjk6IgAqAGhpZGRlbiI7YTowOnt9czoxMDoiACoAdmlzaWJsZSI7YTowOnt9czoxMDoiACoAZ3VhcmRlZCI7YToxOntpOjA7czoxOiIqIjt9fWk6MztPOjE3OiJBcHBcTW9kZWxzXE1vZHVsZSI6Mjk6e3M6MTE6IgAqAGZpbGxhYmxlIjthOjk6e2k6MDtzOjc6Im1lbnVfaWQiO2k6MTtzOjQ6InR5cGUiO2k6MjtzOjExOiJtb2R1bGVfbmFtZSI7aTozO3M6MTM6ImRpdmlkZXJfdGl0bGUiO2k6NDtzOjEwOiJpY29uX2NsYXNzIjtpOjU7czozOiJ1cmwiO2k6NjtzOjU6Im9yZGVyIjtpOjc7czo5OiJwYXJlbnRfaWQiO2k6ODtzOjY6InRhcmdldCI7fXM6MTM6IgAqAGNvbm5lY3Rpb24iO3M6NToibXlzcWwiO3M6ODoiACoAdGFibGUiO3M6NzoibW9kdWxlcyI7czoxMzoiACoAcHJpbWFyeUtleSI7czoyOiJpZCI7czoxMDoiACoAa2V5VHlwZSI7czozOiJpbnQiO3M6MTI6ImluY3JlbWVudGluZyI7YjoxO3M6NzoiACoAd2l0aCI7YTowOnt9czoxMjoiACoAd2l0aENvdW50IjthOjA6e31zOjE5OiJwcmV2ZW50c0xhenlMb2FkaW5nIjtiOjA7czoxMDoiACoAcGVyUGFnZSI7aToxNTtzOjY6ImV4aXN0cyI7YjoxO3M6MTg6Indhc1JlY2VudGx5Q3JlYXRlZCI7YjowO3M6Mjg6IgAqAGVzY2FwZVdoZW5DYXN0aW5nVG9TdHJpbmciO2I6MDtzOjEzOiIAKgBhdHRyaWJ1dGVzIjthOjEyOntzOjI6ImlkIjtpOjQ7czo3OiJtZW51X2lkIjtpOjE7czo0OiJ0eXBlIjtzOjE6IjIiO3M6MTE6Im1vZHVsZV9uYW1lIjtzOjQ6IlJvbGUiO3M6MTM6ImRpdmlkZXJfdGl0bGUiO047czoxMDoiaWNvbl9jbGFzcyI7czoxNToiZmFzIGZhLXVzZXItdGFnIjtzOjM6InVybCI7czo0OiJyb2xlIjtzOjU6Im9yZGVyIjtpOjg7czo5OiJwYXJlbnRfaWQiO047czo2OiJ0YXJnZXQiO3M6NToiX3NlbGYiO3M6MTA6ImNyZWF0ZWRfYXQiO3M6MTk6IjIwMjEtMTEtMDQgMTc6MDA6NDUiO3M6MTA6InVwZGF0ZWRfYXQiO3M6MTk6IjIwMjItMDgtMTYgMTc6NTg6NTYiO31zOjExOiIAKgBvcmlnaW5hbCI7YToxMjp7czoyOiJpZCI7aTo0O3M6NzoibWVudV9pZCI7aToxO3M6NDoidHlwZSI7czoxOiIyIjtzOjExOiJtb2R1bGVfbmFtZSI7czo0OiJSb2xlIjtzOjEzOiJkaXZpZGVyX3RpdGxlIjtOO3M6MTA6Imljb25fY2xhc3MiO3M6MTU6ImZhcyBmYS11c2VyLXRhZyI7czozOiJ1cmwiO3M6NDoicm9sZSI7czo1OiJvcmRlciI7aTo4O3M6OToicGFyZW50X2lkIjtOO3M6NjoidGFyZ2V0IjtzOjU6Il9zZWxmIjtzOjEwOiJjcmVhdGVkX2F0IjtzOjE5OiIyMDIxLTExLTA0IDE3OjAwOjQ1IjtzOjEwOiJ1cGRhdGVkX2F0IjtzOjE5OiIyMDIyLTA4LTE2IDE3OjU4OjU2Ijt9czoxMDoiACoAY2hhbmdlcyI7YTowOnt9czo4OiIAKgBjYXN0cyI7YTowOnt9czoxNzoiACoAY2xhc3NDYXN0Q2FjaGUiO2E6MDp7fXM6ODoiACoAZGF0ZXMiO2E6MDp7fXM6MTM6IgAqAGRhdGVGb3JtYXQiO047czoxMDoiACoAYXBwZW5kcyI7YTowOnt9czoxOToiACoAZGlzcGF0Y2hlc0V2ZW50cyI7YTowOnt9czoxNDoiACoAb2JzZXJ2YWJsZXMiO2E6MDp7fXM6MTI6IgAqAHJlbGF0aW9ucyI7YToxOntzOjg6ImNoaWxkcmVuIjtPOjI2OiJUeXBpQ01TXE5lc3RhYmxlQ29sbGVjdGlvbiI6ODp7czo4OiIAKgB0b3RhbCI7aTowO3M6MTU6IgAqAHBhcmVudENvbHVtbiI7czo5OiJwYXJlbnRfaWQiO3M6MzM6IgAqAHJlbW92ZUl0ZW1zV2l0aE1pc3NpbmdBbmNlc3RvciI7YjoxO3M6MTQ6IgAqAGluZGVudENoYXJzIjtzOjg6IsKgwqDCoMKgIjtzOjE1OiIAKgBjaGlsZHJlbk5hbWUiO3M6NToiaXRlbXMiO3M6MTc6IgAqAHBhcmVudFJlbGF0aW9uIjtzOjY6InBhcmVudCI7czo4OiIAKgBpdGVtcyI7YTowOnt9czoyODoiACoAZXNjYXBlV2hlbkNhc3RpbmdUb1N0cmluZyI7YjowO319czoxMDoiACoAdG91Y2hlcyI7YTowOnt9czoxMDoidGltZXN0YW1wcyI7YjoxO3M6OToiACoAaGlkZGVuIjthOjA6e31zOjEwOiIAKgB2aXNpYmxlIjthOjA6e31zOjEwOiIAKgBndWFyZGVkIjthOjE6e2k6MDtzOjE6IioiO319aTo0O086MTc6IkFwcFxNb2RlbHNcTW9kdWxlIjoyOTp7czoxMToiACoAZmlsbGFibGUiO2E6OTp7aTowO3M6NzoibWVudV9pZCI7aToxO3M6NDoidHlwZSI7aToyO3M6MTE6Im1vZHVsZV9uYW1lIjtpOjM7czoxMzoiZGl2aWRlcl90aXRsZSI7aTo0O3M6MTA6Imljb25fY2xhc3MiO2k6NTtzOjM6InVybCI7aTo2O3M6NToib3JkZXIiO2k6NztzOjk6InBhcmVudF9pZCI7aTo4O3M6NjoidGFyZ2V0Ijt9czoxMzoiACoAY29ubmVjdGlvbiI7czo1OiJteXNxbCI7czo4OiIAKgB0YWJsZSI7czo3OiJtb2R1bGVzIjtzOjEzOiIAKgBwcmltYXJ5S2V5IjtzOjI6ImlkIjtzOjEwOiIAKgBrZXlUeXBlIjtzOjM6ImludCI7czoxMjoiaW5jcmVtZW50aW5nIjtiOjE7czo3OiIAKgB3aXRoIjthOjA6e31zOjEyOiIAKgB3aXRoQ291bnQiO2E6MDp7fXM6MTk6InByZXZlbnRzTGF6eUxvYWRpbmciO2I6MDtzOjEwOiIAKgBwZXJQYWdlIjtpOjE1O3M6NjoiZXhpc3RzIjtiOjE7czoxODoid2FzUmVjZW50bHlDcmVhdGVkIjtiOjA7czoyODoiACoAZXNjYXBlV2hlbkNhc3RpbmdUb1N0cmluZyI7YjowO3M6MTM6IgAqAGF0dHJpYnV0ZXMiO2E6MTI6e3M6MjoiaWQiO2k6NTtzOjc6Im1lbnVfaWQiO2k6MTtzOjQ6InR5cGUiO3M6MToiMiI7czoxMToibW9kdWxlX25hbWUiO3M6NDoiVXNlciI7czoxMzoiZGl2aWRlcl90aXRsZSI7TjtzOjEwOiJpY29uX2NsYXNzIjtzOjEyOiJmYXMgZmEtdXNlcnMiO3M6MzoidXJsIjtzOjQ6InVzZXIiO3M6NToib3JkZXIiO2k6OTtzOjk6InBhcmVudF9pZCI7TjtzOjY6InRhcmdldCI7czo1OiJfc2VsZiI7czoxMDoiY3JlYXRlZF9hdCI7czoxOToiMjAyMS0xMS0wNCAxNzowMDo0NSI7czoxMDoidXBkYXRlZF9hdCI7czoxOToiMjAyMi0wOC0xNiAxNzo1ODo1NiI7fXM6MTE6IgAqAG9yaWdpbmFsIjthOjEyOntzOjI6ImlkIjtpOjU7czo3OiJtZW51X2lkIjtpOjE7czo0OiJ0eXBlIjtzOjE6IjIiO3M6MTE6Im1vZHVsZV9uYW1lIjtzOjQ6IlVzZXIiO3M6MTM6ImRpdmlkZXJfdGl0bGUiO047czoxMDoiaWNvbl9jbGFzcyI7czoxMjoiZmFzIGZhLXVzZXJzIjtzOjM6InVybCI7czo0OiJ1c2VyIjtzOjU6Im9yZGVyIjtpOjk7czo5OiJwYXJlbnRfaWQiO047czo2OiJ0YXJnZXQiO3M6NToiX3NlbGYiO3M6MTA6ImNyZWF0ZWRfYXQiO3M6MTk6IjIwMjEtMTEtMDQgMTc6MDA6NDUiO3M6MTA6InVwZGF0ZWRfYXQiO3M6MTk6IjIwMjItMDgtMTYgMTc6NTg6NTYiO31zOjEwOiIAKgBjaGFuZ2VzIjthOjA6e31zOjg6IgAqAGNhc3RzIjthOjA6e31zOjE3OiIAKgBjbGFzc0Nhc3RDYWNoZSI7YTowOnt9czo4OiIAKgBkYXRlcyI7YTowOnt9czoxMzoiACoAZGF0ZUZvcm1hdCI7TjtzOjEwOiIAKgBhcHBlbmRzIjthOjA6e31zOjE5OiIAKgBkaXNwYXRjaGVzRXZlbnRzIjthOjA6e31zOjE0OiIAKgBvYnNlcnZhYmxlcyI7YTowOnt9czoxMjoiACoAcmVsYXRpb25zIjthOjE6e3M6ODoiY2hpbGRyZW4iO086MjY6IlR5cGlDTVNcTmVzdGFibGVDb2xsZWN0aW9uIjo4OntzOjg6IgAqAHRvdGFsIjtpOjA7czoxNToiACoAcGFyZW50Q29sdW1uIjtzOjk6InBhcmVudF9pZCI7czozMzoiACoAcmVtb3ZlSXRlbXNXaXRoTWlzc2luZ0FuY2VzdG9yIjtiOjE7czoxNDoiACoAaW5kZW50Q2hhcnMiO3M6ODoiwqDCoMKgwqAiO3M6MTU6IgAqAGNoaWxkcmVuTmFtZSI7czo1OiJpdGVtcyI7czoxNzoiACoAcGFyZW50UmVsYXRpb24iO3M6NjoicGFyZW50IjtzOjg6IgAqAGl0ZW1zIjthOjA6e31zOjI4OiIAKgBlc2NhcGVXaGVuQ2FzdGluZ1RvU3RyaW5nIjtiOjA7fX1zOjEwOiIAKgB0b3VjaGVzIjthOjA6e31zOjEwOiJ0aW1lc3RhbXBzIjtiOjE7czo5OiIAKgBoaWRkZW4iO2E6MDp7fXM6MTA6IgAqAHZpc2libGUiO2E6MDp7fXM6MTA6IgAqAGd1YXJkZWQiO2E6MTp7aTowO3M6MToiKiI7fX1pOjU7TzoxNzoiQXBwXE1vZGVsc1xNb2R1bGUiOjI5OntzOjExOiIAKgBmaWxsYWJsZSI7YTo5OntpOjA7czo3OiJtZW51X2lkIjtpOjE7czo0OiJ0eXBlIjtpOjI7czoxMToibW9kdWxlX25hbWUiO2k6MztzOjEzOiJkaXZpZGVyX3RpdGxlIjtpOjQ7czoxMDoiaWNvbl9jbGFzcyI7aTo1O3M6MzoidXJsIjtpOjY7czo1OiJvcmRlciI7aTo3O3M6OToicGFyZW50X2lkIjtpOjg7czo2OiJ0YXJnZXQiO31zOjEzOiIAKgBjb25uZWN0aW9uIjtzOjU6Im15c3FsIjtzOjg6IgAqAHRhYmxlIjtzOjc6Im1vZHVsZXMiO3M6MTM6IgAqAHByaW1hcnlLZXkiO3M6MjoiaWQiO3M6MTA6IgAqAGtleVR5cGUiO3M6MzoiaW50IjtzOjEyOiJpbmNyZW1lbnRpbmciO2I6MTtzOjc6IgAqAHdpdGgiO2E6MDp7fXM6MTI6IgAqAHdpdGhDb3VudCI7YTowOnt9czoxOToicHJldmVudHNMYXp5TG9hZGluZyI7YjowO3M6MTA6IgAqAHBlclBhZ2UiO2k6MTU7czo2OiJleGlzdHMiO2I6MTtzOjE4OiJ3YXNSZWNlbnRseUNyZWF0ZWQiO2I6MDtzOjI4OiIAKgBlc2NhcGVXaGVuQ2FzdGluZ1RvU3RyaW5nIjtiOjA7czoxMzoiACoAYXR0cmlidXRlcyI7YToxMjp7czoyOiJpZCI7aTo2O3M6NzoibWVudV9pZCI7aToxO3M6NDoidHlwZSI7czoxOiIxIjtzOjExOiJtb2R1bGVfbmFtZSI7TjtzOjEzOiJkaXZpZGVyX3RpdGxlIjtzOjY6IlN5c3RlbSI7czoxMDoiaWNvbl9jbGFzcyI7TjtzOjM6InVybCI7TjtzOjU6Im9yZGVyIjtpOjEwO3M6OToicGFyZW50X2lkIjtOO3M6NjoidGFyZ2V0IjtOO3M6MTA6ImNyZWF0ZWRfYXQiO3M6MTk6IjIwMjEtMTEtMDQgMTc6MDA6NDUiO3M6MTA6InVwZGF0ZWRfYXQiO3M6MTk6IjIwMjItMDgtMTYgMTc6NTg6NTYiO31zOjExOiIAKgBvcmlnaW5hbCI7YToxMjp7czoyOiJpZCI7aTo2O3M6NzoibWVudV9pZCI7aToxO3M6NDoidHlwZSI7czoxOiIxIjtzOjExOiJtb2R1bGVfbmFtZSI7TjtzOjEzOiJkaXZpZGVyX3RpdGxlIjtzOjY6IlN5c3RlbSI7czoxMDoiaWNvbl9jbGFzcyI7TjtzOjM6InVybCI7TjtzOjU6Im9yZGVyIjtpOjEwO3M6OToicGFyZW50X2lkIjtOO3M6NjoidGFyZ2V0IjtOO3M6MTA6ImNyZWF0ZWRfYXQiO3M6MTk6IjIwMjEtMTEtMDQgMTc6MDA6NDUiO3M6MTA6InVwZGF0ZWRfYXQiO3M6MTk6IjIwMjItMDgtMTYgMTc6NTg6NTYiO31zOjEwOiIAKgBjaGFuZ2VzIjthOjA6e31zOjg6IgAqAGNhc3RzIjthOjA6e31zOjE3OiIAKgBjbGFzc0Nhc3RDYWNoZSI7YTowOnt9czo4OiIAKgBkYXRlcyI7YTowOnt9czoxMzoiACoAZGF0ZUZvcm1hdCI7TjtzOjEwOiIAKgBhcHBlbmRzIjthOjA6e31zOjE5OiIAKgBkaXNwYXRjaGVzRXZlbnRzIjthOjA6e31zOjE0OiIAKgBvYnNlcnZhYmxlcyI7YTowOnt9czoxMjoiACoAcmVsYXRpb25zIjthOjE6e3M6ODoiY2hpbGRyZW4iO086MjY6IlR5cGlDTVNcTmVzdGFibGVDb2xsZWN0aW9uIjo4OntzOjg6IgAqAHRvdGFsIjtpOjA7czoxNToiACoAcGFyZW50Q29sdW1uIjtzOjk6InBhcmVudF9pZCI7czozMzoiACoAcmVtb3ZlSXRlbXNXaXRoTWlzc2luZ0FuY2VzdG9yIjtiOjE7czoxNDoiACoAaW5kZW50Q2hhcnMiO3M6ODoiwqDCoMKgwqAiO3M6MTU6IgAqAGNoaWxkcmVuTmFtZSI7czo1OiJpdGVtcyI7czoxNzoiACoAcGFyZW50UmVsYXRpb24iO3M6NjoicGFyZW50IjtzOjg6IgAqAGl0ZW1zIjthOjA6e31zOjI4OiIAKgBlc2NhcGVXaGVuQ2FzdGluZ1RvU3RyaW5nIjtiOjA7fX1zOjEwOiIAKgB0b3VjaGVzIjthOjA6e31zOjEwOiJ0aW1lc3RhbXBzIjtiOjE7czo5OiIAKgBoaWRkZW4iO2E6MDp7fXM6MTA6IgAqAHZpc2libGUiO2E6MDp7fXM6MTA6IgAqAGd1YXJkZWQiO2E6MTp7aTowO3M6MToiKiI7fX1pOjY7TzoxNzoiQXBwXE1vZGVsc1xNb2R1bGUiOjI5OntzOjExOiIAKgBmaWxsYWJsZSI7YTo5OntpOjA7czo3OiJtZW51X2lkIjtpOjE7czo0OiJ0eXBlIjtpOjI7czoxMToibW9kdWxlX25hbWUiO2k6MztzOjEzOiJkaXZpZGVyX3RpdGxlIjtpOjQ7czoxMDoiaWNvbl9jbGFzcyI7aTo1O3M6MzoidXJsIjtpOjY7czo1OiJvcmRlciI7aTo3O3M6OToicGFyZW50X2lkIjtpOjg7czo2OiJ0YXJnZXQiO31zOjEzOiIAKgBjb25uZWN0aW9uIjtzOjU6Im15c3FsIjtzOjg6IgAqAHRhYmxlIjtzOjc6Im1vZHVsZXMiO3M6MTM6IgAqAHByaW1hcnlLZXkiO3M6MjoiaWQiO3M6MTA6IgAqAGtleVR5cGUiO3M6MzoiaW50IjtzOjEyOiJpbmNyZW1lbnRpbmciO2I6MTtzOjc6IgAqAHdpdGgiO2E6MDp7fXM6MTI6IgAqAHdpdGhDb3VudCI7YTowOnt9czoxOToicHJldmVudHNMYXp5TG9hZGluZyI7YjowO3M6MTA6IgAqAHBlclBhZ2UiO2k6MTU7czo2OiJleGlzdHMiO2I6MTtzOjE4OiJ3YXNSZWNlbnRseUNyZWF0ZWQiO2I6MDtzOjI4OiIAKgBlc2NhcGVXaGVuQ2FzdGluZ1RvU3RyaW5nIjtiOjA7czoxMzoiACoAYXR0cmlidXRlcyI7YToxMjp7czoyOiJpZCI7aTo3O3M6NzoibWVudV9pZCI7aToxO3M6NDoidHlwZSI7czoxOiIyIjtzOjExOiJtb2R1bGVfbmFtZSI7czo3OiJTZXR0aW5nIjtzOjEzOiJkaXZpZGVyX3RpdGxlIjtOO3M6MTA6Imljb25fY2xhc3MiO3M6MTE6ImZhcyBmYS1jb2dzIjtzOjM6InVybCI7czo3OiJzZXR0aW5nIjtzOjU6Im9yZGVyIjtpOjExO3M6OToicGFyZW50X2lkIjtOO3M6NjoidGFyZ2V0IjtzOjU6Il9zZWxmIjtzOjEwOiJjcmVhdGVkX2F0IjtzOjE5OiIyMDIxLTExLTA0IDE3OjAwOjQ1IjtzOjEwOiJ1cGRhdGVkX2F0IjtzOjE5OiIyMDIyLTA4LTE2IDE3OjU4OjU2Ijt9czoxMToiACoAb3JpZ2luYWwiO2E6MTI6e3M6MjoiaWQiO2k6NztzOjc6Im1lbnVfaWQiO2k6MTtzOjQ6InR5cGUiO3M6MToiMiI7czoxMToibW9kdWxlX25hbWUiO3M6NzoiU2V0dGluZyI7czoxMzoiZGl2aWRlcl90aXRsZSI7TjtzOjEwOiJpY29uX2NsYXNzIjtzOjExOiJmYXMgZmEtY29ncyI7czozOiJ1cmwiO3M6Nzoic2V0dGluZyI7czo1OiJvcmRlciI7aToxMTtzOjk6InBhcmVudF9pZCI7TjtzOjY6InRhcmdldCI7czo1OiJfc2VsZiI7czoxMDoiY3JlYXRlZF9hdCI7czoxOToiMjAyMS0xMS0wNCAxNzowMDo0NSI7czoxMDoidXBkYXRlZF9hdCI7czoxOToiMjAyMi0wOC0xNiAxNzo1ODo1NiI7fXM6MTA6IgAqAGNoYW5nZXMiO2E6MDp7fXM6ODoiACoAY2FzdHMiO2E6MDp7fXM6MTc6IgAqAGNsYXNzQ2FzdENhY2hlIjthOjA6e31zOjg6IgAqAGRhdGVzIjthOjA6e31zOjEzOiIAKgBkYXRlRm9ybWF0IjtOO3M6MTA6IgAqAGFwcGVuZHMiO2E6MDp7fXM6MTk6IgAqAGRpc3BhdGNoZXNFdmVudHMiO2E6MDp7fXM6MTQ6IgAqAG9ic2VydmFibGVzIjthOjA6e31zOjEyOiIAKgByZWxhdGlvbnMiO2E6MTp7czo4OiJjaGlsZHJlbiI7TzoyNjoiVHlwaUNNU1xOZXN0YWJsZUNvbGxlY3Rpb24iOjg6e3M6ODoiACoAdG90YWwiO2k6MDtzOjE1OiIAKgBwYXJlbnRDb2x1bW4iO3M6OToicGFyZW50X2lkIjtzOjMzOiIAKgByZW1vdmVJdGVtc1dpdGhNaXNzaW5nQW5jZXN0b3IiO2I6MTtzOjE0OiIAKgBpbmRlbnRDaGFycyI7czo4OiLCoMKgwqDCoCI7czoxNToiACoAY2hpbGRyZW5OYW1lIjtzOjU6Iml0ZW1zIjtzOjE3OiIAKgBwYXJlbnRSZWxhdGlvbiI7czo2OiJwYXJlbnQiO3M6ODoiACoAaXRlbXMiO2E6MDp7fXM6Mjg6IgAqAGVzY2FwZVdoZW5DYXN0aW5nVG9TdHJpbmciO2I6MDt9fXM6MTA6IgAqAHRvdWNoZXMiO2E6MDp7fXM6MTA6InRpbWVzdGFtcHMiO2I6MTtzOjk6IgAqAGhpZGRlbiI7YTowOnt9czoxMDoiACoAdmlzaWJsZSI7YTowOnt9czoxMDoiACoAZ3VhcmRlZCI7YToxOntpOjA7czoxOiIqIjt9fWk6NztPOjE3OiJBcHBcTW9kZWxzXE1vZHVsZSI6Mjk6e3M6MTE6IgAqAGZpbGxhYmxlIjthOjk6e2k6MDtzOjc6Im1lbnVfaWQiO2k6MTtzOjQ6InR5cGUiO2k6MjtzOjExOiJtb2R1bGVfbmFtZSI7aTozO3M6MTM6ImRpdmlkZXJfdGl0bGUiO2k6NDtzOjEwOiJpY29uX2NsYXNzIjtpOjU7czozOiJ1cmwiO2k6NjtzOjU6Im9yZGVyIjtpOjc7czo5OiJwYXJlbnRfaWQiO2k6ODtzOjY6InRhcmdldCI7fXM6MTM6IgAqAGNvbm5lY3Rpb24iO3M6NToibXlzcWwiO3M6ODoiACoAdGFibGUiO3M6NzoibW9kdWxlcyI7czoxMzoiACoAcHJpbWFyeUtleSI7czoyOiJpZCI7czoxMDoiACoAa2V5VHlwZSI7czozOiJpbnQiO3M6MTI6ImluY3JlbWVudGluZyI7YjoxO3M6NzoiACoAd2l0aCI7YTowOnt9czoxMjoiACoAd2l0aENvdW50IjthOjA6e31zOjE5OiJwcmV2ZW50c0xhenlMb2FkaW5nIjtiOjA7czoxMDoiACoAcGVyUGFnZSI7aToxNTtzOjY6ImV4aXN0cyI7YjoxO3M6MTg6Indhc1JlY2VudGx5Q3JlYXRlZCI7YjowO3M6Mjg6IgAqAGVzY2FwZVdoZW5DYXN0aW5nVG9TdHJpbmciO2I6MDtzOjEzOiIAKgBhdHRyaWJ1dGVzIjthOjEyOntzOjI6ImlkIjtpOjEyO3M6NzoibWVudV9pZCI7aToxO3M6NDoidHlwZSI7czoxOiIyIjtzOjExOiJtb2R1bGVfbmFtZSI7czo0OiJNZW51IjtzOjEzOiJkaXZpZGVyX3RpdGxlIjtOO3M6MTA6Imljb25fY2xhc3MiO3M6MTQ6ImZhcyBmYS10aC1saXN0IjtzOjM6InVybCI7czo0OiJtZW51IjtzOjU6Im9yZGVyIjtpOjEyO3M6OToicGFyZW50X2lkIjtOO3M6NjoidGFyZ2V0IjtzOjU6Il9zZWxmIjtzOjEwOiJjcmVhdGVkX2F0IjtzOjE5OiIyMDIxLTExLTA0IDE3OjAwOjQ1IjtzOjEwOiJ1cGRhdGVkX2F0IjtzOjE5OiIyMDIyLTA4LTE2IDE3OjU4OjU2Ijt9czoxMToiACoAb3JpZ2luYWwiO2E6MTI6e3M6MjoiaWQiO2k6MTI7czo3OiJtZW51X2lkIjtpOjE7czo0OiJ0eXBlIjtzOjE6IjIiO3M6MTE6Im1vZHVsZV9uYW1lIjtzOjQ6Ik1lbnUiO3M6MTM6ImRpdmlkZXJfdGl0bGUiO047czoxMDoiaWNvbl9jbGFzcyI7czoxNDoiZmFzIGZhLXRoLWxpc3QiO3M6MzoidXJsIjtzOjQ6Im1lbnUiO3M6NToib3JkZXIiO2k6MTI7czo5OiJwYXJlbnRfaWQiO047czo2OiJ0YXJnZXQiO3M6NToiX3NlbGYiO3M6MTA6ImNyZWF0ZWRfYXQiO3M6MTk6IjIwMjEtMTEtMDQgMTc6MDA6NDUiO3M6MTA6InVwZGF0ZWRfYXQiO3M6MTk6IjIwMjItMDgtMTYgMTc6NTg6NTYiO31zOjEwOiIAKgBjaGFuZ2VzIjthOjA6e31zOjg6IgAqAGNhc3RzIjthOjA6e31zOjE3OiIAKgBjbGFzc0Nhc3RDYWNoZSI7YTowOnt9czo4OiIAKgBkYXRlcyI7YTowOnt9czoxMzoiACoAZGF0ZUZvcm1hdCI7TjtzOjEwOiIAKgBhcHBlbmRzIjthOjA6e31zOjE5OiIAKgBkaXNwYXRjaGVzRXZlbnRzIjthOjA6e31zOjE0OiIAKgBvYnNlcnZhYmxlcyI7YTowOnt9czoxMjoiACoAcmVsYXRpb25zIjthOjE6e3M6ODoiY2hpbGRyZW4iO086MjY6IlR5cGlDTVNcTmVzdGFibGVDb2xsZWN0aW9uIjo4OntzOjg6IgAqAHRvdGFsIjtpOjA7czoxNToiACoAcGFyZW50Q29sdW1uIjtzOjk6InBhcmVudF9pZCI7czozMzoiACoAcmVtb3ZlSXRlbXNXaXRoTWlzc2luZ0FuY2VzdG9yIjtiOjE7czoxNDoiACoAaW5kZW50Q2hhcnMiO3M6ODoiwqDCoMKgwqAiO3M6MTU6IgAqAGNoaWxkcmVuTmFtZSI7czo1OiJpdGVtcyI7czoxNzoiACoAcGFyZW50UmVsYXRpb24iO3M6NjoicGFyZW50IjtzOjg6IgAqAGl0ZW1zIjthOjA6e31zOjI4OiIAKgBlc2NhcGVXaGVuQ2FzdGluZ1RvU3RyaW5nIjtiOjA7fX1zOjEwOiIAKgB0b3VjaGVzIjthOjA6e31zOjEwOiJ0aW1lc3RhbXBzIjtiOjE7czo5OiIAKgBoaWRkZW4iO2E6MDp7fXM6MTA6IgAqAHZpc2libGUiO2E6MDp7fXM6MTA6IgAqAGd1YXJkZWQiO2E6MTp7aTowO3M6MToiKiI7fX1pOjg7TzoxNzoiQXBwXE1vZGVsc1xNb2R1bGUiOjI5OntzOjExOiIAKgBmaWxsYWJsZSI7YTo5OntpOjA7czo3OiJtZW51X2lkIjtpOjE7czo0OiJ0eXBlIjtpOjI7czoxMToibW9kdWxlX25hbWUiO2k6MztzOjEzOiJkaXZpZGVyX3RpdGxlIjtpOjQ7czoxMDoiaWNvbl9jbGFzcyI7aTo1O3M6MzoidXJsIjtpOjY7czo1OiJvcmRlciI7aTo3O3M6OToicGFyZW50X2lkIjtpOjg7czo2OiJ0YXJnZXQiO31zOjEzOiIAKgBjb25uZWN0aW9uIjtzOjU6Im15c3FsIjtzOjg6IgAqAHRhYmxlIjtzOjc6Im1vZHVsZXMiO3M6MTM6IgAqAHByaW1hcnlLZXkiO3M6MjoiaWQiO3M6MTA6IgAqAGtleVR5cGUiO3M6MzoiaW50IjtzOjEyOiJpbmNyZW1lbnRpbmciO2I6MTtzOjc6IgAqAHdpdGgiO2E6MDp7fXM6MTI6IgAqAHdpdGhDb3VudCI7YTowOnt9czoxOToicHJldmVudHNMYXp5TG9hZGluZyI7YjowO3M6MTA6IgAqAHBlclBhZ2UiO2k6MTU7czo2OiJleGlzdHMiO2I6MTtzOjE4OiJ3YXNSZWNlbnRseUNyZWF0ZWQiO2I6MDtzOjI4OiIAKgBlc2NhcGVXaGVuQ2FzdGluZ1RvU3RyaW5nIjtiOjA7czoxMzoiACoAYXR0cmlidXRlcyI7YToxMjp7czoyOiJpZCI7aToxMztzOjc6Im1lbnVfaWQiO2k6MTtzOjQ6InR5cGUiO3M6MToiMiI7czoxMToibW9kdWxlX25hbWUiO3M6MTA6IlBlcm1pc3Npb24iO3M6MTM6ImRpdmlkZXJfdGl0bGUiO047czoxMDoiaWNvbl9jbGFzcyI7czoxMjoiZmFzIGZhLXRhc2tzIjtzOjM6InVybCI7czoyMjoibWVudS9tb2R1bGUvcGVybWlzc2lvbiI7czo1OiJvcmRlciI7aToxMztzOjk6InBhcmVudF9pZCI7TjtzOjY6InRhcmdldCI7czo1OiJfc2VsZiI7czoxMDoiY3JlYXRlZF9hdCI7czoxOToiMjAyMS0xMS0wNCAxNzowMDo0NSI7czoxMDoidXBkYXRlZF9hdCI7czoxOToiMjAyMi0wOC0xNiAxNzo1ODo1NiI7fXM6MTE6IgAqAG9yaWdpbmFsIjthOjEyOntzOjI6ImlkIjtpOjEzO3M6NzoibWVudV9pZCI7aToxO3M6NDoidHlwZSI7czoxOiIyIjtzOjExOiJtb2R1bGVfbmFtZSI7czoxMDoiUGVybWlzc2lvbiI7czoxMzoiZGl2aWRlcl90aXRsZSI7TjtzOjEwOiJpY29uX2NsYXNzIjtzOjEyOiJmYXMgZmEtdGFza3MiO3M6MzoidXJsIjtzOjIyOiJtZW51L21vZHVsZS9wZXJtaXNzaW9uIjtzOjU6Im9yZGVyIjtpOjEzO3M6OToicGFyZW50X2lkIjtOO3M6NjoidGFyZ2V0IjtzOjU6Il9zZWxmIjtzOjEwOiJjcmVhdGVkX2F0IjtzOjE5OiIyMDIxLTExLTA0IDE3OjAwOjQ1IjtzOjEwOiJ1cGRhdGVkX2F0IjtzOjE5OiIyMDIyLTA4LTE2IDE3OjU4OjU2Ijt9czoxMDoiACoAY2hhbmdlcyI7YTowOnt9czo4OiIAKgBjYXN0cyI7YTowOnt9czoxNzoiACoAY2xhc3NDYXN0Q2FjaGUiO2E6MDp7fXM6ODoiACoAZGF0ZXMiO2E6MDp7fXM6MTM6IgAqAGRhdGVGb3JtYXQiO047czoxMDoiACoAYXBwZW5kcyI7YTowOnt9czoxOToiACoAZGlzcGF0Y2hlc0V2ZW50cyI7YTowOnt9czoxNDoiACoAb2JzZXJ2YWJsZXMiO2E6MDp7fXM6MTI6IgAqAHJlbGF0aW9ucyI7YToxOntzOjg6ImNoaWxkcmVuIjtPOjI2OiJUeXBpQ01TXE5lc3RhYmxlQ29sbGVjdGlvbiI6ODp7czo4OiIAKgB0b3RhbCI7aTowO3M6MTU6IgAqAHBhcmVudENvbHVtbiI7czo5OiJwYXJlbnRfaWQiO3M6MzM6IgAqAHJlbW92ZUl0ZW1zV2l0aE1pc3NpbmdBbmNlc3RvciI7YjoxO3M6MTQ6IgAqAGluZGVudENoYXJzIjtzOjg6IsKgwqDCoMKgIjtzOjE1OiIAKgBjaGlsZHJlbk5hbWUiO3M6NToiaXRlbXMiO3M6MTc6IgAqAHBhcmVudFJlbGF0aW9uIjtzOjY6InBhcmVudCI7czo4OiIAKgBpdGVtcyI7YTowOnt9czoyODoiACoAZXNjYXBlV2hlbkNhc3RpbmdUb1N0cmluZyI7YjowO319czoxMDoiACoAdG91Y2hlcyI7YTowOnt9czoxMDoidGltZXN0YW1wcyI7YjoxO3M6OToiACoAaGlkZGVuIjthOjA6e31zOjEwOiIAKgB2aXNpYmxlIjthOjA6e31zOjEwOiIAKgBndWFyZGVkIjthOjE6e2k6MDtzOjE6IioiO319fXM6Mjg6IgAqAGVzY2FwZVdoZW5DYXN0aW5nVG9TdHJpbmciO2I6MDt9fQ==', 1660651167);

-- --------------------------------------------------------

--
-- Table structure for table `settings`
--

CREATE TABLE `settings` (
  `id` bigint(20) UNSIGNED NOT NULL,
  `name` varchar(255) COLLATE utf8mb4_unicode_ci NOT NULL,
  `value` varchar(255) COLLATE utf8mb4_unicode_ci DEFAULT NULL,
  `created_at` timestamp NULL DEFAULT NULL,
  `updated_at` timestamp NULL DEFAULT NULL
) ENGINE=InnoDB DEFAULT CHARSET=utf8mb4 COLLATE=utf8mb4_unicode_ci;

-- --------------------------------------------------------

--
-- Table structure for table `users`
--

CREATE TABLE `users` (
  `id` bigint(20) UNSIGNED NOT NULL,
  `role_id` bigint(20) UNSIGNED NOT NULL,
  `name` varchar(50) COLLATE utf8mb4_unicode_ci NOT NULL,
  `username` varchar(30) COLLATE utf8mb4_unicode_ci NOT NULL,
  `email` varchar(255) COLLATE utf8mb4_unicode_ci DEFAULT NULL,
  `phone` varchar(15) COLLATE utf8mb4_unicode_ci NOT NULL,
  `avatar` varchar(255) COLLATE utf8mb4_unicode_ci DEFAULT NULL,
  `gender` enum('1','2','3') COLLATE utf8mb4_unicode_ci NOT NULL COMMENT '1=Male,2=Female,3=Other',
  `password` varchar(255) COLLATE utf8mb4_unicode_ci NOT NULL,
  `status` enum('1','2') COLLATE utf8mb4_unicode_ci NOT NULL DEFAULT '1' COMMENT '1=Active, 2=Inactive',
  `deletable` enum('1','2') COLLATE utf8mb4_unicode_ci NOT NULL DEFAULT '2' COMMENT '1=No, 2=Yes',
  `created_by` varchar(255) COLLATE utf8mb4_unicode_ci DEFAULT NULL,
  `modified_by` varchar(255) COLLATE utf8mb4_unicode_ci DEFAULT NULL,
  `remember_token` varchar(100) COLLATE utf8mb4_unicode_ci DEFAULT NULL,
  `created_at` timestamp NULL DEFAULT NULL,
  `updated_at` timestamp NULL DEFAULT NULL
) ENGINE=InnoDB DEFAULT CHARSET=utf8mb4 COLLATE=utf8mb4_unicode_ci;

--
-- Dumping data for table `users`
--

INSERT INTO `users` (`id`, `role_id`, `name`, `username`, `email`, `phone`, `avatar`, `gender`, `password`, `status`, `deletable`, `created_by`, `modified_by`, `remember_token`, `created_at`, `updated_at`) VALUES
(1, 1, 'Super Admin', 'SuperAdmin', 'superadmin@mail.com', '01521225987', NULL, '1', '$2y$10$Ydhc8.2tOSyfbIZi9vsc0eIUIkLZ4NQ6Bx7quRxXT7YLaKdQvd61O', '1', '1', 'Mohammad Arman', NULL, NULL, '2021-11-04 11:00:45', NULL),
(2, 2, 'Admin', 'Admin', 'admin@mail.com', '017', NULL, '1', '$2y$10$wSWVuF/uFRztVKhQVB3s.OGnlZD7jwHkCUBzsA.ctQIirV6bex9WW', '1', '1', 'Mohammad Arman', NULL, NULL, '2021-11-04 11:00:45', NULL);

-- --------------------------------------------------------

--
-- Table structure for table `warehouses`
--

CREATE TABLE `warehouses` (
  `id` bigint(20) UNSIGNED NOT NULL,
  `name` varchar(255) COLLATE utf8mb4_unicode_ci NOT NULL,
  `phone` varchar(255) COLLATE utf8mb4_unicode_ci DEFAULT NULL,
  `email` varchar(255) COLLATE utf8mb4_unicode_ci DEFAULT NULL,
  `address` text COLLATE utf8mb4_unicode_ci,
  `district_id` bigint(20) UNSIGNED NOT NULL,
  `asm_id` bigint(20) UNSIGNED NOT NULL,
  `status` enum('1','2') COLLATE utf8mb4_unicode_ci NOT NULL DEFAULT '1' COMMENT '1=Active, 2=Inactive',
  `deletable` enum('1','2') COLLATE utf8mb4_unicode_ci NOT NULL DEFAULT '2' COMMENT '1=No, 2=Yes',
  `created_by` varchar(255) COLLATE utf8mb4_unicode_ci DEFAULT NULL,
  `modified_by` varchar(255) COLLATE utf8mb4_unicode_ci DEFAULT NULL,
  `created_at` timestamp NULL DEFAULT NULL,
  `updated_at` timestamp NULL DEFAULT NULL
) ENGINE=InnoDB DEFAULT CHARSET=utf8mb4 COLLATE=utf8mb4_unicode_ci;

--
-- Indexes for dumped tables
--

--
-- Indexes for table `cache`
--
ALTER TABLE `cache`
  ADD UNIQUE KEY `cache_key_unique` (`key`);

--
-- Indexes for table `failed_jobs`
--
ALTER TABLE `failed_jobs`
  ADD PRIMARY KEY (`id`),
  ADD UNIQUE KEY `failed_jobs_uuid_unique` (`uuid`);

--
-- Indexes for table `menus`
--
ALTER TABLE `menus`
  ADD PRIMARY KEY (`id`),
  ADD UNIQUE KEY `menus_menu_name_unique` (`menu_name`);

--
-- Indexes for table `migrations`
--
ALTER TABLE `migrations`
  ADD PRIMARY KEY (`id`);

--
-- Indexes for table `modules`
--
ALTER TABLE `modules`
  ADD PRIMARY KEY (`id`),
  ADD KEY `modules_menu_id_foreign` (`menu_id`);

--
-- Indexes for table `module_role`
--
ALTER TABLE `module_role`
  ADD PRIMARY KEY (`id`),
  ADD KEY `module_role_module_id_foreign` (`module_id`),
  ADD KEY `module_role_role_id_foreign` (`role_id`);

--
-- Indexes for table `notifications`
--
ALTER TABLE `notifications`
  ADD PRIMARY KEY (`id`),
  ADD KEY `notifications_notifiable_type_notifiable_id_index` (`notifiable_type`,`notifiable_id`);

--
-- Indexes for table `password_resets`
--
ALTER TABLE `password_resets`
  ADD KEY `password_resets_email_index` (`email`);

--
-- Indexes for table `permissions`
--
ALTER TABLE `permissions`
  ADD PRIMARY KEY (`id`),
  ADD UNIQUE KEY `permissions_slug_unique` (`slug`),
  ADD KEY `permissions_module_id_foreign` (`module_id`);

--
-- Indexes for table `permission_role`
--
ALTER TABLE `permission_role`
  ADD PRIMARY KEY (`id`),
  ADD KEY `permission_role_permission_id_foreign` (`permission_id`),
  ADD KEY `permission_role_role_id_foreign` (`role_id`);

--
-- Indexes for table `roles`
--
ALTER TABLE `roles`
  ADD PRIMARY KEY (`id`),
  ADD UNIQUE KEY `roles_role_name_unique` (`role_name`);

--
-- Indexes for table `sessions`
--
ALTER TABLE `sessions`
  ADD PRIMARY KEY (`id`),
  ADD KEY `sessions_user_id_index` (`user_id`),
  ADD KEY `sessions_last_activity_index` (`last_activity`);

--
-- Indexes for table `settings`
--
ALTER TABLE `settings`
  ADD PRIMARY KEY (`id`),
  ADD UNIQUE KEY `settings_name_unique` (`name`);

--
-- Indexes for table `users`
--
ALTER TABLE `users`
  ADD PRIMARY KEY (`id`),
  ADD UNIQUE KEY `users_username_unique` (`username`),
  ADD UNIQUE KEY `users_phone_unique` (`phone`),
  ADD KEY `users_role_id_foreign` (`role_id`);

--
-- Indexes for table `warehouses`
--
ALTER TABLE `warehouses`
  ADD PRIMARY KEY (`id`);

--
-- AUTO_INCREMENT for dumped tables
--

--
-- AUTO_INCREMENT for table `failed_jobs`
--
ALTER TABLE `failed_jobs`
  MODIFY `id` bigint(20) UNSIGNED NOT NULL AUTO_INCREMENT;

--
-- AUTO_INCREMENT for table `menus`
--
ALTER TABLE `menus`
  MODIFY `id` bigint(20) UNSIGNED NOT NULL AUTO_INCREMENT, AUTO_INCREMENT=2;

--
-- AUTO_INCREMENT for table `migrations`
--
ALTER TABLE `migrations`
  MODIFY `id` int(10) UNSIGNED NOT NULL AUTO_INCREMENT, AUTO_INCREMENT=26;

--
-- AUTO_INCREMENT for table `modules`
--
ALTER TABLE `modules`
  MODIFY `id` bigint(20) UNSIGNED NOT NULL AUTO_INCREMENT, AUTO_INCREMENT=54;

--
-- AUTO_INCREMENT for table `module_role`
--
ALTER TABLE `module_role`
  MODIFY `id` bigint(20) UNSIGNED NOT NULL AUTO_INCREMENT;

--
-- AUTO_INCREMENT for table `permissions`
--
ALTER TABLE `permissions`
  MODIFY `id` bigint(20) UNSIGNED NOT NULL AUTO_INCREMENT, AUTO_INCREMENT=112;

--
-- AUTO_INCREMENT for table `permission_role`
--
ALTER TABLE `permission_role`
  MODIFY `id` bigint(20) UNSIGNED NOT NULL AUTO_INCREMENT;

--
-- AUTO_INCREMENT for table `roles`
--
ALTER TABLE `roles`
  MODIFY `id` bigint(20) UNSIGNED NOT NULL AUTO_INCREMENT, AUTO_INCREMENT=3;

--
-- AUTO_INCREMENT for table `settings`
--
ALTER TABLE `settings`
  MODIFY `id` bigint(20) UNSIGNED NOT NULL AUTO_INCREMENT;

--
-- AUTO_INCREMENT for table `users`
--
ALTER TABLE `users`
  MODIFY `id` bigint(20) UNSIGNED NOT NULL AUTO_INCREMENT, AUTO_INCREMENT=3;

--
-- AUTO_INCREMENT for table `warehouses`
--
ALTER TABLE `warehouses`
  MODIFY `id` bigint(20) UNSIGNED NOT NULL AUTO_INCREMENT;

--
-- Constraints for dumped tables
--

--
-- Constraints for table `modules`
--
ALTER TABLE `modules`
  ADD CONSTRAINT `modules_menu_id_foreign` FOREIGN KEY (`menu_id`) REFERENCES `menus` (`id`);

--
-- Constraints for table `module_role`
--
ALTER TABLE `module_role`
  ADD CONSTRAINT `module_role_module_id_foreign` FOREIGN KEY (`module_id`) REFERENCES `modules` (`id`),
  ADD CONSTRAINT `module_role_role_id_foreign` FOREIGN KEY (`role_id`) REFERENCES `roles` (`id`);

--
-- Constraints for table `permissions`
--
ALTER TABLE `permissions`
  ADD CONSTRAINT `permissions_module_id_foreign` FOREIGN KEY (`module_id`) REFERENCES `modules` (`id`);

--
-- Constraints for table `permission_role`
--
ALTER TABLE `permission_role`
  ADD CONSTRAINT `permission_role_permission_id_foreign` FOREIGN KEY (`permission_id`) REFERENCES `permissions` (`id`),
  ADD CONSTRAINT `permission_role_role_id_foreign` FOREIGN KEY (`role_id`) REFERENCES `roles` (`id`);

--
-- Constraints for table `users`
--
ALTER TABLE `users`
  ADD CONSTRAINT `users_role_id_foreign` FOREIGN KEY (`role_id`) REFERENCES `roles` (`id`);
COMMIT;

/*!40101 SET CHARACTER_SET_CLIENT=@OLD_CHARACTER_SET_CLIENT */;
/*!40101 SET CHARACTER_SET_RESULTS=@OLD_CHARACTER_SET_RESULTS */;
/*!40101 SET COLLATION_CONNECTION=@OLD_COLLATION_CONNECTION */;
