-- phpMyAdmin SQL Dump
-- version 5.0.4
-- https://www.phpmyadmin.net/
--
-- Host: localhost:3306
-- Generation Time: Nov 04, 2021 at 12:07 PM
-- Server version: 5.7.24
-- PHP Version: 8.0.9

SET SQL_MODE = "NO_AUTO_VALUE_ON_ZERO";
START TRANSACTION;
SET time_zone = "+00:00";


/*!40101 SET @OLD_CHARACTER_SET_CLIENT=@@CHARACTER_SET_CLIENT */;
/*!40101 SET @OLD_CHARACTER_SET_RESULTS=@@CHARACTER_SET_RESULTS */;
/*!40101 SET @OLD_COLLATION_CONNECTION=@@COLLATION_CONNECTION */;
/*!40101 SET NAMES utf8mb4 */;

--
-- Database: `alvi`
--

-- --------------------------------------------------------

--
-- Table structure for table `cache`
--

CREATE TABLE `cache` (
  `key` varchar(255) COLLATE utf8mb4_unicode_ci NOT NULL,
  `value` mediumtext COLLATE utf8mb4_unicode_ci NOT NULL,
  `expiration` int(11) NOT NULL
) ENGINE=InnoDB DEFAULT CHARSET=utf8mb4 COLLATE=utf8mb4_unicode_ci;

-- --------------------------------------------------------

--
-- Table structure for table `failed_jobs`
--

CREATE TABLE `failed_jobs` (
  `id` bigint(20) UNSIGNED NOT NULL,
  `uuid` varchar(255) COLLATE utf8mb4_unicode_ci NOT NULL,
  `connection` text COLLATE utf8mb4_unicode_ci NOT NULL,
  `queue` text COLLATE utf8mb4_unicode_ci NOT NULL,
  `payload` longtext COLLATE utf8mb4_unicode_ci NOT NULL,
  `exception` longtext COLLATE utf8mb4_unicode_ci NOT NULL,
  `failed_at` timestamp NOT NULL DEFAULT CURRENT_TIMESTAMP
) ENGINE=InnoDB DEFAULT CHARSET=utf8mb4 COLLATE=utf8mb4_unicode_ci;

-- --------------------------------------------------------

--
-- Table structure for table `menus`
--

CREATE TABLE `menus` (
  `id` bigint(20) UNSIGNED NOT NULL,
  `menu_name` varchar(100) COLLATE utf8mb4_unicode_ci NOT NULL,
  `deletable` enum('1','2') COLLATE utf8mb4_unicode_ci NOT NULL DEFAULT '2' COMMENT '1=No, 2=Yes',
  `created_at` timestamp NULL DEFAULT NULL,
  `updated_at` timestamp NULL DEFAULT NULL
) ENGINE=InnoDB DEFAULT CHARSET=utf8mb4 COLLATE=utf8mb4_unicode_ci;

--
-- Dumping data for table `menus`
--

INSERT INTO `menus` (`id`, `menu_name`, `deletable`, `created_at`, `updated_at`) VALUES
(1, 'Sidebar Menu', '1', '2021-11-04 11:00:45', '2021-11-04 11:00:45');

-- --------------------------------------------------------

--
-- Table structure for table `migrations`
--

CREATE TABLE `migrations` (
  `id` int(10) UNSIGNED NOT NULL,
  `migration` varchar(255) COLLATE utf8mb4_unicode_ci NOT NULL,
  `batch` int(11) NOT NULL
) ENGINE=InnoDB DEFAULT CHARSET=utf8mb4 COLLATE=utf8mb4_unicode_ci;

--
-- Dumping data for table `migrations`
--

INSERT INTO `migrations` (`id`, `migration`, `batch`) VALUES
(13, '2014_10_12_100000_create_password_resets_table', 1),
(14, '2019_08_19_000000_create_failed_jobs_table', 1),
(15, '2020_11_09_121424_create_roles_table', 1),
(16, '2020_11_09_121426_create_users_table', 1),
(17, '2020_11_09_121433_create_menus_table', 1),
(18, '2020_11_09_121444_create_modules_table', 1),
(19, '2020_11_09_121457_create_permissions_table', 1),
(20, '2020_11_09_121707_class_module_role_table', 1),
(21, '2020_11_09_121724_class_permission_role_table', 1),
(22, '2020_11_09_121842_create_settings_table', 1),
(23, '2020_11_11_114846_create_sessions_table', 1),
(24, '2020_11_11_115012_create_cache_table', 1),
(25, '2021_10_12_170301_create_notifications_table', 1);

-- --------------------------------------------------------

--
-- Table structure for table `modules`
--

CREATE TABLE `modules` (
  `id` bigint(20) UNSIGNED NOT NULL,
  `menu_id` bigint(20) UNSIGNED NOT NULL,
  `type` enum('1','2') COLLATE utf8mb4_unicode_ci NOT NULL COMMENT '1=divider,2=module',
  `module_name` varchar(255) COLLATE utf8mb4_unicode_ci DEFAULT NULL,
  `divider_title` varchar(255) COLLATE utf8mb4_unicode_ci DEFAULT NULL,
  `icon_class` varchar(255) COLLATE utf8mb4_unicode_ci DEFAULT NULL,
  `url` varchar(255) COLLATE utf8mb4_unicode_ci DEFAULT NULL,
  `order` int(11) DEFAULT NULL,
  `parent_id` int(10) UNSIGNED DEFAULT NULL,
  `target` enum('_self','_blank') COLLATE utf8mb4_unicode_ci DEFAULT NULL,
  `created_at` timestamp NULL DEFAULT NULL,
  `updated_at` timestamp NULL DEFAULT NULL
) ENGINE=InnoDB DEFAULT CHARSET=utf8mb4 COLLATE=utf8mb4_unicode_ci;

--
-- Dumping data for table `modules`
--

INSERT INTO `modules` (`id`, `menu_id`, `type`, `module_name`, `divider_title`, `icon_class`, `url`, `order`, `parent_id`, `target`, `created_at`, `updated_at`) VALUES
(1, 1, '2', 'Dashboard', NULL, 'fas fa-tachometer-alt', '/', 1, NULL, '_self', '2021-11-04 11:00:45', '2021-11-04 11:51:02'),
(2, 1, '1', NULL, 'Menus', NULL, NULL, 2, NULL, NULL, '2021-11-04 11:00:45', '2021-11-04 11:51:02'),
(3, 1, '1', NULL, 'Access Control', NULL, NULL, 12, NULL, NULL, '2021-11-04 11:00:45', '2021-11-04 11:50:44'),
(4, 1, '2', 'Role', NULL, 'fas fa-user-tag', 'role', 13, NULL, '_self', '2021-11-04 11:00:45', '2021-11-04 11:50:44'),
(5, 1, '2', 'User', NULL, 'fas fa-users', 'user', 14, NULL, '_self', '2021-11-04 11:00:45', '2021-11-04 11:50:44'),
(6, 1, '1', NULL, 'System', NULL, NULL, 15, NULL, NULL, '2021-11-04 11:00:45', '2021-11-04 11:50:44'),
(7, 1, '2', 'Setting', NULL, 'fas fa-cogs', 'setting', 16, NULL, '_self', '2021-11-04 11:00:45', '2021-11-04 11:51:41'),
(12, 1, '2', 'Menu', NULL, 'fas fa-th-list', 'menu', 17, NULL, '_self', '2021-11-04 11:00:45', '2021-11-04 11:50:44'),
(13, 1, '2', 'Permission', NULL, 'fas fa-tasks', 'menu/module/permission', 18, NULL, '_self', '2021-11-04 11:00:45', '2021-11-04 11:50:44'),
(14, 1, '2', 'Driver', NULL, 'fas fa-user', NULL, 6, NULL, NULL, '2021-11-04 11:13:58', '2021-11-04 11:51:02'),
(15, 1, '2', 'Manage Driver', NULL, NULL, 'driver', 1, 14, '_self', '2021-11-04 11:14:15', '2021-11-04 11:14:40'),
(16, 1, '2', 'Driver Ledger', NULL, NULL, 'driver/ledger', 2, 14, '_self', '2021-11-04 11:14:37', '2021-11-04 11:14:42'),
(17, 1, '2', 'Car', NULL, 'fas fa-car', NULL, 5, NULL, NULL, '2021-11-04 11:15:19', '2021-11-04 11:51:02'),
(18, 1, '2', 'Manage Car', NULL, NULL, 'car', 1, 17, '_self', '2021-11-04 11:15:32', '2021-11-04 11:15:52'),
(19, 1, '2', 'Car Ledger', NULL, NULL, 'car/ledger', 2, 17, '_self', '2021-11-04 11:15:50', '2021-11-04 11:15:53'),
(20, 1, '2', 'Booking', NULL, 'fas fa-file-invoice-dollar', NULL, 3, NULL, '_self', '2021-11-04 11:16:32', '2021-11-04 11:51:02'),
(21, 1, '2', 'Create Booking Invoice', NULL, NULL, 'booking-invoice/create', 1, 20, '_self', '2021-11-04 11:17:05', '2021-11-04 11:17:48'),
(22, 1, '2', 'Manage Booking Invoice', NULL, NULL, 'booking-invoice', 2, 20, '_self', '2021-11-04 11:17:33', '2021-11-04 11:17:49'),
(23, 1, '2', 'Pre Booking', NULL, 'fas fa-file-invoice', NULL, 4, NULL, NULL, '2021-11-04 11:18:12', '2021-11-04 11:51:02'),
(24, 1, '2', 'Create Pre Booking Invoice', NULL, NULL, 'pre-booking-invoice', 1, 23, '_self', '2021-11-04 11:18:40', '2021-11-04 11:19:13'),
(25, 1, '2', 'Manage Pre Booking Invoice', NULL, NULL, 'pre-booking-invoice', 2, 23, '_self', '2021-11-04 11:19:10', '2021-11-04 11:56:41'),
(26, 1, '2', 'Expense', NULL, 'fas fa-money-check-alt', NULL, 8, NULL, NULL, '2021-11-04 11:23:12', '2021-11-04 11:51:02'),
(27, 1, '2', 'Manage Expense Item', NULL, NULL, 'expense-item', 1, 26, '_self', '2021-11-04 11:23:40', '2021-11-04 11:24:29'),
(28, 1, '2', 'Manage Expense', NULL, NULL, 'expense', 2, 26, '_self', '2021-11-04 11:24:02', '2021-11-04 11:24:31'),
(29, 1, '2', 'Expense Statement', NULL, NULL, 'expense-statement', 3, 26, '_self', '2021-11-04 11:24:27', '2021-11-04 11:24:33'),
(30, 1, '2', 'Accounts', NULL, 'far fa-money-bill-alt', NULL, 7, NULL, NULL, '2021-11-04 11:25:13', '2021-11-04 11:51:02'),
(31, 1, '2', 'Chart of Account', NULL, NULL, 'coa', 1, 30, '_self', '2021-11-04 11:35:53', '2021-11-04 11:39:45'),
(32, 1, '2', 'Opening Balance', NULL, NULL, 'opening-balance', 2, 30, '_self', '2021-11-04 11:36:20', '2021-11-04 11:39:47'),
(33, 1, '2', 'Driver Payment', NULL, NULL, 'driver-payment', 3, 30, '_self', '2021-11-04 11:36:42', '2021-11-04 11:39:48'),
(34, 1, '2', 'Cash Adjustment', NULL, NULL, 'cash-adjustment/create', 4, 30, '_self', '2021-11-04 11:38:00', '2021-11-04 11:39:50'),
(35, 1, '2', 'Cash Adjustment List', NULL, NULL, 'cash-adjustment', 5, 30, '_self', '2021-11-04 11:39:13', '2021-11-04 11:39:53'),
(36, 1, '2', 'Report', NULL, NULL, NULL, 6, 30, NULL, '2021-11-04 11:39:42', '2021-11-04 11:39:57'),
(37, 1, '2', 'Cash Book', NULL, NULL, 'cash-book', 1, 36, '_self', '2021-11-04 11:40:30', '2021-11-04 11:42:00'),
(38, 1, '2', 'Bank Book', NULL, NULL, 'bank-book', 2, 36, '_self', '2021-11-04 11:41:32', '2021-11-04 11:42:00'),
(39, 1, '2', 'Mobile Bank Book', NULL, NULL, 'mobile-bank-book', 3, 36, '_self', '2021-11-04 11:41:48', '2021-11-04 11:42:00'),
(40, 1, '2', 'General Ledger', NULL, NULL, 'general-ledger', 4, 36, '_self', '2021-11-04 11:42:43', '2021-11-04 11:42:48'),
(41, 1, '2', 'Profit Loss', NULL, NULL, 'profit-loss', 5, 36, '_self', '2021-11-04 11:43:12', '2021-11-04 11:43:18'),
(42, 1, '2', 'Balance Sheet', NULL, NULL, 'balance-sheet', 6, 36, '_self', '2021-11-04 11:43:38', '2021-11-04 11:43:41'),
(43, 1, '2', 'Bank', NULL, 'fas fa-university', NULL, 9, NULL, NULL, '2021-11-04 11:44:50', '2021-11-04 11:51:02'),
(44, 1, '2', 'Manage Bank', NULL, NULL, 'bank', 1, 43, '_self', '2021-11-04 11:45:28', '2021-11-04 11:46:14'),
(45, 1, '2', 'Bank Ttransaction', NULL, NULL, 'bank-transaction', 2, 43, '_self', '2021-11-04 11:45:54', '2021-11-04 11:46:16'),
(46, 1, '2', 'Bank Ledger', NULL, NULL, 'bank-ledger', 3, 43, '_self', '2021-11-04 11:46:12', '2021-11-04 11:46:19'),
(47, 1, '2', 'Mobile Bank', NULL, 'fas fa-mobile-alt', NULL, 10, NULL, NULL, '2021-11-04 11:46:51', '2021-11-04 11:51:02'),
(48, 1, '2', 'Manage Mobile Bank', NULL, NULL, 'mobile-bank', 1, 47, '_self', '2021-11-04 11:47:44', '2021-11-04 11:48:40'),
(49, 1, '2', 'Mobile Bank Transaction', NULL, NULL, 'mobile-bank-transaction', 2, 47, '_self', '2021-11-04 11:48:11', '2021-11-04 11:48:42'),
(50, 1, '2', 'Mobile Bank Ledger', NULL, NULL, 'mobile-bank-ledger', 3, 47, '_self', '2021-11-04 11:48:39', '2021-11-04 11:48:44'),
(51, 1, '2', 'Report', NULL, 'fas fa-file-signature', NULL, 11, NULL, NULL, '2021-11-04 11:49:44', '2021-11-04 11:51:02'),
(52, 1, '2', 'Closing', NULL, NULL, 'closing', 1, 51, '_self', '2021-11-04 11:50:24', '2021-11-04 11:50:43'),
(53, 1, '2', 'Closing Report', NULL, NULL, 'closing-report', 2, 51, '_self', '2021-11-04 11:50:42', '2021-11-04 11:50:44');

-- --------------------------------------------------------

--
-- Table structure for table `module_role`
--

CREATE TABLE `module_role` (
  `id` bigint(20) UNSIGNED NOT NULL,
  `module_id` bigint(20) UNSIGNED NOT NULL,
  `role_id` bigint(20) UNSIGNED NOT NULL,
  `created_at` timestamp NULL DEFAULT NULL,
  `updated_at` timestamp NULL DEFAULT NULL
) ENGINE=InnoDB DEFAULT CHARSET=utf8mb4 COLLATE=utf8mb4_unicode_ci;

-- --------------------------------------------------------

--
-- Table structure for table `notifications`
--

CREATE TABLE `notifications` (
  `id` char(36) COLLATE utf8mb4_unicode_ci NOT NULL,
  `type` varchar(255) COLLATE utf8mb4_unicode_ci NOT NULL,
  `notifiable_type` varchar(255) COLLATE utf8mb4_unicode_ci NOT NULL,
  `notifiable_id` bigint(20) UNSIGNED NOT NULL,
  `data` text COLLATE utf8mb4_unicode_ci NOT NULL,
  `read_at` timestamp NULL DEFAULT NULL,
  `created_at` timestamp NULL DEFAULT NULL,
  `updated_at` timestamp NULL DEFAULT NULL
) ENGINE=InnoDB DEFAULT CHARSET=utf8mb4 COLLATE=utf8mb4_unicode_ci;

-- --------------------------------------------------------

--
-- Table structure for table `password_resets`
--

CREATE TABLE `password_resets` (
  `email` varchar(255) COLLATE utf8mb4_unicode_ci NOT NULL,
  `token` varchar(255) COLLATE utf8mb4_unicode_ci NOT NULL,
  `created_at` timestamp NULL DEFAULT NULL
) ENGINE=InnoDB DEFAULT CHARSET=utf8mb4 COLLATE=utf8mb4_unicode_ci;

-- --------------------------------------------------------

--
-- Table structure for table `permissions`
--

CREATE TABLE `permissions` (
  `id` bigint(20) UNSIGNED NOT NULL,
  `module_id` bigint(20) UNSIGNED NOT NULL,
  `name` varchar(255) COLLATE utf8mb4_unicode_ci NOT NULL,
  `slug` varchar(255) COLLATE utf8mb4_unicode_ci NOT NULL,
  `created_at` timestamp NULL DEFAULT NULL,
  `updated_at` timestamp NULL DEFAULT NULL
) ENGINE=InnoDB DEFAULT CHARSET=utf8mb4 COLLATE=utf8mb4_unicode_ci;

--
-- Dumping data for table `permissions`
--

INSERT INTO `permissions` (`id`, `module_id`, `name`, `slug`, `created_at`, `updated_at`) VALUES
(1, 1, 'Dashboard Access', 'dashboard-access', '2021-11-04 11:00:45', NULL),
(2, 4, 'Role Access', 'role-access', '2021-11-04 11:00:45', NULL),
(3, 4, 'Role Add', 'role-add', '2021-11-04 11:00:45', NULL),
(4, 4, 'Role Edit', 'role-edit', '2021-11-04 11:00:45', NULL),
(5, 4, 'Role View', 'role-view', '2021-11-04 11:00:45', NULL),
(6, 4, 'Role Delete', 'role-delete', '2021-11-04 11:00:45', NULL),
(7, 4, 'Role Bulk Delete', 'role-bulk-delete', '2021-11-04 11:00:45', NULL),
(8, 5, 'User Access', 'user-access', '2021-11-04 11:00:45', NULL),
(9, 5, 'User Add', 'user-add', '2021-11-04 11:00:45', NULL),
(10, 5, 'User Edit', 'user-edit', '2021-11-04 11:00:45', NULL),
(11, 5, 'User View', 'user-view', '2021-11-04 11:00:45', NULL),
(12, 5, 'User Delete', 'user-delete', '2021-11-04 11:00:45', NULL),
(13, 5, 'User Bulk Delete', 'user-bulk-delete', '2021-11-04 11:00:45', NULL),
(30, 12, 'Menu Access', 'menu-access', '2021-11-04 11:00:45', NULL),
(31, 12, 'Menu Add', 'menu-add', '2021-11-04 11:00:45', NULL),
(32, 12, 'Menu Edit', 'menu-edit', '2021-11-04 11:00:45', NULL),
(33, 12, 'Menu Delete', 'menu-delete', '2021-11-04 11:00:45', NULL),
(34, 12, 'Menu Bulk Delete', 'menu-bulk-delete', '2021-11-04 11:00:45', NULL),
(35, 12, 'Menu Builder Access', 'menu-builder-access', '2021-11-04 11:00:45', NULL),
(36, 12, 'Menu Module Add', 'menu-module-add', '2021-11-04 11:00:45', NULL),
(37, 12, 'Menu Module Edit', 'menu-module-edit', '2021-11-04 11:00:45', NULL),
(38, 12, 'Menu Module Delete', 'menu-module-delete', '2021-11-04 11:00:45', NULL),
(39, 13, 'Permission Access', 'permission-access', '2021-11-04 11:00:45', NULL),
(40, 13, 'Permission Add', 'permission-add', '2021-11-04 11:00:45', NULL),
(41, 13, 'Permission Edit', 'permission-edit', '2021-11-04 11:00:45', NULL),
(42, 13, 'Permission Delete', 'permission-delete', '2021-11-04 11:00:45', NULL),
(43, 13, 'Permission Bulk Delete', 'permission-bulk-delete', '2021-11-04 11:00:45', NULL),
(44, 7, 'Setting Access', 'setting-access', '2021-11-04 11:52:30', NULL),
(45, 22, 'Booking Invoioce Access', 'booking-invoioce-access', '2021-11-04 11:56:10', NULL),
(46, 22, 'Booking Invoioce Add', 'booking-invoioce-add', '2021-11-04 11:56:10', NULL),
(47, 22, 'Booking Invoioce Edit', 'booking-invoioce-edit', '2021-11-04 11:56:10', NULL),
(48, 22, 'Booking Invoioce View', 'booking-invoioce-view', '2021-11-04 11:56:10', NULL),
(49, 22, 'Booking Invoioce Delete', 'booking-invoioce-delete', '2021-11-04 11:56:10', NULL),
(50, 22, 'Booking Invoioce Bulk Delete', 'booking-invoioce-bulk-delete', '2021-11-04 11:56:10', NULL),
(51, 25, 'Pre Booking Invoice Access', 'pre-booking-invoice-access', '2021-11-04 11:57:19', NULL),
(52, 25, 'Pre Booking Invoice Add', 'pre-booking-invoice-add', '2021-11-04 11:57:19', NULL),
(53, 25, 'Pre Booking Invoice Edit', 'pre-booking-invoice-edit', '2021-11-04 11:57:19', NULL),
(54, 25, 'Pre Booking Invoice View', 'pre-booking-invoice-view', '2021-11-04 11:57:19', NULL),
(55, 25, 'Pre Booking Invoice Delete', 'pre-booking-invoice-delete', '2021-11-04 11:57:19', NULL),
(56, 25, 'Pre Booking Invoice Bulk Delete', 'pre-booking-invoice-bulk-delete', '2021-11-04 11:57:19', NULL),
(57, 18, 'Car Access', 'car-access', '2021-11-04 11:57:50', NULL),
(58, 18, 'Car Add', 'car-add', '2021-11-04 11:57:50', NULL),
(59, 18, 'Car Edit', 'car-edit', '2021-11-04 11:57:50', NULL),
(60, 18, 'Car Delete', 'car-delete', '2021-11-04 11:57:50', NULL),
(61, 18, 'Car Bulk Delete', 'car-bulk-delete', '2021-11-04 11:57:50', NULL),
(62, 19, 'Car Ledger Access', 'car-ledger-access', '2021-11-04 11:58:01', NULL),
(63, 15, 'Driver Access', 'driver-access', '2021-11-04 11:58:37', NULL),
(64, 15, 'Driver Add', 'driver-add', '2021-11-04 11:58:37', NULL),
(65, 15, 'Driver Edit', 'driver-edit', '2021-11-04 11:58:37', NULL),
(66, 15, 'Driver View', 'driver-view', '2021-11-04 11:58:37', NULL),
(67, 15, 'Driver Delete', 'driver-delete', '2021-11-04 11:58:37', NULL),
(68, 15, 'Driver Bulk Delete', 'driver-bulk-delete', '2021-11-04 11:58:37', NULL),
(69, 31, 'COA Access', 'coa-access', '2021-11-04 11:59:25', NULL),
(70, 31, 'COA Add', 'coa-add', '2021-11-04 11:59:25', NULL),
(71, 31, 'COA Edit', 'coa-edit', '2021-11-04 11:59:25', NULL),
(72, 31, 'COA Delete', 'coa-delete', '2021-11-04 11:59:25', NULL),
(73, 32, 'Opening Balance Access', 'opening-balance-access', '2021-11-04 11:59:41', NULL),
(74, 33, 'Driver Payment Access', 'driver-payment-access', '2021-11-04 12:00:05', NULL),
(75, 35, 'Cash Adjustment Access', 'cash-adjustment-access', '2021-11-04 12:00:40', NULL),
(76, 35, 'Cash Adjustment Add', 'cash-adjustment-add', '2021-11-04 12:00:40', NULL),
(77, 35, 'Cash Adjustment Edit', 'cash-adjustment-edit', '2021-11-04 12:00:40', NULL),
(78, 35, 'Cash Adjustment Delete', 'cash-adjustment-delete', '2021-11-04 12:00:40', NULL),
(79, 37, 'Cash Book Access', 'cash-book-access', '2021-11-04 12:00:59', NULL),
(80, 38, 'Bank Book Access', 'bank-book-access', '2021-11-04 12:01:14', NULL),
(81, 39, 'Mobile Bank Book Access', 'mobile-bank-book-access', '2021-11-04 12:01:29', NULL),
(82, 40, 'General Ledger Access', 'general-ledger-access', '2021-11-04 12:01:43', NULL),
(83, 41, 'Profit Loss Access', 'profit-loss-access', '2021-11-04 12:01:59', NULL),
(84, 42, 'Balance Sheet Access', 'balance-sheet-access', '2021-11-04 12:02:16', NULL),
(85, 27, 'Expense Item Access', 'expense-item-access', '2021-11-04 12:03:09', NULL),
(86, 27, 'Expense Item Add', 'expense-item-add', '2021-11-04 12:03:09', NULL),
(87, 27, 'Expense Item Edit', 'expense-item-edit', '2021-11-04 12:03:09', NULL),
(88, 27, 'Expense Item Delete', 'expense-item-delete', '2021-11-04 12:03:09', NULL),
(89, 27, 'Expense Item Bulk Delete', 'expense-item-bulk-delete', '2021-11-04 12:03:09', NULL),
(90, 28, 'Expense Access', 'expense-access', '2021-11-04 12:03:47', NULL),
(91, 28, 'Expense Add', 'expense-add', '2021-11-04 12:03:47', NULL),
(92, 28, 'Expense Edit', 'expense-edit', '2021-11-04 12:03:47', NULL),
(93, 28, 'Expense Delete', 'expense-delete', '2021-11-04 12:03:47', NULL),
(94, 28, 'Expense Bulk Delete', 'expense-bulk-delete', '2021-11-04 12:03:47', NULL),
(95, 29, 'Expense Statement Access', 'expense-statement-access', '2021-11-04 12:04:17', NULL),
(96, 44, 'Bank Access', 'bank-access', '2021-11-04 12:05:07', NULL),
(97, 44, 'Bank Add', 'bank-add', '2021-11-04 12:05:07', NULL),
(98, 44, 'Bank Edit', 'bank-edit', '2021-11-04 12:05:07', NULL),
(99, 44, 'Bank Delete', 'bank-delete', '2021-11-04 12:05:07', NULL),
(100, 44, 'Bank Bulk Delete', 'bank-bulk-delete', '2021-11-04 12:05:07', NULL),
(101, 45, 'Bank Transaction Access', 'bank-transaction-access', '2021-11-04 12:05:24', NULL),
(102, 46, 'Bank Ledger Access', 'bank-ledger-access', '2021-11-04 12:05:38', NULL),
(103, 48, 'Mobile Bank Access', 'mobile-bank-access', '2021-11-04 12:06:12', NULL),
(104, 48, 'Mobile Bank Add', 'mobile-bank-add', '2021-11-04 12:06:12', NULL),
(105, 48, 'Mobile Bank Edit', 'mobile-bank-edit', '2021-11-04 12:06:12', NULL),
(106, 48, 'Mobile Bank Delete', 'mobile-bank-delete', '2021-11-04 12:06:12', NULL),
(107, 48, 'Mobile Bank Bulk Delete', 'mobile-bank-bulk-delete', '2021-11-04 12:06:12', NULL),
(108, 49, 'Mobile Bank Transaction Access', 'mobile-bank-transaction-access', '2021-11-04 12:06:27', NULL),
(109, 50, 'Mobile Bank Ledger Access', 'mobile-bank-ledger-access', '2021-11-04 12:06:40', NULL),
(110, 52, 'Closing Access', 'closing-access', '2021-11-04 12:07:04', NULL),
(111, 53, 'Closing Report Access', 'closing-report-access', '2021-11-04 12:07:18', NULL);

-- --------------------------------------------------------

--
-- Table structure for table `permission_role`
--

CREATE TABLE `permission_role` (
  `id` bigint(20) UNSIGNED NOT NULL,
  `permission_id` bigint(20) UNSIGNED NOT NULL,
  `role_id` bigint(20) UNSIGNED NOT NULL,
  `created_at` timestamp NULL DEFAULT NULL,
  `updated_at` timestamp NULL DEFAULT NULL
) ENGINE=InnoDB DEFAULT CHARSET=utf8mb4 COLLATE=utf8mb4_unicode_ci;

-- --------------------------------------------------------

--
-- Table structure for table `roles`
--

CREATE TABLE `roles` (
  `id` bigint(20) UNSIGNED NOT NULL,
  `role_name` varchar(255) COLLATE utf8mb4_unicode_ci NOT NULL,
  `deletable` enum('1','2') COLLATE utf8mb4_unicode_ci NOT NULL DEFAULT '2' COMMENT '1=No, 2=Yes',
  `created_by` varchar(255) COLLATE utf8mb4_unicode_ci DEFAULT NULL,
  `modified_by` varchar(255) COLLATE utf8mb4_unicode_ci DEFAULT NULL,
  `created_at` timestamp NULL DEFAULT NULL,
  `updated_at` timestamp NULL DEFAULT NULL
) ENGINE=InnoDB DEFAULT CHARSET=utf8mb4 COLLATE=utf8mb4_unicode_ci;

--
-- Dumping data for table `roles`
--

INSERT INTO `roles` (`id`, `role_name`, `deletable`, `created_by`, `modified_by`, `created_at`, `updated_at`) VALUES
(1, 'SuperAdmin', '1', 'Mohammad Arman', NULL, '2021-11-04 11:00:45', NULL),
(2, 'Admin', '1', 'Mohammad Arman', NULL, '2021-11-04 11:00:45', NULL);

-- --------------------------------------------------------

--
-- Table structure for table `sessions`
--

CREATE TABLE `sessions` (
  `id` varchar(255) COLLATE utf8mb4_unicode_ci NOT NULL,
  `user_id` bigint(20) UNSIGNED DEFAULT NULL,
  `ip_address` varchar(45) COLLATE utf8mb4_unicode_ci DEFAULT NULL,
  `user_agent` text COLLATE utf8mb4_unicode_ci,
  `payload` longtext COLLATE utf8mb4_unicode_ci NOT NULL,
  `last_activity` int(11) NOT NULL
) ENGINE=InnoDB DEFAULT CHARSET=utf8mb4 COLLATE=utf8mb4_unicode_ci;

--
-- Dumping data for table `sessions`
--

INSERT INTO `sessions` (`id`, `user_id`, `ip_address`, `user_agent`, `payload`, `last_activity`) VALUES
('g0OGqbVHG2RqYMrBKIqYMyFGr2alUh6tQi0e1Zuz', 1, '127.0.0.1', 'Mozilla/5.0 (Windows NT 10.0; Win64; x64; rv:95.0) Gecko/20100101 Firefox/95.0', 'YTo3OntzOjY6Il90b2tlbiI7czo0MDoieklUdExiNVJSYk53eWtFV2l5RTlpMVhhb3BtSXQ0MHdXR0g4WXQwTSI7czozOiJ1cmwiO2E6MDp7fXM6OToiX3ByZXZpb3VzIjthOjE6e3M6MzoidXJsIjtzOjM5OiJodHRwOi8vYWx2aS50ZXN0L21lbnUvbW9kdWxlL3Blcm1pc3Npb24iO31zOjY6Il9mbGFzaCI7YToyOntzOjM6Im9sZCI7YTowOnt9czozOiJuZXciO2E6MDp7fX1zOjUwOiJsb2dpbl93ZWJfNTliYTM2YWRkYzJiMmY5NDAxNTgwZjAxNGM3ZjU4ZWE0ZTMwOTg5ZCI7aToxO3M6OToidXNlcl9tZW51IjtPOjI2OiJUeXBpQ01TXE5lc3RhYmxlQ29sbGVjdGlvbiI6ODp7czo4OiIAKgB0b3RhbCI7aToxODtzOjE1OiIAKgBwYXJlbnRDb2x1bW4iO3M6OToicGFyZW50X2lkIjtzOjMzOiIAKgByZW1vdmVJdGVtc1dpdGhNaXNzaW5nQW5jZXN0b3IiO2I6MTtzOjE0OiIAKgBpbmRlbnRDaGFycyI7czo4OiLCoMKgwqDCoCI7czoxNToiACoAY2hpbGRyZW5OYW1lIjtzOjU6Iml0ZW1zIjtzOjE3OiIAKgBwYXJlbnRSZWxhdGlvbiI7czo2OiJwYXJlbnQiO3M6ODoiACoAaXRlbXMiO2E6MTg6e2k6MDtPOjE3OiJBcHBcTW9kZWxzXE1vZHVsZSI6Mjk6e3M6MTE6IgAqAGZpbGxhYmxlIjthOjk6e2k6MDtzOjc6Im1lbnVfaWQiO2k6MTtzOjQ6InR5cGUiO2k6MjtzOjExOiJtb2R1bGVfbmFtZSI7aTozO3M6MTM6ImRpdmlkZXJfdGl0bGUiO2k6NDtzOjEwOiJpY29uX2NsYXNzIjtpOjU7czozOiJ1cmwiO2k6NjtzOjU6Im9yZGVyIjtpOjc7czo5OiJwYXJlbnRfaWQiO2k6ODtzOjY6InRhcmdldCI7fXM6MTM6IgAqAGNvbm5lY3Rpb24iO3M6NToibXlzcWwiO3M6ODoiACoAdGFibGUiO3M6NzoibW9kdWxlcyI7czoxMzoiACoAcHJpbWFyeUtleSI7czoyOiJpZCI7czoxMDoiACoAa2V5VHlwZSI7czozOiJpbnQiO3M6MTI6ImluY3JlbWVudGluZyI7YjoxO3M6NzoiACoAd2l0aCI7YTowOnt9czoxMjoiACoAd2l0aENvdW50IjthOjA6e31zOjE5OiJwcmV2ZW50c0xhenlMb2FkaW5nIjtiOjA7czoxMDoiACoAcGVyUGFnZSI7aToxNTtzOjY6ImV4aXN0cyI7YjoxO3M6MTg6Indhc1JlY2VudGx5Q3JlYXRlZCI7YjowO3M6Mjg6IgAqAGVzY2FwZVdoZW5DYXN0aW5nVG9TdHJpbmciO2I6MDtzOjEzOiIAKgBhdHRyaWJ1dGVzIjthOjEyOntzOjI6ImlkIjtpOjE7czo3OiJtZW51X2lkIjtpOjE7czo0OiJ0eXBlIjtzOjE6IjIiO3M6MTE6Im1vZHVsZV9uYW1lIjtzOjk6IkRhc2hib2FyZCI7czoxMzoiZGl2aWRlcl90aXRsZSI7TjtzOjEwOiJpY29uX2NsYXNzIjtzOjIxOiJmYXMgZmEtdGFjaG9tZXRlci1hbHQiO3M6MzoidXJsIjtzOjE6Ii8iO3M6NToib3JkZXIiO2k6MTtzOjk6InBhcmVudF9pZCI7TjtzOjY6InRhcmdldCI7czo1OiJfc2VsZiI7czoxMDoiY3JlYXRlZF9hdCI7czoxOToiMjAyMS0xMS0wNCAxNzowMDo0NSI7czoxMDoidXBkYXRlZF9hdCI7czoxOToiMjAyMS0xMS0wNCAxNzo1MTowMiI7fXM6MTE6IgAqAG9yaWdpbmFsIjthOjEyOntzOjI6ImlkIjtpOjE7czo3OiJtZW51X2lkIjtpOjE7czo0OiJ0eXBlIjtzOjE6IjIiO3M6MTE6Im1vZHVsZV9uYW1lIjtzOjk6IkRhc2hib2FyZCI7czoxMzoiZGl2aWRlcl90aXRsZSI7TjtzOjEwOiJpY29uX2NsYXNzIjtzOjIxOiJmYXMgZmEtdGFjaG9tZXRlci1hbHQiO3M6MzoidXJsIjtzOjE6Ii8iO3M6NToib3JkZXIiO2k6MTtzOjk6InBhcmVudF9pZCI7TjtzOjY6InRhcmdldCI7czo1OiJfc2VsZiI7czoxMDoiY3JlYXRlZF9hdCI7czoxOToiMjAyMS0xMS0wNCAxNzowMDo0NSI7czoxMDoidXBkYXRlZF9hdCI7czoxOToiMjAyMS0xMS0wNCAxNzo1MTowMiI7fXM6MTA6IgAqAGNoYW5nZXMiO2E6MDp7fXM6ODoiACoAY2FzdHMiO2E6MDp7fXM6MTc6IgAqAGNsYXNzQ2FzdENhY2hlIjthOjA6e31zOjg6IgAqAGRhdGVzIjthOjA6e31zOjEzOiIAKgBkYXRlRm9ybWF0IjtOO3M6MTA6IgAqAGFwcGVuZHMiO2E6MDp7fXM6MTk6IgAqAGRpc3BhdGNoZXNFdmVudHMiO2E6MDp7fXM6MTQ6IgAqAG9ic2VydmFibGVzIjthOjA6e31zOjEyOiIAKgByZWxhdGlvbnMiO2E6MTp7czo4OiJjaGlsZHJlbiI7TzoyNjoiVHlwaUNNU1xOZXN0YWJsZUNvbGxlY3Rpb24iOjg6e3M6ODoiACoAdG90YWwiO2k6MDtzOjE1OiIAKgBwYXJlbnRDb2x1bW4iO3M6OToicGFyZW50X2lkIjtzOjMzOiIAKgByZW1vdmVJdGVtc1dpdGhNaXNzaW5nQW5jZXN0b3IiO2I6MTtzOjE0OiIAKgBpbmRlbnRDaGFycyI7czo4OiLCoMKgwqDCoCI7czoxNToiACoAY2hpbGRyZW5OYW1lIjtzOjU6Iml0ZW1zIjtzOjE3OiIAKgBwYXJlbnRSZWxhdGlvbiI7czo2OiJwYXJlbnQiO3M6ODoiACoAaXRlbXMiO2E6MDp7fXM6Mjg6IgAqAGVzY2FwZVdoZW5DYXN0aW5nVG9TdHJpbmciO2I6MDt9fXM6MTA6IgAqAHRvdWNoZXMiO2E6MDp7fXM6MTA6InRpbWVzdGFtcHMiO2I6MTtzOjk6IgAqAGhpZGRlbiI7YTowOnt9czoxMDoiACoAdmlzaWJsZSI7YTowOnt9czoxMDoiACoAZ3VhcmRlZCI7YToxOntpOjA7czoxOiIqIjt9fWk6MTtPOjE3OiJBcHBcTW9kZWxzXE1vZHVsZSI6Mjk6e3M6MTE6IgAqAGZpbGxhYmxlIjthOjk6e2k6MDtzOjc6Im1lbnVfaWQiO2k6MTtzOjQ6InR5cGUiO2k6MjtzOjExOiJtb2R1bGVfbmFtZSI7aTozO3M6MTM6ImRpdmlkZXJfdGl0bGUiO2k6NDtzOjEwOiJpY29uX2NsYXNzIjtpOjU7czozOiJ1cmwiO2k6NjtzOjU6Im9yZGVyIjtpOjc7czo5OiJwYXJlbnRfaWQiO2k6ODtzOjY6InRhcmdldCI7fXM6MTM6IgAqAGNvbm5lY3Rpb24iO3M6NToibXlzcWwiO3M6ODoiACoAdGFibGUiO3M6NzoibW9kdWxlcyI7czoxMzoiACoAcHJpbWFyeUtleSI7czoyOiJpZCI7czoxMDoiACoAa2V5VHlwZSI7czozOiJpbnQiO3M6MTI6ImluY3JlbWVudGluZyI7YjoxO3M6NzoiACoAd2l0aCI7YTowOnt9czoxMjoiACoAd2l0aENvdW50IjthOjA6e31zOjE5OiJwcmV2ZW50c0xhenlMb2FkaW5nIjtiOjA7czoxMDoiACoAcGVyUGFnZSI7aToxNTtzOjY6ImV4aXN0cyI7YjoxO3M6MTg6Indhc1JlY2VudGx5Q3JlYXRlZCI7YjowO3M6Mjg6IgAqAGVzY2FwZVdoZW5DYXN0aW5nVG9TdHJpbmciO2I6MDtzOjEzOiIAKgBhdHRyaWJ1dGVzIjthOjEyOntzOjI6ImlkIjtpOjI7czo3OiJtZW51X2lkIjtpOjE7czo0OiJ0eXBlIjtzOjE6IjEiO3M6MTE6Im1vZHVsZV9uYW1lIjtOO3M6MTM6ImRpdmlkZXJfdGl0bGUiO3M6NToiTWVudXMiO3M6MTA6Imljb25fY2xhc3MiO047czozOiJ1cmwiO047czo1OiJvcmRlciI7aToyO3M6OToicGFyZW50X2lkIjtOO3M6NjoidGFyZ2V0IjtOO3M6MTA6ImNyZWF0ZWRfYXQiO3M6MTk6IjIwMjEtMTEtMDQgMTc6MDA6NDUiO3M6MTA6InVwZGF0ZWRfYXQiO3M6MTk6IjIwMjEtMTEtMDQgMTc6NTE6MDIiO31zOjExOiIAKgBvcmlnaW5hbCI7YToxMjp7czoyOiJpZCI7aToyO3M6NzoibWVudV9pZCI7aToxO3M6NDoidHlwZSI7czoxOiIxIjtzOjExOiJtb2R1bGVfbmFtZSI7TjtzOjEzOiJkaXZpZGVyX3RpdGxlIjtzOjU6Ik1lbnVzIjtzOjEwOiJpY29uX2NsYXNzIjtOO3M6MzoidXJsIjtOO3M6NToib3JkZXIiO2k6MjtzOjk6InBhcmVudF9pZCI7TjtzOjY6InRhcmdldCI7TjtzOjEwOiJjcmVhdGVkX2F0IjtzOjE5OiIyMDIxLTExLTA0IDE3OjAwOjQ1IjtzOjEwOiJ1cGRhdGVkX2F0IjtzOjE5OiIyMDIxLTExLTA0IDE3OjUxOjAyIjt9czoxMDoiACoAY2hhbmdlcyI7YTowOnt9czo4OiIAKgBjYXN0cyI7YTowOnt9czoxNzoiACoAY2xhc3NDYXN0Q2FjaGUiO2E6MDp7fXM6ODoiACoAZGF0ZXMiO2E6MDp7fXM6MTM6IgAqAGRhdGVGb3JtYXQiO047czoxMDoiACoAYXBwZW5kcyI7YTowOnt9czoxOToiACoAZGlzcGF0Y2hlc0V2ZW50cyI7YTowOnt9czoxNDoiACoAb2JzZXJ2YWJsZXMiO2E6MDp7fXM6MTI6IgAqAHJlbGF0aW9ucyI7YToxOntzOjg6ImNoaWxkcmVuIjtPOjI2OiJUeXBpQ01TXE5lc3RhYmxlQ29sbGVjdGlvbiI6ODp7czo4OiIAKgB0b3RhbCI7aTowO3M6MTU6IgAqAHBhcmVudENvbHVtbiI7czo5OiJwYXJlbnRfaWQiO3M6MzM6IgAqAHJlbW92ZUl0ZW1zV2l0aE1pc3NpbmdBbmNlc3RvciI7YjoxO3M6MTQ6IgAqAGluZGVudENoYXJzIjtzOjg6IsKgwqDCoMKgIjtzOjE1OiIAKgBjaGlsZHJlbk5hbWUiO3M6NToiaXRlbXMiO3M6MTc6IgAqAHBhcmVudFJlbGF0aW9uIjtzOjY6InBhcmVudCI7czo4OiIAKgBpdGVtcyI7YTowOnt9czoyODoiACoAZXNjYXBlV2hlbkNhc3RpbmdUb1N0cmluZyI7YjowO319czoxMDoiACoAdG91Y2hlcyI7YTowOnt9czoxMDoidGltZXN0YW1wcyI7YjoxO3M6OToiACoAaGlkZGVuIjthOjA6e31zOjEwOiIAKgB2aXNpYmxlIjthOjA6e31zOjEwOiIAKgBndWFyZGVkIjthOjE6e2k6MDtzOjE6IioiO319aToyO086MTc6IkFwcFxNb2RlbHNcTW9kdWxlIjoyOTp7czoxMToiACoAZmlsbGFibGUiO2E6OTp7aTowO3M6NzoibWVudV9pZCI7aToxO3M6NDoidHlwZSI7aToyO3M6MTE6Im1vZHVsZV9uYW1lIjtpOjM7czoxMzoiZGl2aWRlcl90aXRsZSI7aTo0O3M6MTA6Imljb25fY2xhc3MiO2k6NTtzOjM6InVybCI7aTo2O3M6NToib3JkZXIiO2k6NztzOjk6InBhcmVudF9pZCI7aTo4O3M6NjoidGFyZ2V0Ijt9czoxMzoiACoAY29ubmVjdGlvbiI7czo1OiJteXNxbCI7czo4OiIAKgB0YWJsZSI7czo3OiJtb2R1bGVzIjtzOjEzOiIAKgBwcmltYXJ5S2V5IjtzOjI6ImlkIjtzOjEwOiIAKgBrZXlUeXBlIjtzOjM6ImludCI7czoxMjoiaW5jcmVtZW50aW5nIjtiOjE7czo3OiIAKgB3aXRoIjthOjA6e31zOjEyOiIAKgB3aXRoQ291bnQiO2E6MDp7fXM6MTk6InByZXZlbnRzTGF6eUxvYWRpbmciO2I6MDtzOjEwOiIAKgBwZXJQYWdlIjtpOjE1O3M6NjoiZXhpc3RzIjtiOjE7czoxODoid2FzUmVjZW50bHlDcmVhdGVkIjtiOjA7czoyODoiACoAZXNjYXBlV2hlbkNhc3RpbmdUb1N0cmluZyI7YjowO3M6MTM6IgAqAGF0dHJpYnV0ZXMiO2E6MTI6e3M6MjoiaWQiO2k6MjA7czo3OiJtZW51X2lkIjtpOjE7czo0OiJ0eXBlIjtzOjE6IjIiO3M6MTE6Im1vZHVsZV9uYW1lIjtzOjc6IkJvb2tpbmciO3M6MTM6ImRpdmlkZXJfdGl0bGUiO047czoxMDoiaWNvbl9jbGFzcyI7czoyNjoiZmFzIGZhLWZpbGUtaW52b2ljZS1kb2xsYXIiO3M6MzoidXJsIjtOO3M6NToib3JkZXIiO2k6MztzOjk6InBhcmVudF9pZCI7TjtzOjY6InRhcmdldCI7czo1OiJfc2VsZiI7czoxMDoiY3JlYXRlZF9hdCI7czoxOToiMjAyMS0xMS0wNCAxNzoxNjozMiI7czoxMDoidXBkYXRlZF9hdCI7czoxOToiMjAyMS0xMS0wNCAxNzo1MTowMiI7fXM6MTE6IgAqAG9yaWdpbmFsIjthOjEyOntzOjI6ImlkIjtpOjIwO3M6NzoibWVudV9pZCI7aToxO3M6NDoidHlwZSI7czoxOiIyIjtzOjExOiJtb2R1bGVfbmFtZSI7czo3OiJCb29raW5nIjtzOjEzOiJkaXZpZGVyX3RpdGxlIjtOO3M6MTA6Imljb25fY2xhc3MiO3M6MjY6ImZhcyBmYS1maWxlLWludm9pY2UtZG9sbGFyIjtzOjM6InVybCI7TjtzOjU6Im9yZGVyIjtpOjM7czo5OiJwYXJlbnRfaWQiO047czo2OiJ0YXJnZXQiO3M6NToiX3NlbGYiO3M6MTA6ImNyZWF0ZWRfYXQiO3M6MTk6IjIwMjEtMTEtMDQgMTc6MTY6MzIiO3M6MTA6InVwZGF0ZWRfYXQiO3M6MTk6IjIwMjEtMTEtMDQgMTc6NTE6MDIiO31zOjEwOiIAKgBjaGFuZ2VzIjthOjA6e31zOjg6IgAqAGNhc3RzIjthOjA6e31zOjE3OiIAKgBjbGFzc0Nhc3RDYWNoZSI7YTowOnt9czo4OiIAKgBkYXRlcyI7YTowOnt9czoxMzoiACoAZGF0ZUZvcm1hdCI7TjtzOjEwOiIAKgBhcHBlbmRzIjthOjA6e31zOjE5OiIAKgBkaXNwYXRjaGVzRXZlbnRzIjthOjA6e31zOjE0OiIAKgBvYnNlcnZhYmxlcyI7YTowOnt9czoxMjoiACoAcmVsYXRpb25zIjthOjE6e3M6ODoiY2hpbGRyZW4iO086MjY6IlR5cGlDTVNcTmVzdGFibGVDb2xsZWN0aW9uIjo4OntzOjg6IgAqAHRvdGFsIjtpOjI7czoxNToiACoAcGFyZW50Q29sdW1uIjtzOjk6InBhcmVudF9pZCI7czozMzoiACoAcmVtb3ZlSXRlbXNXaXRoTWlzc2luZ0FuY2VzdG9yIjtiOjE7czoxNDoiACoAaW5kZW50Q2hhcnMiO3M6ODoiwqDCoMKgwqAiO3M6MTU6IgAqAGNoaWxkcmVuTmFtZSI7czo1OiJpdGVtcyI7czoxNzoiACoAcGFyZW50UmVsYXRpb24iO3M6NjoicGFyZW50IjtzOjg6IgAqAGl0ZW1zIjthOjI6e2k6MDtPOjE3OiJBcHBcTW9kZWxzXE1vZHVsZSI6Mjk6e3M6MTE6IgAqAGZpbGxhYmxlIjthOjk6e2k6MDtzOjc6Im1lbnVfaWQiO2k6MTtzOjQ6InR5cGUiO2k6MjtzOjExOiJtb2R1bGVfbmFtZSI7aTozO3M6MTM6ImRpdmlkZXJfdGl0bGUiO2k6NDtzOjEwOiJpY29uX2NsYXNzIjtpOjU7czozOiJ1cmwiO2k6NjtzOjU6Im9yZGVyIjtpOjc7czo5OiJwYXJlbnRfaWQiO2k6ODtzOjY6InRhcmdldCI7fXM6MTM6IgAqAGNvbm5lY3Rpb24iO3M6NToibXlzcWwiO3M6ODoiACoAdGFibGUiO3M6NzoibW9kdWxlcyI7czoxMzoiACoAcHJpbWFyeUtleSI7czoyOiJpZCI7czoxMDoiACoAa2V5VHlwZSI7czozOiJpbnQiO3M6MTI6ImluY3JlbWVudGluZyI7YjoxO3M6NzoiACoAd2l0aCI7YTowOnt9czoxMjoiACoAd2l0aENvdW50IjthOjA6e31zOjE5OiJwcmV2ZW50c0xhenlMb2FkaW5nIjtiOjA7czoxMDoiACoAcGVyUGFnZSI7aToxNTtzOjY6ImV4aXN0cyI7YjoxO3M6MTg6Indhc1JlY2VudGx5Q3JlYXRlZCI7YjowO3M6Mjg6IgAqAGVzY2FwZVdoZW5DYXN0aW5nVG9TdHJpbmciO2I6MDtzOjEzOiIAKgBhdHRyaWJ1dGVzIjthOjEyOntzOjI6ImlkIjtpOjIxO3M6NzoibWVudV9pZCI7aToxO3M6NDoidHlwZSI7czoxOiIyIjtzOjExOiJtb2R1bGVfbmFtZSI7czoyMjoiQ3JlYXRlIEJvb2tpbmcgSW52b2ljZSI7czoxMzoiZGl2aWRlcl90aXRsZSI7TjtzOjEwOiJpY29uX2NsYXNzIjtOO3M6MzoidXJsIjtzOjIyOiJib29raW5nLWludm9pY2UvY3JlYXRlIjtzOjU6Im9yZGVyIjtpOjE7czo5OiJwYXJlbnRfaWQiO2k6MjA7czo2OiJ0YXJnZXQiO3M6NToiX3NlbGYiO3M6MTA6ImNyZWF0ZWRfYXQiO3M6MTk6IjIwMjEtMTEtMDQgMTc6MTc6MDUiO3M6MTA6InVwZGF0ZWRfYXQiO3M6MTk6IjIwMjEtMTEtMDQgMTc6MTc6NDgiO31zOjExOiIAKgBvcmlnaW5hbCI7YToxMjp7czoyOiJpZCI7aToyMTtzOjc6Im1lbnVfaWQiO2k6MTtzOjQ6InR5cGUiO3M6MToiMiI7czoxMToibW9kdWxlX25hbWUiO3M6MjI6IkNyZWF0ZSBCb29raW5nIEludm9pY2UiO3M6MTM6ImRpdmlkZXJfdGl0bGUiO047czoxMDoiaWNvbl9jbGFzcyI7TjtzOjM6InVybCI7czoyMjoiYm9va2luZy1pbnZvaWNlL2NyZWF0ZSI7czo1OiJvcmRlciI7aToxO3M6OToicGFyZW50X2lkIjtpOjIwO3M6NjoidGFyZ2V0IjtzOjU6Il9zZWxmIjtzOjEwOiJjcmVhdGVkX2F0IjtzOjE5OiIyMDIxLTExLTA0IDE3OjE3OjA1IjtzOjEwOiJ1cGRhdGVkX2F0IjtzOjE5OiIyMDIxLTExLTA0IDE3OjE3OjQ4Ijt9czoxMDoiACoAY2hhbmdlcyI7YTowOnt9czo4OiIAKgBjYXN0cyI7YTowOnt9czoxNzoiACoAY2xhc3NDYXN0Q2FjaGUiO2E6MDp7fXM6ODoiACoAZGF0ZXMiO2E6MDp7fXM6MTM6IgAqAGRhdGVGb3JtYXQiO047czoxMDoiACoAYXBwZW5kcyI7YTowOnt9czoxOToiACoAZGlzcGF0Y2hlc0V2ZW50cyI7YTowOnt9czoxNDoiACoAb2JzZXJ2YWJsZXMiO2E6MDp7fXM6MTI6IgAqAHJlbGF0aW9ucyI7YToxOntzOjg6ImNoaWxkcmVuIjtPOjI2OiJUeXBpQ01TXE5lc3RhYmxlQ29sbGVjdGlvbiI6ODp7czo4OiIAKgB0b3RhbCI7aTowO3M6MTU6IgAqAHBhcmVudENvbHVtbiI7czo5OiJwYXJlbnRfaWQiO3M6MzM6IgAqAHJlbW92ZUl0ZW1zV2l0aE1pc3NpbmdBbmNlc3RvciI7YjoxO3M6MTQ6IgAqAGluZGVudENoYXJzIjtzOjg6IsKgwqDCoMKgIjtzOjE1OiIAKgBjaGlsZHJlbk5hbWUiO3M6NToiaXRlbXMiO3M6MTc6IgAqAHBhcmVudFJlbGF0aW9uIjtzOjY6InBhcmVudCI7czo4OiIAKgBpdGVtcyI7YTowOnt9czoyODoiACoAZXNjYXBlV2hlbkNhc3RpbmdUb1N0cmluZyI7YjowO319czoxMDoiACoAdG91Y2hlcyI7YTowOnt9czoxMDoidGltZXN0YW1wcyI7YjoxO3M6OToiACoAaGlkZGVuIjthOjA6e31zOjEwOiIAKgB2aXNpYmxlIjthOjA6e31zOjEwOiIAKgBndWFyZGVkIjthOjE6e2k6MDtzOjE6IioiO319aToxO086MTc6IkFwcFxNb2RlbHNcTW9kdWxlIjoyOTp7czoxMToiACoAZmlsbGFibGUiO2E6OTp7aTowO3M6NzoibWVudV9pZCI7aToxO3M6NDoidHlwZSI7aToyO3M6MTE6Im1vZHVsZV9uYW1lIjtpOjM7czoxMzoiZGl2aWRlcl90aXRsZSI7aTo0O3M6MTA6Imljb25fY2xhc3MiO2k6NTtzOjM6InVybCI7aTo2O3M6NToib3JkZXIiO2k6NztzOjk6InBhcmVudF9pZCI7aTo4O3M6NjoidGFyZ2V0Ijt9czoxMzoiACoAY29ubmVjdGlvbiI7czo1OiJteXNxbCI7czo4OiIAKgB0YWJsZSI7czo3OiJtb2R1bGVzIjtzOjEzOiIAKgBwcmltYXJ5S2V5IjtzOjI6ImlkIjtzOjEwOiIAKgBrZXlUeXBlIjtzOjM6ImludCI7czoxMjoiaW5jcmVtZW50aW5nIjtiOjE7czo3OiIAKgB3aXRoIjthOjA6e31zOjEyOiIAKgB3aXRoQ291bnQiO2E6MDp7fXM6MTk6InByZXZlbnRzTGF6eUxvYWRpbmciO2I6MDtzOjEwOiIAKgBwZXJQYWdlIjtpOjE1O3M6NjoiZXhpc3RzIjtiOjE7czoxODoid2FzUmVjZW50bHlDcmVhdGVkIjtiOjA7czoyODoiACoAZXNjYXBlV2hlbkNhc3RpbmdUb1N0cmluZyI7YjowO3M6MTM6IgAqAGF0dHJpYnV0ZXMiO2E6MTI6e3M6MjoiaWQiO2k6MjI7czo3OiJtZW51X2lkIjtpOjE7czo0OiJ0eXBlIjtzOjE6IjIiO3M6MTE6Im1vZHVsZV9uYW1lIjtzOjIyOiJNYW5hZ2UgQm9va2luZyBJbnZvaWNlIjtzOjEzOiJkaXZpZGVyX3RpdGxlIjtOO3M6MTA6Imljb25fY2xhc3MiO047czozOiJ1cmwiO3M6MTU6ImJvb2tpbmctaW52b2ljZSI7czo1OiJvcmRlciI7aToyO3M6OToicGFyZW50X2lkIjtpOjIwO3M6NjoidGFyZ2V0IjtzOjU6Il9zZWxmIjtzOjEwOiJjcmVhdGVkX2F0IjtzOjE5OiIyMDIxLTExLTA0IDE3OjE3OjMzIjtzOjEwOiJ1cGRhdGVkX2F0IjtzOjE5OiIyMDIxLTExLTA0IDE3OjE3OjQ5Ijt9czoxMToiACoAb3JpZ2luYWwiO2E6MTI6e3M6MjoiaWQiO2k6MjI7czo3OiJtZW51X2lkIjtpOjE7czo0OiJ0eXBlIjtzOjE6IjIiO3M6MTE6Im1vZHVsZV9uYW1lIjtzOjIyOiJNYW5hZ2UgQm9va2luZyBJbnZvaWNlIjtzOjEzOiJkaXZpZGVyX3RpdGxlIjtOO3M6MTA6Imljb25fY2xhc3MiO047czozOiJ1cmwiO3M6MTU6ImJvb2tpbmctaW52b2ljZSI7czo1OiJvcmRlciI7aToyO3M6OToicGFyZW50X2lkIjtpOjIwO3M6NjoidGFyZ2V0IjtzOjU6Il9zZWxmIjtzOjEwOiJjcmVhdGVkX2F0IjtzOjE5OiIyMDIxLTExLTA0IDE3OjE3OjMzIjtzOjEwOiJ1cGRhdGVkX2F0IjtzOjE5OiIyMDIxLTExLTA0IDE3OjE3OjQ5Ijt9czoxMDoiACoAY2hhbmdlcyI7YTowOnt9czo4OiIAKgBjYXN0cyI7YTowOnt9czoxNzoiACoAY2xhc3NDYXN0Q2FjaGUiO2E6MDp7fXM6ODoiACoAZGF0ZXMiO2E6MDp7fXM6MTM6IgAqAGRhdGVGb3JtYXQiO047czoxMDoiACoAYXBwZW5kcyI7YTowOnt9czoxOToiACoAZGlzcGF0Y2hlc0V2ZW50cyI7YTowOnt9czoxNDoiACoAb2JzZXJ2YWJsZXMiO2E6MDp7fXM6MTI6IgAqAHJlbGF0aW9ucyI7YToxOntzOjg6ImNoaWxkcmVuIjtPOjI2OiJUeXBpQ01TXE5lc3RhYmxlQ29sbGVjdGlvbiI6ODp7czo4OiIAKgB0b3RhbCI7aTowO3M6MTU6IgAqAHBhcmVudENvbHVtbiI7czo5OiJwYXJlbnRfaWQiO3M6MzM6IgAqAHJlbW92ZUl0ZW1zV2l0aE1pc3NpbmdBbmNlc3RvciI7YjoxO3M6MTQ6IgAqAGluZGVudENoYXJzIjtzOjg6IsKgwqDCoMKgIjtzOjE1OiIAKgBjaGlsZHJlbk5hbWUiO3M6NToiaXRlbXMiO3M6MTc6IgAqAHBhcmVudFJlbGF0aW9uIjtzOjY6InBhcmVudCI7czo4OiIAKgBpdGVtcyI7YTowOnt9czoyODoiACoAZXNjYXBlV2hlbkNhc3RpbmdUb1N0cmluZyI7YjowO319czoxMDoiACoAdG91Y2hlcyI7YTowOnt9czoxMDoidGltZXN0YW1wcyI7YjoxO3M6OToiACoAaGlkZGVuIjthOjA6e31zOjEwOiIAKgB2aXNpYmxlIjthOjA6e31zOjEwOiIAKgBndWFyZGVkIjthOjE6e2k6MDtzOjE6IioiO319fXM6Mjg6IgAqAGVzY2FwZVdoZW5DYXN0aW5nVG9TdHJpbmciO2I6MDt9fXM6MTA6IgAqAHRvdWNoZXMiO2E6MDp7fXM6MTA6InRpbWVzdGFtcHMiO2I6MTtzOjk6IgAqAGhpZGRlbiI7YTowOnt9czoxMDoiACoAdmlzaWJsZSI7YTowOnt9czoxMDoiACoAZ3VhcmRlZCI7YToxOntpOjA7czoxOiIqIjt9fWk6MztPOjE3OiJBcHBcTW9kZWxzXE1vZHVsZSI6Mjk6e3M6MTE6IgAqAGZpbGxhYmxlIjthOjk6e2k6MDtzOjc6Im1lbnVfaWQiO2k6MTtzOjQ6InR5cGUiO2k6MjtzOjExOiJtb2R1bGVfbmFtZSI7aTozO3M6MTM6ImRpdmlkZXJfdGl0bGUiO2k6NDtzOjEwOiJpY29uX2NsYXNzIjtpOjU7czozOiJ1cmwiO2k6NjtzOjU6Im9yZGVyIjtpOjc7czo5OiJwYXJlbnRfaWQiO2k6ODtzOjY6InRhcmdldCI7fXM6MTM6IgAqAGNvbm5lY3Rpb24iO3M6NToibXlzcWwiO3M6ODoiACoAdGFibGUiO3M6NzoibW9kdWxlcyI7czoxMzoiACoAcHJpbWFyeUtleSI7czoyOiJpZCI7czoxMDoiACoAa2V5VHlwZSI7czozOiJpbnQiO3M6MTI6ImluY3JlbWVudGluZyI7YjoxO3M6NzoiACoAd2l0aCI7YTowOnt9czoxMjoiACoAd2l0aENvdW50IjthOjA6e31zOjE5OiJwcmV2ZW50c0xhenlMb2FkaW5nIjtiOjA7czoxMDoiACoAcGVyUGFnZSI7aToxNTtzOjY6ImV4aXN0cyI7YjoxO3M6MTg6Indhc1JlY2VudGx5Q3JlYXRlZCI7YjowO3M6Mjg6IgAqAGVzY2FwZVdoZW5DYXN0aW5nVG9TdHJpbmciO2I6MDtzOjEzOiIAKgBhdHRyaWJ1dGVzIjthOjEyOntzOjI6ImlkIjtpOjIzO3M6NzoibWVudV9pZCI7aToxO3M6NDoidHlwZSI7czoxOiIyIjtzOjExOiJtb2R1bGVfbmFtZSI7czoxMToiUHJlIEJvb2tpbmciO3M6MTM6ImRpdmlkZXJfdGl0bGUiO047czoxMDoiaWNvbl9jbGFzcyI7czoxOToiZmFzIGZhLWZpbGUtaW52b2ljZSI7czozOiJ1cmwiO047czo1OiJvcmRlciI7aTo0O3M6OToicGFyZW50X2lkIjtOO3M6NjoidGFyZ2V0IjtOO3M6MTA6ImNyZWF0ZWRfYXQiO3M6MTk6IjIwMjEtMTEtMDQgMTc6MTg6MTIiO3M6MTA6InVwZGF0ZWRfYXQiO3M6MTk6IjIwMjEtMTEtMDQgMTc6NTE6MDIiO31zOjExOiIAKgBvcmlnaW5hbCI7YToxMjp7czoyOiJpZCI7aToyMztzOjc6Im1lbnVfaWQiO2k6MTtzOjQ6InR5cGUiO3M6MToiMiI7czoxMToibW9kdWxlX25hbWUiO3M6MTE6IlByZSBCb29raW5nIjtzOjEzOiJkaXZpZGVyX3RpdGxlIjtOO3M6MTA6Imljb25fY2xhc3MiO3M6MTk6ImZhcyBmYS1maWxlLWludm9pY2UiO3M6MzoidXJsIjtOO3M6NToib3JkZXIiO2k6NDtzOjk6InBhcmVudF9pZCI7TjtzOjY6InRhcmdldCI7TjtzOjEwOiJjcmVhdGVkX2F0IjtzOjE5OiIyMDIxLTExLTA0IDE3OjE4OjEyIjtzOjEwOiJ1cGRhdGVkX2F0IjtzOjE5OiIyMDIxLTExLTA0IDE3OjUxOjAyIjt9czoxMDoiACoAY2hhbmdlcyI7YTowOnt9czo4OiIAKgBjYXN0cyI7YTowOnt9czoxNzoiACoAY2xhc3NDYXN0Q2FjaGUiO2E6MDp7fXM6ODoiACoAZGF0ZXMiO2E6MDp7fXM6MTM6IgAqAGRhdGVGb3JtYXQiO047czoxMDoiACoAYXBwZW5kcyI7YTowOnt9czoxOToiACoAZGlzcGF0Y2hlc0V2ZW50cyI7YTowOnt9czoxNDoiACoAb2JzZXJ2YWJsZXMiO2E6MDp7fXM6MTI6IgAqAHJlbGF0aW9ucyI7YToxOntzOjg6ImNoaWxkcmVuIjtPOjI2OiJUeXBpQ01TXE5lc3RhYmxlQ29sbGVjdGlvbiI6ODp7czo4OiIAKgB0b3RhbCI7aToyO3M6MTU6IgAqAHBhcmVudENvbHVtbiI7czo5OiJwYXJlbnRfaWQiO3M6MzM6IgAqAHJlbW92ZUl0ZW1zV2l0aE1pc3NpbmdBbmNlc3RvciI7YjoxO3M6MTQ6IgAqAGluZGVudENoYXJzIjtzOjg6IsKgwqDCoMKgIjtzOjE1OiIAKgBjaGlsZHJlbk5hbWUiO3M6NToiaXRlbXMiO3M6MTc6IgAqAHBhcmVudFJlbGF0aW9uIjtzOjY6InBhcmVudCI7czo4OiIAKgBpdGVtcyI7YToyOntpOjA7TzoxNzoiQXBwXE1vZGVsc1xNb2R1bGUiOjI5OntzOjExOiIAKgBmaWxsYWJsZSI7YTo5OntpOjA7czo3OiJtZW51X2lkIjtpOjE7czo0OiJ0eXBlIjtpOjI7czoxMToibW9kdWxlX25hbWUiO2k6MztzOjEzOiJkaXZpZGVyX3RpdGxlIjtpOjQ7czoxMDoiaWNvbl9jbGFzcyI7aTo1O3M6MzoidXJsIjtpOjY7czo1OiJvcmRlciI7aTo3O3M6OToicGFyZW50X2lkIjtpOjg7czo2OiJ0YXJnZXQiO31zOjEzOiIAKgBjb25uZWN0aW9uIjtzOjU6Im15c3FsIjtzOjg6IgAqAHRhYmxlIjtzOjc6Im1vZHVsZXMiO3M6MTM6IgAqAHByaW1hcnlLZXkiO3M6MjoiaWQiO3M6MTA6IgAqAGtleVR5cGUiO3M6MzoiaW50IjtzOjEyOiJpbmNyZW1lbnRpbmciO2I6MTtzOjc6IgAqAHdpdGgiO2E6MDp7fXM6MTI6IgAqAHdpdGhDb3VudCI7YTowOnt9czoxOToicHJldmVudHNMYXp5TG9hZGluZyI7YjowO3M6MTA6IgAqAHBlclBhZ2UiO2k6MTU7czo2OiJleGlzdHMiO2I6MTtzOjE4OiJ3YXNSZWNlbnRseUNyZWF0ZWQiO2I6MDtzOjI4OiIAKgBlc2NhcGVXaGVuQ2FzdGluZ1RvU3RyaW5nIjtiOjA7czoxMzoiACoAYXR0cmlidXRlcyI7YToxMjp7czoyOiJpZCI7aToyNDtzOjc6Im1lbnVfaWQiO2k6MTtzOjQ6InR5cGUiO3M6MToiMiI7czoxMToibW9kdWxlX25hbWUiO3M6MjY6IkNyZWF0ZSBQcmUgQm9va2luZyBJbnZvaWNlIjtzOjEzOiJkaXZpZGVyX3RpdGxlIjtOO3M6MTA6Imljb25fY2xhc3MiO047czozOiJ1cmwiO3M6MTk6InByZS1ib29raW5nLWludm9pY2UiO3M6NToib3JkZXIiO2k6MTtzOjk6InBhcmVudF9pZCI7aToyMztzOjY6InRhcmdldCI7czo1OiJfc2VsZiI7czoxMDoiY3JlYXRlZF9hdCI7czoxOToiMjAyMS0xMS0wNCAxNzoxODo0MCI7czoxMDoidXBkYXRlZF9hdCI7czoxOToiMjAyMS0xMS0wNCAxNzoxOToxMyI7fXM6MTE6IgAqAG9yaWdpbmFsIjthOjEyOntzOjI6ImlkIjtpOjI0O3M6NzoibWVudV9pZCI7aToxO3M6NDoidHlwZSI7czoxOiIyIjtzOjExOiJtb2R1bGVfbmFtZSI7czoyNjoiQ3JlYXRlIFByZSBCb29raW5nIEludm9pY2UiO3M6MTM6ImRpdmlkZXJfdGl0bGUiO047czoxMDoiaWNvbl9jbGFzcyI7TjtzOjM6InVybCI7czoxOToicHJlLWJvb2tpbmctaW52b2ljZSI7czo1OiJvcmRlciI7aToxO3M6OToicGFyZW50X2lkIjtpOjIzO3M6NjoidGFyZ2V0IjtzOjU6Il9zZWxmIjtzOjEwOiJjcmVhdGVkX2F0IjtzOjE5OiIyMDIxLTExLTA0IDE3OjE4OjQwIjtzOjEwOiJ1cGRhdGVkX2F0IjtzOjE5OiIyMDIxLTExLTA0IDE3OjE5OjEzIjt9czoxMDoiACoAY2hhbmdlcyI7YTowOnt9czo4OiIAKgBjYXN0cyI7YTowOnt9czoxNzoiACoAY2xhc3NDYXN0Q2FjaGUiO2E6MDp7fXM6ODoiACoAZGF0ZXMiO2E6MDp7fXM6MTM6IgAqAGRhdGVGb3JtYXQiO047czoxMDoiACoAYXBwZW5kcyI7YTowOnt9czoxOToiACoAZGlzcGF0Y2hlc0V2ZW50cyI7YTowOnt9czoxNDoiACoAb2JzZXJ2YWJsZXMiO2E6MDp7fXM6MTI6IgAqAHJlbGF0aW9ucyI7YToxOntzOjg6ImNoaWxkcmVuIjtPOjI2OiJUeXBpQ01TXE5lc3RhYmxlQ29sbGVjdGlvbiI6ODp7czo4OiIAKgB0b3RhbCI7aTowO3M6MTU6IgAqAHBhcmVudENvbHVtbiI7czo5OiJwYXJlbnRfaWQiO3M6MzM6IgAqAHJlbW92ZUl0ZW1zV2l0aE1pc3NpbmdBbmNlc3RvciI7YjoxO3M6MTQ6IgAqAGluZGVudENoYXJzIjtzOjg6IsKgwqDCoMKgIjtzOjE1OiIAKgBjaGlsZHJlbk5hbWUiO3M6NToiaXRlbXMiO3M6MTc6IgAqAHBhcmVudFJlbGF0aW9uIjtzOjY6InBhcmVudCI7czo4OiIAKgBpdGVtcyI7YTowOnt9czoyODoiACoAZXNjYXBlV2hlbkNhc3RpbmdUb1N0cmluZyI7YjowO319czoxMDoiACoAdG91Y2hlcyI7YTowOnt9czoxMDoidGltZXN0YW1wcyI7YjoxO3M6OToiACoAaGlkZGVuIjthOjA6e31zOjEwOiIAKgB2aXNpYmxlIjthOjA6e31zOjEwOiIAKgBndWFyZGVkIjthOjE6e2k6MDtzOjE6IioiO319aToxO086MTc6IkFwcFxNb2RlbHNcTW9kdWxlIjoyOTp7czoxMToiACoAZmlsbGFibGUiO2E6OTp7aTowO3M6NzoibWVudV9pZCI7aToxO3M6NDoidHlwZSI7aToyO3M6MTE6Im1vZHVsZV9uYW1lIjtpOjM7czoxMzoiZGl2aWRlcl90aXRsZSI7aTo0O3M6MTA6Imljb25fY2xhc3MiO2k6NTtzOjM6InVybCI7aTo2O3M6NToib3JkZXIiO2k6NztzOjk6InBhcmVudF9pZCI7aTo4O3M6NjoidGFyZ2V0Ijt9czoxMzoiACoAY29ubmVjdGlvbiI7czo1OiJteXNxbCI7czo4OiIAKgB0YWJsZSI7czo3OiJtb2R1bGVzIjtzOjEzOiIAKgBwcmltYXJ5S2V5IjtzOjI6ImlkIjtzOjEwOiIAKgBrZXlUeXBlIjtzOjM6ImludCI7czoxMjoiaW5jcmVtZW50aW5nIjtiOjE7czo3OiIAKgB3aXRoIjthOjA6e31zOjEyOiIAKgB3aXRoQ291bnQiO2E6MDp7fXM6MTk6InByZXZlbnRzTGF6eUxvYWRpbmciO2I6MDtzOjEwOiIAKgBwZXJQYWdlIjtpOjE1O3M6NjoiZXhpc3RzIjtiOjE7czoxODoid2FzUmVjZW50bHlDcmVhdGVkIjtiOjA7czoyODoiACoAZXNjYXBlV2hlbkNhc3RpbmdUb1N0cmluZyI7YjowO3M6MTM6IgAqAGF0dHJpYnV0ZXMiO2E6MTI6e3M6MjoiaWQiO2k6MjU7czo3OiJtZW51X2lkIjtpOjE7czo0OiJ0eXBlIjtzOjE6IjIiO3M6MTE6Im1vZHVsZV9uYW1lIjtzOjI2OiJNYW5hZ2UgUHJlIEJvb2tpbmcgSW52b2ljZSI7czoxMzoiZGl2aWRlcl90aXRsZSI7TjtzOjEwOiJpY29uX2NsYXNzIjtOO3M6MzoidXJsIjtzOjE5OiJwcmUtYm9va2luZy1pbnZvaWNlIjtzOjU6Im9yZGVyIjtpOjI7czo5OiJwYXJlbnRfaWQiO2k6MjM7czo2OiJ0YXJnZXQiO3M6NToiX3NlbGYiO3M6MTA6ImNyZWF0ZWRfYXQiO3M6MTk6IjIwMjEtMTEtMDQgMTc6MTk6MTAiO3M6MTA6InVwZGF0ZWRfYXQiO3M6MTk6IjIwMjEtMTEtMDQgMTc6NTY6NDEiO31zOjExOiIAKgBvcmlnaW5hbCI7YToxMjp7czoyOiJpZCI7aToyNTtzOjc6Im1lbnVfaWQiO2k6MTtzOjQ6InR5cGUiO3M6MToiMiI7czoxMToibW9kdWxlX25hbWUiO3M6MjY6Ik1hbmFnZSBQcmUgQm9va2luZyBJbnZvaWNlIjtzOjEzOiJkaXZpZGVyX3RpdGxlIjtOO3M6MTA6Imljb25fY2xhc3MiO047czozOiJ1cmwiO3M6MTk6InByZS1ib29raW5nLWludm9pY2UiO3M6NToib3JkZXIiO2k6MjtzOjk6InBhcmVudF9pZCI7aToyMztzOjY6InRhcmdldCI7czo1OiJfc2VsZiI7czoxMDoiY3JlYXRlZF9hdCI7czoxOToiMjAyMS0xMS0wNCAxNzoxOToxMCI7czoxMDoidXBkYXRlZF9hdCI7czoxOToiMjAyMS0xMS0wNCAxNzo1Njo0MSI7fXM6MTA6IgAqAGNoYW5nZXMiO2E6MDp7fXM6ODoiACoAY2FzdHMiO2E6MDp7fXM6MTc6IgAqAGNsYXNzQ2FzdENhY2hlIjthOjA6e31zOjg6IgAqAGRhdGVzIjthOjA6e31zOjEzOiIAKgBkYXRlRm9ybWF0IjtOO3M6MTA6IgAqAGFwcGVuZHMiO2E6MDp7fXM6MTk6IgAqAGRpc3BhdGNoZXNFdmVudHMiO2E6MDp7fXM6MTQ6IgAqAG9ic2VydmFibGVzIjthOjA6e31zOjEyOiIAKgByZWxhdGlvbnMiO2E6MTp7czo4OiJjaGlsZHJlbiI7TzoyNjoiVHlwaUNNU1xOZXN0YWJsZUNvbGxlY3Rpb24iOjg6e3M6ODoiACoAdG90YWwiO2k6MDtzOjE1OiIAKgBwYXJlbnRDb2x1bW4iO3M6OToicGFyZW50X2lkIjtzOjMzOiIAKgByZW1vdmVJdGVtc1dpdGhNaXNzaW5nQW5jZXN0b3IiO2I6MTtzOjE0OiIAKgBpbmRlbnRDaGFycyI7czo4OiLCoMKgwqDCoCI7czoxNToiACoAY2hpbGRyZW5OYW1lIjtzOjU6Iml0ZW1zIjtzOjE3OiIAKgBwYXJlbnRSZWxhdGlvbiI7czo2OiJwYXJlbnQiO3M6ODoiACoAaXRlbXMiO2E6MDp7fXM6Mjg6IgAqAGVzY2FwZVdoZW5DYXN0aW5nVG9TdHJpbmciO2I6MDt9fXM6MTA6IgAqAHRvdWNoZXMiO2E6MDp7fXM6MTA6InRpbWVzdGFtcHMiO2I6MTtzOjk6IgAqAGhpZGRlbiI7YTowOnt9czoxMDoiACoAdmlzaWJsZSI7YTowOnt9czoxMDoiACoAZ3VhcmRlZCI7YToxOntpOjA7czoxOiIqIjt9fX1zOjI4OiIAKgBlc2NhcGVXaGVuQ2FzdGluZ1RvU3RyaW5nIjtiOjA7fX1zOjEwOiIAKgB0b3VjaGVzIjthOjA6e31zOjEwOiJ0aW1lc3RhbXBzIjtiOjE7czo5OiIAKgBoaWRkZW4iO2E6MDp7fXM6MTA6IgAqAHZpc2libGUiO2E6MDp7fXM6MTA6IgAqAGd1YXJkZWQiO2E6MTp7aTowO3M6MToiKiI7fX1pOjQ7TzoxNzoiQXBwXE1vZGVsc1xNb2R1bGUiOjI5OntzOjExOiIAKgBmaWxsYWJsZSI7YTo5OntpOjA7czo3OiJtZW51X2lkIjtpOjE7czo0OiJ0eXBlIjtpOjI7czoxMToibW9kdWxlX25hbWUiO2k6MztzOjEzOiJkaXZpZGVyX3RpdGxlIjtpOjQ7czoxMDoiaWNvbl9jbGFzcyI7aTo1O3M6MzoidXJsIjtpOjY7czo1OiJvcmRlciI7aTo3O3M6OToicGFyZW50X2lkIjtpOjg7czo2OiJ0YXJnZXQiO31zOjEzOiIAKgBjb25uZWN0aW9uIjtzOjU6Im15c3FsIjtzOjg6IgAqAHRhYmxlIjtzOjc6Im1vZHVsZXMiO3M6MTM6IgAqAHByaW1hcnlLZXkiO3M6MjoiaWQiO3M6MTA6IgAqAGtleVR5cGUiO3M6MzoiaW50IjtzOjEyOiJpbmNyZW1lbnRpbmciO2I6MTtzOjc6IgAqAHdpdGgiO2E6MDp7fXM6MTI6IgAqAHdpdGhDb3VudCI7YTowOnt9czoxOToicHJldmVudHNMYXp5TG9hZGluZyI7YjowO3M6MTA6IgAqAHBlclBhZ2UiO2k6MTU7czo2OiJleGlzdHMiO2I6MTtzOjE4OiJ3YXNSZWNlbnRseUNyZWF0ZWQiO2I6MDtzOjI4OiIAKgBlc2NhcGVXaGVuQ2FzdGluZ1RvU3RyaW5nIjtiOjA7czoxMzoiACoAYXR0cmlidXRlcyI7YToxMjp7czoyOiJpZCI7aToxNztzOjc6Im1lbnVfaWQiO2k6MTtzOjQ6InR5cGUiO3M6MToiMiI7czoxMToibW9kdWxlX25hbWUiO3M6MzoiQ2FyIjtzOjEzOiJkaXZpZGVyX3RpdGxlIjtOO3M6MTA6Imljb25fY2xhc3MiO3M6MTA6ImZhcyBmYS1jYXIiO3M6MzoidXJsIjtOO3M6NToib3JkZXIiO2k6NTtzOjk6InBhcmVudF9pZCI7TjtzOjY6InRhcmdldCI7TjtzOjEwOiJjcmVhdGVkX2F0IjtzOjE5OiIyMDIxLTExLTA0IDE3OjE1OjE5IjtzOjEwOiJ1cGRhdGVkX2F0IjtzOjE5OiIyMDIxLTExLTA0IDE3OjUxOjAyIjt9czoxMToiACoAb3JpZ2luYWwiO2E6MTI6e3M6MjoiaWQiO2k6MTc7czo3OiJtZW51X2lkIjtpOjE7czo0OiJ0eXBlIjtzOjE6IjIiO3M6MTE6Im1vZHVsZV9uYW1lIjtzOjM6IkNhciI7czoxMzoiZGl2aWRlcl90aXRsZSI7TjtzOjEwOiJpY29uX2NsYXNzIjtzOjEwOiJmYXMgZmEtY2FyIjtzOjM6InVybCI7TjtzOjU6Im9yZGVyIjtpOjU7czo5OiJwYXJlbnRfaWQiO047czo2OiJ0YXJnZXQiO047czoxMDoiY3JlYXRlZF9hdCI7czoxOToiMjAyMS0xMS0wNCAxNzoxNToxOSI7czoxMDoidXBkYXRlZF9hdCI7czoxOToiMjAyMS0xMS0wNCAxNzo1MTowMiI7fXM6MTA6IgAqAGNoYW5nZXMiO2E6MDp7fXM6ODoiACoAY2FzdHMiO2E6MDp7fXM6MTc6IgAqAGNsYXNzQ2FzdENhY2hlIjthOjA6e31zOjg6IgAqAGRhdGVzIjthOjA6e31zOjEzOiIAKgBkYXRlRm9ybWF0IjtOO3M6MTA6IgAqAGFwcGVuZHMiO2E6MDp7fXM6MTk6IgAqAGRpc3BhdGNoZXNFdmVudHMiO2E6MDp7fXM6MTQ6IgAqAG9ic2VydmFibGVzIjthOjA6e31zOjEyOiIAKgByZWxhdGlvbnMiO2E6MTp7czo4OiJjaGlsZHJlbiI7TzoyNjoiVHlwaUNNU1xOZXN0YWJsZUNvbGxlY3Rpb24iOjg6e3M6ODoiACoAdG90YWwiO2k6MjtzOjE1OiIAKgBwYXJlbnRDb2x1bW4iO3M6OToicGFyZW50X2lkIjtzOjMzOiIAKgByZW1vdmVJdGVtc1dpdGhNaXNzaW5nQW5jZXN0b3IiO2I6MTtzOjE0OiIAKgBpbmRlbnRDaGFycyI7czo4OiLCoMKgwqDCoCI7czoxNToiACoAY2hpbGRyZW5OYW1lIjtzOjU6Iml0ZW1zIjtzOjE3OiIAKgBwYXJlbnRSZWxhdGlvbiI7czo2OiJwYXJlbnQiO3M6ODoiACoAaXRlbXMiO2E6Mjp7aTowO086MTc6IkFwcFxNb2RlbHNcTW9kdWxlIjoyOTp7czoxMToiACoAZmlsbGFibGUiO2E6OTp7aTowO3M6NzoibWVudV9pZCI7aToxO3M6NDoidHlwZSI7aToyO3M6MTE6Im1vZHVsZV9uYW1lIjtpOjM7czoxMzoiZGl2aWRlcl90aXRsZSI7aTo0O3M6MTA6Imljb25fY2xhc3MiO2k6NTtzOjM6InVybCI7aTo2O3M6NToib3JkZXIiO2k6NztzOjk6InBhcmVudF9pZCI7aTo4O3M6NjoidGFyZ2V0Ijt9czoxMzoiACoAY29ubmVjdGlvbiI7czo1OiJteXNxbCI7czo4OiIAKgB0YWJsZSI7czo3OiJtb2R1bGVzIjtzOjEzOiIAKgBwcmltYXJ5S2V5IjtzOjI6ImlkIjtzOjEwOiIAKgBrZXlUeXBlIjtzOjM6ImludCI7czoxMjoiaW5jcmVtZW50aW5nIjtiOjE7czo3OiIAKgB3aXRoIjthOjA6e31zOjEyOiIAKgB3aXRoQ291bnQiO2E6MDp7fXM6MTk6InByZXZlbnRzTGF6eUxvYWRpbmciO2I6MDtzOjEwOiIAKgBwZXJQYWdlIjtpOjE1O3M6NjoiZXhpc3RzIjtiOjE7czoxODoid2FzUmVjZW50bHlDcmVhdGVkIjtiOjA7czoyODoiACoAZXNjYXBlV2hlbkNhc3RpbmdUb1N0cmluZyI7YjowO3M6MTM6IgAqAGF0dHJpYnV0ZXMiO2E6MTI6e3M6MjoiaWQiO2k6MTg7czo3OiJtZW51X2lkIjtpOjE7czo0OiJ0eXBlIjtzOjE6IjIiO3M6MTE6Im1vZHVsZV9uYW1lIjtzOjEwOiJNYW5hZ2UgQ2FyIjtzOjEzOiJkaXZpZGVyX3RpdGxlIjtOO3M6MTA6Imljb25fY2xhc3MiO047czozOiJ1cmwiO3M6MzoiY2FyIjtzOjU6Im9yZGVyIjtpOjE7czo5OiJwYXJlbnRfaWQiO2k6MTc7czo2OiJ0YXJnZXQiO3M6NToiX3NlbGYiO3M6MTA6ImNyZWF0ZWRfYXQiO3M6MTk6IjIwMjEtMTEtMDQgMTc6MTU6MzIiO3M6MTA6InVwZGF0ZWRfYXQiO3M6MTk6IjIwMjEtMTEtMDQgMTc6MTU6NTIiO31zOjExOiIAKgBvcmlnaW5hbCI7YToxMjp7czoyOiJpZCI7aToxODtzOjc6Im1lbnVfaWQiO2k6MTtzOjQ6InR5cGUiO3M6MToiMiI7czoxMToibW9kdWxlX25hbWUiO3M6MTA6Ik1hbmFnZSBDYXIiO3M6MTM6ImRpdmlkZXJfdGl0bGUiO047czoxMDoiaWNvbl9jbGFzcyI7TjtzOjM6InVybCI7czozOiJjYXIiO3M6NToib3JkZXIiO2k6MTtzOjk6InBhcmVudF9pZCI7aToxNztzOjY6InRhcmdldCI7czo1OiJfc2VsZiI7czoxMDoiY3JlYXRlZF9hdCI7czoxOToiMjAyMS0xMS0wNCAxNzoxNTozMiI7czoxMDoidXBkYXRlZF9hdCI7czoxOToiMjAyMS0xMS0wNCAxNzoxNTo1MiI7fXM6MTA6IgAqAGNoYW5nZXMiO2E6MDp7fXM6ODoiACoAY2FzdHMiO2E6MDp7fXM6MTc6IgAqAGNsYXNzQ2FzdENhY2hlIjthOjA6e31zOjg6IgAqAGRhdGVzIjthOjA6e31zOjEzOiIAKgBkYXRlRm9ybWF0IjtOO3M6MTA6IgAqAGFwcGVuZHMiO2E6MDp7fXM6MTk6IgAqAGRpc3BhdGNoZXNFdmVudHMiO2E6MDp7fXM6MTQ6IgAqAG9ic2VydmFibGVzIjthOjA6e31zOjEyOiIAKgByZWxhdGlvbnMiO2E6MTp7czo4OiJjaGlsZHJlbiI7TzoyNjoiVHlwaUNNU1xOZXN0YWJsZUNvbGxlY3Rpb24iOjg6e3M6ODoiACoAdG90YWwiO2k6MDtzOjE1OiIAKgBwYXJlbnRDb2x1bW4iO3M6OToicGFyZW50X2lkIjtzOjMzOiIAKgByZW1vdmVJdGVtc1dpdGhNaXNzaW5nQW5jZXN0b3IiO2I6MTtzOjE0OiIAKgBpbmRlbnRDaGFycyI7czo4OiLCoMKgwqDCoCI7czoxNToiACoAY2hpbGRyZW5OYW1lIjtzOjU6Iml0ZW1zIjtzOjE3OiIAKgBwYXJlbnRSZWxhdGlvbiI7czo2OiJwYXJlbnQiO3M6ODoiACoAaXRlbXMiO2E6MDp7fXM6Mjg6IgAqAGVzY2FwZVdoZW5DYXN0aW5nVG9TdHJpbmciO2I6MDt9fXM6MTA6IgAqAHRvdWNoZXMiO2E6MDp7fXM6MTA6InRpbWVzdGFtcHMiO2I6MTtzOjk6IgAqAGhpZGRlbiI7YTowOnt9czoxMDoiACoAdmlzaWJsZSI7YTowOnt9czoxMDoiACoAZ3VhcmRlZCI7YToxOntpOjA7czoxOiIqIjt9fWk6MTtPOjE3OiJBcHBcTW9kZWxzXE1vZHVsZSI6Mjk6e3M6MTE6IgAqAGZpbGxhYmxlIjthOjk6e2k6MDtzOjc6Im1lbnVfaWQiO2k6MTtzOjQ6InR5cGUiO2k6MjtzOjExOiJtb2R1bGVfbmFtZSI7aTozO3M6MTM6ImRpdmlkZXJfdGl0bGUiO2k6NDtzOjEwOiJpY29uX2NsYXNzIjtpOjU7czozOiJ1cmwiO2k6NjtzOjU6Im9yZGVyIjtpOjc7czo5OiJwYXJlbnRfaWQiO2k6ODtzOjY6InRhcmdldCI7fXM6MTM6IgAqAGNvbm5lY3Rpb24iO3M6NToibXlzcWwiO3M6ODoiACoAdGFibGUiO3M6NzoibW9kdWxlcyI7czoxMzoiACoAcHJpbWFyeUtleSI7czoyOiJpZCI7czoxMDoiACoAa2V5VHlwZSI7czozOiJpbnQiO3M6MTI6ImluY3JlbWVudGluZyI7YjoxO3M6NzoiACoAd2l0aCI7YTowOnt9czoxMjoiACoAd2l0aENvdW50IjthOjA6e31zOjE5OiJwcmV2ZW50c0xhenlMb2FkaW5nIjtiOjA7czoxMDoiACoAcGVyUGFnZSI7aToxNTtzOjY6ImV4aXN0cyI7YjoxO3M6MTg6Indhc1JlY2VudGx5Q3JlYXRlZCI7YjowO3M6Mjg6IgAqAGVzY2FwZVdoZW5DYXN0aW5nVG9TdHJpbmciO2I6MDtzOjEzOiIAKgBhdHRyaWJ1dGVzIjthOjEyOntzOjI6ImlkIjtpOjE5O3M6NzoibWVudV9pZCI7aToxO3M6NDoidHlwZSI7czoxOiIyIjtzOjExOiJtb2R1bGVfbmFtZSI7czoxMDoiQ2FyIExlZGdlciI7czoxMzoiZGl2aWRlcl90aXRsZSI7TjtzOjEwOiJpY29uX2NsYXNzIjtOO3M6MzoidXJsIjtzOjEwOiJjYXIvbGVkZ2VyIjtzOjU6Im9yZGVyIjtpOjI7czo5OiJwYXJlbnRfaWQiO2k6MTc7czo2OiJ0YXJnZXQiO3M6NToiX3NlbGYiO3M6MTA6ImNyZWF0ZWRfYXQiO3M6MTk6IjIwMjEtMTEtMDQgMTc6MTU6NTAiO3M6MTA6InVwZGF0ZWRfYXQiO3M6MTk6IjIwMjEtMTEtMDQgMTc6MTU6NTMiO31zOjExOiIAKgBvcmlnaW5hbCI7YToxMjp7czoyOiJpZCI7aToxOTtzOjc6Im1lbnVfaWQiO2k6MTtzOjQ6InR5cGUiO3M6MToiMiI7czoxMToibW9kdWxlX25hbWUiO3M6MTA6IkNhciBMZWRnZXIiO3M6MTM6ImRpdmlkZXJfdGl0bGUiO047czoxMDoiaWNvbl9jbGFzcyI7TjtzOjM6InVybCI7czoxMDoiY2FyL2xlZGdlciI7czo1OiJvcmRlciI7aToyO3M6OToicGFyZW50X2lkIjtpOjE3O3M6NjoidGFyZ2V0IjtzOjU6Il9zZWxmIjtzOjEwOiJjcmVhdGVkX2F0IjtzOjE5OiIyMDIxLTExLTA0IDE3OjE1OjUwIjtzOjEwOiJ1cGRhdGVkX2F0IjtzOjE5OiIyMDIxLTExLTA0IDE3OjE1OjUzIjt9czoxMDoiACoAY2hhbmdlcyI7YTowOnt9czo4OiIAKgBjYXN0cyI7YTowOnt9czoxNzoiACoAY2xhc3NDYXN0Q2FjaGUiO2E6MDp7fXM6ODoiACoAZGF0ZXMiO2E6MDp7fXM6MTM6IgAqAGRhdGVGb3JtYXQiO047czoxMDoiACoAYXBwZW5kcyI7YTowOnt9czoxOToiACoAZGlzcGF0Y2hlc0V2ZW50cyI7YTowOnt9czoxNDoiACoAb2JzZXJ2YWJsZXMiO2E6MDp7fXM6MTI6IgAqAHJlbGF0aW9ucyI7YToxOntzOjg6ImNoaWxkcmVuIjtPOjI2OiJUeXBpQ01TXE5lc3RhYmxlQ29sbGVjdGlvbiI6ODp7czo4OiIAKgB0b3RhbCI7aTowO3M6MTU6IgAqAHBhcmVudENvbHVtbiI7czo5OiJwYXJlbnRfaWQiO3M6MzM6IgAqAHJlbW92ZUl0ZW1zV2l0aE1pc3NpbmdBbmNlc3RvciI7YjoxO3M6MTQ6IgAqAGluZGVudENoYXJzIjtzOjg6IsKgwqDCoMKgIjtzOjE1OiIAKgBjaGlsZHJlbk5hbWUiO3M6NToiaXRlbXMiO3M6MTc6IgAqAHBhcmVudFJlbGF0aW9uIjtzOjY6InBhcmVudCI7czo4OiIAKgBpdGVtcyI7YTowOnt9czoyODoiACoAZXNjYXBlV2hlbkNhc3RpbmdUb1N0cmluZyI7YjowO319czoxMDoiACoAdG91Y2hlcyI7YTowOnt9czoxMDoidGltZXN0YW1wcyI7YjoxO3M6OToiACoAaGlkZGVuIjthOjA6e31zOjEwOiIAKgB2aXNpYmxlIjthOjA6e31zOjEwOiIAKgBndWFyZGVkIjthOjE6e2k6MDtzOjE6IioiO319fXM6Mjg6IgAqAGVzY2FwZVdoZW5DYXN0aW5nVG9TdHJpbmciO2I6MDt9fXM6MTA6IgAqAHRvdWNoZXMiO2E6MDp7fXM6MTA6InRpbWVzdGFtcHMiO2I6MTtzOjk6IgAqAGhpZGRlbiI7YTowOnt9czoxMDoiACoAdmlzaWJsZSI7YTowOnt9czoxMDoiACoAZ3VhcmRlZCI7YToxOntpOjA7czoxOiIqIjt9fWk6NTtPOjE3OiJBcHBcTW9kZWxzXE1vZHVsZSI6Mjk6e3M6MTE6IgAqAGZpbGxhYmxlIjthOjk6e2k6MDtzOjc6Im1lbnVfaWQiO2k6MTtzOjQ6InR5cGUiO2k6MjtzOjExOiJtb2R1bGVfbmFtZSI7aTozO3M6MTM6ImRpdmlkZXJfdGl0bGUiO2k6NDtzOjEwOiJpY29uX2NsYXNzIjtpOjU7czozOiJ1cmwiO2k6NjtzOjU6Im9yZGVyIjtpOjc7czo5OiJwYXJlbnRfaWQiO2k6ODtzOjY6InRhcmdldCI7fXM6MTM6IgAqAGNvbm5lY3Rpb24iO3M6NToibXlzcWwiO3M6ODoiACoAdGFibGUiO3M6NzoibW9kdWxlcyI7czoxMzoiACoAcHJpbWFyeUtleSI7czoyOiJpZCI7czoxMDoiACoAa2V5VHlwZSI7czozOiJpbnQiO3M6MTI6ImluY3JlbWVudGluZyI7YjoxO3M6NzoiACoAd2l0aCI7YTowOnt9czoxMjoiACoAd2l0aENvdW50IjthOjA6e31zOjE5OiJwcmV2ZW50c0xhenlMb2FkaW5nIjtiOjA7czoxMDoiACoAcGVyUGFnZSI7aToxNTtzOjY6ImV4aXN0cyI7YjoxO3M6MTg6Indhc1JlY2VudGx5Q3JlYXRlZCI7YjowO3M6Mjg6IgAqAGVzY2FwZVdoZW5DYXN0aW5nVG9TdHJpbmciO2I6MDtzOjEzOiIAKgBhdHRyaWJ1dGVzIjthOjEyOntzOjI6ImlkIjtpOjE0O3M6NzoibWVudV9pZCI7aToxO3M6NDoidHlwZSI7czoxOiIyIjtzOjExOiJtb2R1bGVfbmFtZSI7czo2OiJEcml2ZXIiO3M6MTM6ImRpdmlkZXJfdGl0bGUiO047czoxMDoiaWNvbl9jbGFzcyI7czoxMToiZmFzIGZhLXVzZXIiO3M6MzoidXJsIjtOO3M6NToib3JkZXIiO2k6NjtzOjk6InBhcmVudF9pZCI7TjtzOjY6InRhcmdldCI7TjtzOjEwOiJjcmVhdGVkX2F0IjtzOjE5OiIyMDIxLTExLTA0IDE3OjEzOjU4IjtzOjEwOiJ1cGRhdGVkX2F0IjtzOjE5OiIyMDIxLTExLTA0IDE3OjUxOjAyIjt9czoxMToiACoAb3JpZ2luYWwiO2E6MTI6e3M6MjoiaWQiO2k6MTQ7czo3OiJtZW51X2lkIjtpOjE7czo0OiJ0eXBlIjtzOjE6IjIiO3M6MTE6Im1vZHVsZV9uYW1lIjtzOjY6IkRyaXZlciI7czoxMzoiZGl2aWRlcl90aXRsZSI7TjtzOjEwOiJpY29uX2NsYXNzIjtzOjExOiJmYXMgZmEtdXNlciI7czozOiJ1cmwiO047czo1OiJvcmRlciI7aTo2O3M6OToicGFyZW50X2lkIjtOO3M6NjoidGFyZ2V0IjtOO3M6MTA6ImNyZWF0ZWRfYXQiO3M6MTk6IjIwMjEtMTEtMDQgMTc6MTM6NTgiO3M6MTA6InVwZGF0ZWRfYXQiO3M6MTk6IjIwMjEtMTEtMDQgMTc6NTE6MDIiO31zOjEwOiIAKgBjaGFuZ2VzIjthOjA6e31zOjg6IgAqAGNhc3RzIjthOjA6e31zOjE3OiIAKgBjbGFzc0Nhc3RDYWNoZSI7YTowOnt9czo4OiIAKgBkYXRlcyI7YTowOnt9czoxMzoiACoAZGF0ZUZvcm1hdCI7TjtzOjEwOiIAKgBhcHBlbmRzIjthOjA6e31zOjE5OiIAKgBkaXNwYXRjaGVzRXZlbnRzIjthOjA6e31zOjE0OiIAKgBvYnNlcnZhYmxlcyI7YTowOnt9czoxMjoiACoAcmVsYXRpb25zIjthOjE6e3M6ODoiY2hpbGRyZW4iO086MjY6IlR5cGlDTVNcTmVzdGFibGVDb2xsZWN0aW9uIjo4OntzOjg6IgAqAHRvdGFsIjtpOjI7czoxNToiACoAcGFyZW50Q29sdW1uIjtzOjk6InBhcmVudF9pZCI7czozMzoiACoAcmVtb3ZlSXRlbXNXaXRoTWlzc2luZ0FuY2VzdG9yIjtiOjE7czoxNDoiACoAaW5kZW50Q2hhcnMiO3M6ODoiwqDCoMKgwqAiO3M6MTU6IgAqAGNoaWxkcmVuTmFtZSI7czo1OiJpdGVtcyI7czoxNzoiACoAcGFyZW50UmVsYXRpb24iO3M6NjoicGFyZW50IjtzOjg6IgAqAGl0ZW1zIjthOjI6e2k6MDtPOjE3OiJBcHBcTW9kZWxzXE1vZHVsZSI6Mjk6e3M6MTE6IgAqAGZpbGxhYmxlIjthOjk6e2k6MDtzOjc6Im1lbnVfaWQiO2k6MTtzOjQ6InR5cGUiO2k6MjtzOjExOiJtb2R1bGVfbmFtZSI7aTozO3M6MTM6ImRpdmlkZXJfdGl0bGUiO2k6NDtzOjEwOiJpY29uX2NsYXNzIjtpOjU7czozOiJ1cmwiO2k6NjtzOjU6Im9yZGVyIjtpOjc7czo5OiJwYXJlbnRfaWQiO2k6ODtzOjY6InRhcmdldCI7fXM6MTM6IgAqAGNvbm5lY3Rpb24iO3M6NToibXlzcWwiO3M6ODoiACoAdGFibGUiO3M6NzoibW9kdWxlcyI7czoxMzoiACoAcHJpbWFyeUtleSI7czoyOiJpZCI7czoxMDoiACoAa2V5VHlwZSI7czozOiJpbnQiO3M6MTI6ImluY3JlbWVudGluZyI7YjoxO3M6NzoiACoAd2l0aCI7YTowOnt9czoxMjoiACoAd2l0aENvdW50IjthOjA6e31zOjE5OiJwcmV2ZW50c0xhenlMb2FkaW5nIjtiOjA7czoxMDoiACoAcGVyUGFnZSI7aToxNTtzOjY6ImV4aXN0cyI7YjoxO3M6MTg6Indhc1JlY2VudGx5Q3JlYXRlZCI7YjowO3M6Mjg6IgAqAGVzY2FwZVdoZW5DYXN0aW5nVG9TdHJpbmciO2I6MDtzOjEzOiIAKgBhdHRyaWJ1dGVzIjthOjEyOntzOjI6ImlkIjtpOjE1O3M6NzoibWVudV9pZCI7aToxO3M6NDoidHlwZSI7czoxOiIyIjtzOjExOiJtb2R1bGVfbmFtZSI7czoxMzoiTWFuYWdlIERyaXZlciI7czoxMzoiZGl2aWRlcl90aXRsZSI7TjtzOjEwOiJpY29uX2NsYXNzIjtOO3M6MzoidXJsIjtzOjY6ImRyaXZlciI7czo1OiJvcmRlciI7aToxO3M6OToicGFyZW50X2lkIjtpOjE0O3M6NjoidGFyZ2V0IjtzOjU6Il9zZWxmIjtzOjEwOiJjcmVhdGVkX2F0IjtzOjE5OiIyMDIxLTExLTA0IDE3OjE0OjE1IjtzOjEwOiJ1cGRhdGVkX2F0IjtzOjE5OiIyMDIxLTExLTA0IDE3OjE0OjQwIjt9czoxMToiACoAb3JpZ2luYWwiO2E6MTI6e3M6MjoiaWQiO2k6MTU7czo3OiJtZW51X2lkIjtpOjE7czo0OiJ0eXBlIjtzOjE6IjIiO3M6MTE6Im1vZHVsZV9uYW1lIjtzOjEzOiJNYW5hZ2UgRHJpdmVyIjtzOjEzOiJkaXZpZGVyX3RpdGxlIjtOO3M6MTA6Imljb25fY2xhc3MiO047czozOiJ1cmwiO3M6NjoiZHJpdmVyIjtzOjU6Im9yZGVyIjtpOjE7czo5OiJwYXJlbnRfaWQiO2k6MTQ7czo2OiJ0YXJnZXQiO3M6NToiX3NlbGYiO3M6MTA6ImNyZWF0ZWRfYXQiO3M6MTk6IjIwMjEtMTEtMDQgMTc6MTQ6MTUiO3M6MTA6InVwZGF0ZWRfYXQiO3M6MTk6IjIwMjEtMTEtMDQgMTc6MTQ6NDAiO31zOjEwOiIAKgBjaGFuZ2VzIjthOjA6e31zOjg6IgAqAGNhc3RzIjthOjA6e31zOjE3OiIAKgBjbGFzc0Nhc3RDYWNoZSI7YTowOnt9czo4OiIAKgBkYXRlcyI7YTowOnt9czoxMzoiACoAZGF0ZUZvcm1hdCI7TjtzOjEwOiIAKgBhcHBlbmRzIjthOjA6e31zOjE5OiIAKgBkaXNwYXRjaGVzRXZlbnRzIjthOjA6e31zOjE0OiIAKgBvYnNlcnZhYmxlcyI7YTowOnt9czoxMjoiACoAcmVsYXRpb25zIjthOjE6e3M6ODoiY2hpbGRyZW4iO086MjY6IlR5cGlDTVNcTmVzdGFibGVDb2xsZWN0aW9uIjo4OntzOjg6IgAqAHRvdGFsIjtpOjA7czoxNToiACoAcGFyZW50Q29sdW1uIjtzOjk6InBhcmVudF9pZCI7czozMzoiACoAcmVtb3ZlSXRlbXNXaXRoTWlzc2luZ0FuY2VzdG9yIjtiOjE7czoxNDoiACoAaW5kZW50Q2hhcnMiO3M6ODoiwqDCoMKgwqAiO3M6MTU6IgAqAGNoaWxkcmVuTmFtZSI7czo1OiJpdGVtcyI7czoxNzoiACoAcGFyZW50UmVsYXRpb24iO3M6NjoicGFyZW50IjtzOjg6IgAqAGl0ZW1zIjthOjA6e31zOjI4OiIAKgBlc2NhcGVXaGVuQ2FzdGluZ1RvU3RyaW5nIjtiOjA7fX1zOjEwOiIAKgB0b3VjaGVzIjthOjA6e31zOjEwOiJ0aW1lc3RhbXBzIjtiOjE7czo5OiIAKgBoaWRkZW4iO2E6MDp7fXM6MTA6IgAqAHZpc2libGUiO2E6MDp7fXM6MTA6IgAqAGd1YXJkZWQiO2E6MTp7aTowO3M6MToiKiI7fX1pOjE7TzoxNzoiQXBwXE1vZGVsc1xNb2R1bGUiOjI5OntzOjExOiIAKgBmaWxsYWJsZSI7YTo5OntpOjA7czo3OiJtZW51X2lkIjtpOjE7czo0OiJ0eXBlIjtpOjI7czoxMToibW9kdWxlX25hbWUiO2k6MztzOjEzOiJkaXZpZGVyX3RpdGxlIjtpOjQ7czoxMDoiaWNvbl9jbGFzcyI7aTo1O3M6MzoidXJsIjtpOjY7czo1OiJvcmRlciI7aTo3O3M6OToicGFyZW50X2lkIjtpOjg7czo2OiJ0YXJnZXQiO31zOjEzOiIAKgBjb25uZWN0aW9uIjtzOjU6Im15c3FsIjtzOjg6IgAqAHRhYmxlIjtzOjc6Im1vZHVsZXMiO3M6MTM6IgAqAHByaW1hcnlLZXkiO3M6MjoiaWQiO3M6MTA6IgAqAGtleVR5cGUiO3M6MzoiaW50IjtzOjEyOiJpbmNyZW1lbnRpbmciO2I6MTtzOjc6IgAqAHdpdGgiO2E6MDp7fXM6MTI6IgAqAHdpdGhDb3VudCI7YTowOnt9czoxOToicHJldmVudHNMYXp5TG9hZGluZyI7YjowO3M6MTA6IgAqAHBlclBhZ2UiO2k6MTU7czo2OiJleGlzdHMiO2I6MTtzOjE4OiJ3YXNSZWNlbnRseUNyZWF0ZWQiO2I6MDtzOjI4OiIAKgBlc2NhcGVXaGVuQ2FzdGluZ1RvU3RyaW5nIjtiOjA7czoxMzoiACoAYXR0cmlidXRlcyI7YToxMjp7czoyOiJpZCI7aToxNjtzOjc6Im1lbnVfaWQiO2k6MTtzOjQ6InR5cGUiO3M6MToiMiI7czoxMToibW9kdWxlX25hbWUiO3M6MTM6IkRyaXZlciBMZWRnZXIiO3M6MTM6ImRpdmlkZXJfdGl0bGUiO047czoxMDoiaWNvbl9jbGFzcyI7TjtzOjM6InVybCI7czoxMzoiZHJpdmVyL2xlZGdlciI7czo1OiJvcmRlciI7aToyO3M6OToicGFyZW50X2lkIjtpOjE0O3M6NjoidGFyZ2V0IjtzOjU6Il9zZWxmIjtzOjEwOiJjcmVhdGVkX2F0IjtzOjE5OiIyMDIxLTExLTA0IDE3OjE0OjM3IjtzOjEwOiJ1cGRhdGVkX2F0IjtzOjE5OiIyMDIxLTExLTA0IDE3OjE0OjQyIjt9czoxMToiACoAb3JpZ2luYWwiO2E6MTI6e3M6MjoiaWQiO2k6MTY7czo3OiJtZW51X2lkIjtpOjE7czo0OiJ0eXBlIjtzOjE6IjIiO3M6MTE6Im1vZHVsZV9uYW1lIjtzOjEzOiJEcml2ZXIgTGVkZ2VyIjtzOjEzOiJkaXZpZGVyX3RpdGxlIjtOO3M6MTA6Imljb25fY2xhc3MiO047czozOiJ1cmwiO3M6MTM6ImRyaXZlci9sZWRnZXIiO3M6NToib3JkZXIiO2k6MjtzOjk6InBhcmVudF9pZCI7aToxNDtzOjY6InRhcmdldCI7czo1OiJfc2VsZiI7czoxMDoiY3JlYXRlZF9hdCI7czoxOToiMjAyMS0xMS0wNCAxNzoxNDozNyI7czoxMDoidXBkYXRlZF9hdCI7czoxOToiMjAyMS0xMS0wNCAxNzoxNDo0MiI7fXM6MTA6IgAqAGNoYW5nZXMiO2E6MDp7fXM6ODoiACoAY2FzdHMiO2E6MDp7fXM6MTc6IgAqAGNsYXNzQ2FzdENhY2hlIjthOjA6e31zOjg6IgAqAGRhdGVzIjthOjA6e31zOjEzOiIAKgBkYXRlRm9ybWF0IjtOO3M6MTA6IgAqAGFwcGVuZHMiO2E6MDp7fXM6MTk6IgAqAGRpc3BhdGNoZXNFdmVudHMiO2E6MDp7fXM6MTQ6IgAqAG9ic2VydmFibGVzIjthOjA6e31zOjEyOiIAKgByZWxhdGlvbnMiO2E6MTp7czo4OiJjaGlsZHJlbiI7TzoyNjoiVHlwaUNNU1xOZXN0YWJsZUNvbGxlY3Rpb24iOjg6e3M6ODoiACoAdG90YWwiO2k6MDtzOjE1OiIAKgBwYXJlbnRDb2x1bW4iO3M6OToicGFyZW50X2lkIjtzOjMzOiIAKgByZW1vdmVJdGVtc1dpdGhNaXNzaW5nQW5jZXN0b3IiO2I6MTtzOjE0OiIAKgBpbmRlbnRDaGFycyI7czo4OiLCoMKgwqDCoCI7czoxNToiACoAY2hpbGRyZW5OYW1lIjtzOjU6Iml0ZW1zIjtzOjE3OiIAKgBwYXJlbnRSZWxhdGlvbiI7czo2OiJwYXJlbnQiO3M6ODoiACoAaXRlbXMiO2E6MDp7fXM6Mjg6IgAqAGVzY2FwZVdoZW5DYXN0aW5nVG9TdHJpbmciO2I6MDt9fXM6MTA6IgAqAHRvdWNoZXMiO2E6MDp7fXM6MTA6InRpbWVzdGFtcHMiO2I6MTtzOjk6IgAqAGhpZGRlbiI7YTowOnt9czoxMDoiACoAdmlzaWJsZSI7YTowOnt9czoxMDoiACoAZ3VhcmRlZCI7YToxOntpOjA7czoxOiIqIjt9fX1zOjI4OiIAKgBlc2NhcGVXaGVuQ2FzdGluZ1RvU3RyaW5nIjtiOjA7fX1zOjEwOiIAKgB0b3VjaGVzIjthOjA6e31zOjEwOiJ0aW1lc3RhbXBzIjtiOjE7czo5OiIAKgBoaWRkZW4iO2E6MDp7fXM6MTA6IgAqAHZpc2libGUiO2E6MDp7fXM6MTA6IgAqAGd1YXJkZWQiO2E6MTp7aTowO3M6MToiKiI7fX1pOjY7TzoxNzoiQXBwXE1vZGVsc1xNb2R1bGUiOjI5OntzOjExOiIAKgBmaWxsYWJsZSI7YTo5OntpOjA7czo3OiJtZW51X2lkIjtpOjE7czo0OiJ0eXBlIjtpOjI7czoxMToibW9kdWxlX25hbWUiO2k6MztzOjEzOiJkaXZpZGVyX3RpdGxlIjtpOjQ7czoxMDoiaWNvbl9jbGFzcyI7aTo1O3M6MzoidXJsIjtpOjY7czo1OiJvcmRlciI7aTo3O3M6OToicGFyZW50X2lkIjtpOjg7czo2OiJ0YXJnZXQiO31zOjEzOiIAKgBjb25uZWN0aW9uIjtzOjU6Im15c3FsIjtzOjg6IgAqAHRhYmxlIjtzOjc6Im1vZHVsZXMiO3M6MTM6IgAqAHByaW1hcnlLZXkiO3M6MjoiaWQiO3M6MTA6IgAqAGtleVR5cGUiO3M6MzoiaW50IjtzOjEyOiJpbmNyZW1lbnRpbmciO2I6MTtzOjc6IgAqAHdpdGgiO2E6MDp7fXM6MTI6IgAqAHdpdGhDb3VudCI7YTowOnt9czoxOToicHJldmVudHNMYXp5TG9hZGluZyI7YjowO3M6MTA6IgAqAHBlclBhZ2UiO2k6MTU7czo2OiJleGlzdHMiO2I6MTtzOjE4OiJ3YXNSZWNlbnRseUNyZWF0ZWQiO2I6MDtzOjI4OiIAKgBlc2NhcGVXaGVuQ2FzdGluZ1RvU3RyaW5nIjtiOjA7czoxMzoiACoAYXR0cmlidXRlcyI7YToxMjp7czoyOiJpZCI7aTozMDtzOjc6Im1lbnVfaWQiO2k6MTtzOjQ6InR5cGUiO3M6MToiMiI7czoxMToibW9kdWxlX25hbWUiO3M6ODoiQWNjb3VudHMiO3M6MTM6ImRpdmlkZXJfdGl0bGUiO047czoxMDoiaWNvbl9jbGFzcyI7czoyMToiZmFyIGZhLW1vbmV5LWJpbGwtYWx0IjtzOjM6InVybCI7TjtzOjU6Im9yZGVyIjtpOjc7czo5OiJwYXJlbnRfaWQiO047czo2OiJ0YXJnZXQiO047czoxMDoiY3JlYXRlZF9hdCI7czoxOToiMjAyMS0xMS0wNCAxNzoyNToxMyI7czoxMDoidXBkYXRlZF9hdCI7czoxOToiMjAyMS0xMS0wNCAxNzo1MTowMiI7fXM6MTE6IgAqAG9yaWdpbmFsIjthOjEyOntzOjI6ImlkIjtpOjMwO3M6NzoibWVudV9pZCI7aToxO3M6NDoidHlwZSI7czoxOiIyIjtzOjExOiJtb2R1bGVfbmFtZSI7czo4OiJBY2NvdW50cyI7czoxMzoiZGl2aWRlcl90aXRsZSI7TjtzOjEwOiJpY29uX2NsYXNzIjtzOjIxOiJmYXIgZmEtbW9uZXktYmlsbC1hbHQiO3M6MzoidXJsIjtOO3M6NToib3JkZXIiO2k6NztzOjk6InBhcmVudF9pZCI7TjtzOjY6InRhcmdldCI7TjtzOjEwOiJjcmVhdGVkX2F0IjtzOjE5OiIyMDIxLTExLTA0IDE3OjI1OjEzIjtzOjEwOiJ1cGRhdGVkX2F0IjtzOjE5OiIyMDIxLTExLTA0IDE3OjUxOjAyIjt9czoxMDoiACoAY2hhbmdlcyI7YTowOnt9czo4OiIAKgBjYXN0cyI7YTowOnt9czoxNzoiACoAY2xhc3NDYXN0Q2FjaGUiO2E6MDp7fXM6ODoiACoAZGF0ZXMiO2E6MDp7fXM6MTM6IgAqAGRhdGVGb3JtYXQiO047czoxMDoiACoAYXBwZW5kcyI7YTowOnt9czoxOToiACoAZGlzcGF0Y2hlc0V2ZW50cyI7YTowOnt9czoxNDoiACoAb2JzZXJ2YWJsZXMiO2E6MDp7fXM6MTI6IgAqAHJlbGF0aW9ucyI7YToxOntzOjg6ImNoaWxkcmVuIjtPOjI2OiJUeXBpQ01TXE5lc3RhYmxlQ29sbGVjdGlvbiI6ODp7czo4OiIAKgB0b3RhbCI7aTo2O3M6MTU6IgAqAHBhcmVudENvbHVtbiI7czo5OiJwYXJlbnRfaWQiO3M6MzM6IgAqAHJlbW92ZUl0ZW1zV2l0aE1pc3NpbmdBbmNlc3RvciI7YjoxO3M6MTQ6IgAqAGluZGVudENoYXJzIjtzOjg6IsKgwqDCoMKgIjtzOjE1OiIAKgBjaGlsZHJlbk5hbWUiO3M6NToiaXRlbXMiO3M6MTc6IgAqAHBhcmVudFJlbGF0aW9uIjtzOjY6InBhcmVudCI7czo4OiIAKgBpdGVtcyI7YTo2OntpOjA7TzoxNzoiQXBwXE1vZGVsc1xNb2R1bGUiOjI5OntzOjExOiIAKgBmaWxsYWJsZSI7YTo5OntpOjA7czo3OiJtZW51X2lkIjtpOjE7czo0OiJ0eXBlIjtpOjI7czoxMToibW9kdWxlX25hbWUiO2k6MztzOjEzOiJkaXZpZGVyX3RpdGxlIjtpOjQ7czoxMDoiaWNvbl9jbGFzcyI7aTo1O3M6MzoidXJsIjtpOjY7czo1OiJvcmRlciI7aTo3O3M6OToicGFyZW50X2lkIjtpOjg7czo2OiJ0YXJnZXQiO31zOjEzOiIAKgBjb25uZWN0aW9uIjtzOjU6Im15c3FsIjtzOjg6IgAqAHRhYmxlIjtzOjc6Im1vZHVsZXMiO3M6MTM6IgAqAHByaW1hcnlLZXkiO3M6MjoiaWQiO3M6MTA6IgAqAGtleVR5cGUiO3M6MzoiaW50IjtzOjEyOiJpbmNyZW1lbnRpbmciO2I6MTtzOjc6IgAqAHdpdGgiO2E6MDp7fXM6MTI6IgAqAHdpdGhDb3VudCI7YTowOnt9czoxOToicHJldmVudHNMYXp5TG9hZGluZyI7YjowO3M6MTA6IgAqAHBlclBhZ2UiO2k6MTU7czo2OiJleGlzdHMiO2I6MTtzOjE4OiJ3YXNSZWNlbnRseUNyZWF0ZWQiO2I6MDtzOjI4OiIAKgBlc2NhcGVXaGVuQ2FzdGluZ1RvU3RyaW5nIjtiOjA7czoxMzoiACoAYXR0cmlidXRlcyI7YToxMjp7czoyOiJpZCI7aTozMTtzOjc6Im1lbnVfaWQiO2k6MTtzOjQ6InR5cGUiO3M6MToiMiI7czoxMToibW9kdWxlX25hbWUiO3M6MTY6IkNoYXJ0IG9mIEFjY291bnQiO3M6MTM6ImRpdmlkZXJfdGl0bGUiO047czoxMDoiaWNvbl9jbGFzcyI7TjtzOjM6InVybCI7czozOiJjb2EiO3M6NToib3JkZXIiO2k6MTtzOjk6InBhcmVudF9pZCI7aTozMDtzOjY6InRhcmdldCI7czo1OiJfc2VsZiI7czoxMDoiY3JlYXRlZF9hdCI7czoxOToiMjAyMS0xMS0wNCAxNzozNTo1MyI7czoxMDoidXBkYXRlZF9hdCI7czoxOToiMjAyMS0xMS0wNCAxNzozOTo0NSI7fXM6MTE6IgAqAG9yaWdpbmFsIjthOjEyOntzOjI6ImlkIjtpOjMxO3M6NzoibWVudV9pZCI7aToxO3M6NDoidHlwZSI7czoxOiIyIjtzOjExOiJtb2R1bGVfbmFtZSI7czoxNjoiQ2hhcnQgb2YgQWNjb3VudCI7czoxMzoiZGl2aWRlcl90aXRsZSI7TjtzOjEwOiJpY29uX2NsYXNzIjtOO3M6MzoidXJsIjtzOjM6ImNvYSI7czo1OiJvcmRlciI7aToxO3M6OToicGFyZW50X2lkIjtpOjMwO3M6NjoidGFyZ2V0IjtzOjU6Il9zZWxmIjtzOjEwOiJjcmVhdGVkX2F0IjtzOjE5OiIyMDIxLTExLTA0IDE3OjM1OjUzIjtzOjEwOiJ1cGRhdGVkX2F0IjtzOjE5OiIyMDIxLTExLTA0IDE3OjM5OjQ1Ijt9czoxMDoiACoAY2hhbmdlcyI7YTowOnt9czo4OiIAKgBjYXN0cyI7YTowOnt9czoxNzoiACoAY2xhc3NDYXN0Q2FjaGUiO2E6MDp7fXM6ODoiACoAZGF0ZXMiO2E6MDp7fXM6MTM6IgAqAGRhdGVGb3JtYXQiO047czoxMDoiACoAYXBwZW5kcyI7YTowOnt9czoxOToiACoAZGlzcGF0Y2hlc0V2ZW50cyI7YTowOnt9czoxNDoiACoAb2JzZXJ2YWJsZXMiO2E6MDp7fXM6MTI6IgAqAHJlbGF0aW9ucyI7YToxOntzOjg6ImNoaWxkcmVuIjtPOjI2OiJUeXBpQ01TXE5lc3RhYmxlQ29sbGVjdGlvbiI6ODp7czo4OiIAKgB0b3RhbCI7aTowO3M6MTU6IgAqAHBhcmVudENvbHVtbiI7czo5OiJwYXJlbnRfaWQiO3M6MzM6IgAqAHJlbW92ZUl0ZW1zV2l0aE1pc3NpbmdBbmNlc3RvciI7YjoxO3M6MTQ6IgAqAGluZGVudENoYXJzIjtzOjg6IsKgwqDCoMKgIjtzOjE1OiIAKgBjaGlsZHJlbk5hbWUiO3M6NToiaXRlbXMiO3M6MTc6IgAqAHBhcmVudFJlbGF0aW9uIjtzOjY6InBhcmVudCI7czo4OiIAKgBpdGVtcyI7YTowOnt9czoyODoiACoAZXNjYXBlV2hlbkNhc3RpbmdUb1N0cmluZyI7YjowO319czoxMDoiACoAdG91Y2hlcyI7YTowOnt9czoxMDoidGltZXN0YW1wcyI7YjoxO3M6OToiACoAaGlkZGVuIjthOjA6e31zOjEwOiIAKgB2aXNpYmxlIjthOjA6e31zOjEwOiIAKgBndWFyZGVkIjthOjE6e2k6MDtzOjE6IioiO319aToxO086MTc6IkFwcFxNb2RlbHNcTW9kdWxlIjoyOTp7czoxMToiACoAZmlsbGFibGUiO2E6OTp7aTowO3M6NzoibWVudV9pZCI7aToxO3M6NDoidHlwZSI7aToyO3M6MTE6Im1vZHVsZV9uYW1lIjtpOjM7czoxMzoiZGl2aWRlcl90aXRsZSI7aTo0O3M6MTA6Imljb25fY2xhc3MiO2k6NTtzOjM6InVybCI7aTo2O3M6NToib3JkZXIiO2k6NztzOjk6InBhcmVudF9pZCI7aTo4O3M6NjoidGFyZ2V0Ijt9czoxMzoiACoAY29ubmVjdGlvbiI7czo1OiJteXNxbCI7czo4OiIAKgB0YWJsZSI7czo3OiJtb2R1bGVzIjtzOjEzOiIAKgBwcmltYXJ5S2V5IjtzOjI6ImlkIjtzOjEwOiIAKgBrZXlUeXBlIjtzOjM6ImludCI7czoxMjoiaW5jcmVtZW50aW5nIjtiOjE7czo3OiIAKgB3aXRoIjthOjA6e31zOjEyOiIAKgB3aXRoQ291bnQiO2E6MDp7fXM6MTk6InByZXZlbnRzTGF6eUxvYWRpbmciO2I6MDtzOjEwOiIAKgBwZXJQYWdlIjtpOjE1O3M6NjoiZXhpc3RzIjtiOjE7czoxODoid2FzUmVjZW50bHlDcmVhdGVkIjtiOjA7czoyODoiACoAZXNjYXBlV2hlbkNhc3RpbmdUb1N0cmluZyI7YjowO3M6MTM6IgAqAGF0dHJpYnV0ZXMiO2E6MTI6e3M6MjoiaWQiO2k6MzI7czo3OiJtZW51X2lkIjtpOjE7czo0OiJ0eXBlIjtzOjE6IjIiO3M6MTE6Im1vZHVsZV9uYW1lIjtzOjE1OiJPcGVuaW5nIEJhbGFuY2UiO3M6MTM6ImRpdmlkZXJfdGl0bGUiO047czoxMDoiaWNvbl9jbGFzcyI7TjtzOjM6InVybCI7czoxNToib3BlbmluZy1iYWxhbmNlIjtzOjU6Im9yZGVyIjtpOjI7czo5OiJwYXJlbnRfaWQiO2k6MzA7czo2OiJ0YXJnZXQiO3M6NToiX3NlbGYiO3M6MTA6ImNyZWF0ZWRfYXQiO3M6MTk6IjIwMjEtMTEtMDQgMTc6MzY6MjAiO3M6MTA6InVwZGF0ZWRfYXQiO3M6MTk6IjIwMjEtMTEtMDQgMTc6Mzk6NDciO31zOjExOiIAKgBvcmlnaW5hbCI7YToxMjp7czoyOiJpZCI7aTozMjtzOjc6Im1lbnVfaWQiO2k6MTtzOjQ6InR5cGUiO3M6MToiMiI7czoxMToibW9kdWxlX25hbWUiO3M6MTU6Ik9wZW5pbmcgQmFsYW5jZSI7czoxMzoiZGl2aWRlcl90aXRsZSI7TjtzOjEwOiJpY29uX2NsYXNzIjtOO3M6MzoidXJsIjtzOjE1OiJvcGVuaW5nLWJhbGFuY2UiO3M6NToib3JkZXIiO2k6MjtzOjk6InBhcmVudF9pZCI7aTozMDtzOjY6InRhcmdldCI7czo1OiJfc2VsZiI7czoxMDoiY3JlYXRlZF9hdCI7czoxOToiMjAyMS0xMS0wNCAxNzozNjoyMCI7czoxMDoidXBkYXRlZF9hdCI7czoxOToiMjAyMS0xMS0wNCAxNzozOTo0NyI7fXM6MTA6IgAqAGNoYW5nZXMiO2E6MDp7fXM6ODoiACoAY2FzdHMiO2E6MDp7fXM6MTc6IgAqAGNsYXNzQ2FzdENhY2hlIjthOjA6e31zOjg6IgAqAGRhdGVzIjthOjA6e31zOjEzOiIAKgBkYXRlRm9ybWF0IjtOO3M6MTA6IgAqAGFwcGVuZHMiO2E6MDp7fXM6MTk6IgAqAGRpc3BhdGNoZXNFdmVudHMiO2E6MDp7fXM6MTQ6IgAqAG9ic2VydmFibGVzIjthOjA6e31zOjEyOiIAKgByZWxhdGlvbnMiO2E6MTp7czo4OiJjaGlsZHJlbiI7TzoyNjoiVHlwaUNNU1xOZXN0YWJsZUNvbGxlY3Rpb24iOjg6e3M6ODoiACoAdG90YWwiO2k6MDtzOjE1OiIAKgBwYXJlbnRDb2x1bW4iO3M6OToicGFyZW50X2lkIjtzOjMzOiIAKgByZW1vdmVJdGVtc1dpdGhNaXNzaW5nQW5jZXN0b3IiO2I6MTtzOjE0OiIAKgBpbmRlbnRDaGFycyI7czo4OiLCoMKgwqDCoCI7czoxNToiACoAY2hpbGRyZW5OYW1lIjtzOjU6Iml0ZW1zIjtzOjE3OiIAKgBwYXJlbnRSZWxhdGlvbiI7czo2OiJwYXJlbnQiO3M6ODoiACoAaXRlbXMiO2E6MDp7fXM6Mjg6IgAqAGVzY2FwZVdoZW5DYXN0aW5nVG9TdHJpbmciO2I6MDt9fXM6MTA6IgAqAHRvdWNoZXMiO2E6MDp7fXM6MTA6InRpbWVzdGFtcHMiO2I6MTtzOjk6IgAqAGhpZGRlbiI7YTowOnt9czoxMDoiACoAdmlzaWJsZSI7YTowOnt9czoxMDoiACoAZ3VhcmRlZCI7YToxOntpOjA7czoxOiIqIjt9fWk6MjtPOjE3OiJBcHBcTW9kZWxzXE1vZHVsZSI6Mjk6e3M6MTE6IgAqAGZpbGxhYmxlIjthOjk6e2k6MDtzOjc6Im1lbnVfaWQiO2k6MTtzOjQ6InR5cGUiO2k6MjtzOjExOiJtb2R1bGVfbmFtZSI7aTozO3M6MTM6ImRpdmlkZXJfdGl0bGUiO2k6NDtzOjEwOiJpY29uX2NsYXNzIjtpOjU7czozOiJ1cmwiO2k6NjtzOjU6Im9yZGVyIjtpOjc7czo5OiJwYXJlbnRfaWQiO2k6ODtzOjY6InRhcmdldCI7fXM6MTM6IgAqAGNvbm5lY3Rpb24iO3M6NToibXlzcWwiO3M6ODoiACoAdGFibGUiO3M6NzoibW9kdWxlcyI7czoxMzoiACoAcHJpbWFyeUtleSI7czoyOiJpZCI7czoxMDoiACoAa2V5VHlwZSI7czozOiJpbnQiO3M6MTI6ImluY3JlbWVudGluZyI7YjoxO3M6NzoiACoAd2l0aCI7YTowOnt9czoxMjoiACoAd2l0aENvdW50IjthOjA6e31zOjE5OiJwcmV2ZW50c0xhenlMb2FkaW5nIjtiOjA7czoxMDoiACoAcGVyUGFnZSI7aToxNTtzOjY6ImV4aXN0cyI7YjoxO3M6MTg6Indhc1JlY2VudGx5Q3JlYXRlZCI7YjowO3M6Mjg6IgAqAGVzY2FwZVdoZW5DYXN0aW5nVG9TdHJpbmciO2I6MDtzOjEzOiIAKgBhdHRyaWJ1dGVzIjthOjEyOntzOjI6ImlkIjtpOjMzO3M6NzoibWVudV9pZCI7aToxO3M6NDoidHlwZSI7czoxOiIyIjtzOjExOiJtb2R1bGVfbmFtZSI7czoxNDoiRHJpdmVyIFBheW1lbnQiO3M6MTM6ImRpdmlkZXJfdGl0bGUiO047czoxMDoiaWNvbl9jbGFzcyI7TjtzOjM6InVybCI7czoxNDoiZHJpdmVyLXBheW1lbnQiO3M6NToib3JkZXIiO2k6MztzOjk6InBhcmVudF9pZCI7aTozMDtzOjY6InRhcmdldCI7czo1OiJfc2VsZiI7czoxMDoiY3JlYXRlZF9hdCI7czoxOToiMjAyMS0xMS0wNCAxNzozNjo0MiI7czoxMDoidXBkYXRlZF9hdCI7czoxOToiMjAyMS0xMS0wNCAxNzozOTo0OCI7fXM6MTE6IgAqAG9yaWdpbmFsIjthOjEyOntzOjI6ImlkIjtpOjMzO3M6NzoibWVudV9pZCI7aToxO3M6NDoidHlwZSI7czoxOiIyIjtzOjExOiJtb2R1bGVfbmFtZSI7czoxNDoiRHJpdmVyIFBheW1lbnQiO3M6MTM6ImRpdmlkZXJfdGl0bGUiO047czoxMDoiaWNvbl9jbGFzcyI7TjtzOjM6InVybCI7czoxNDoiZHJpdmVyLXBheW1lbnQiO3M6NToib3JkZXIiO2k6MztzOjk6InBhcmVudF9pZCI7aTozMDtzOjY6InRhcmdldCI7czo1OiJfc2VsZiI7czoxMDoiY3JlYXRlZF9hdCI7czoxOToiMjAyMS0xMS0wNCAxNzozNjo0MiI7czoxMDoidXBkYXRlZF9hdCI7czoxOToiMjAyMS0xMS0wNCAxNzozOTo0OCI7fXM6MTA6IgAqAGNoYW5nZXMiO2E6MDp7fXM6ODoiACoAY2FzdHMiO2E6MDp7fXM6MTc6IgAqAGNsYXNzQ2FzdENhY2hlIjthOjA6e31zOjg6IgAqAGRhdGVzIjthOjA6e31zOjEzOiIAKgBkYXRlRm9ybWF0IjtOO3M6MTA6IgAqAGFwcGVuZHMiO2E6MDp7fXM6MTk6IgAqAGRpc3BhdGNoZXNFdmVudHMiO2E6MDp7fXM6MTQ6IgAqAG9ic2VydmFibGVzIjthOjA6e31zOjEyOiIAKgByZWxhdGlvbnMiO2E6MTp7czo4OiJjaGlsZHJlbiI7TzoyNjoiVHlwaUNNU1xOZXN0YWJsZUNvbGxlY3Rpb24iOjg6e3M6ODoiACoAdG90YWwiO2k6MDtzOjE1OiIAKgBwYXJlbnRDb2x1bW4iO3M6OToicGFyZW50X2lkIjtzOjMzOiIAKgByZW1vdmVJdGVtc1dpdGhNaXNzaW5nQW5jZXN0b3IiO2I6MTtzOjE0OiIAKgBpbmRlbnRDaGFycyI7czo4OiLCoMKgwqDCoCI7czoxNToiACoAY2hpbGRyZW5OYW1lIjtzOjU6Iml0ZW1zIjtzOjE3OiIAKgBwYXJlbnRSZWxhdGlvbiI7czo2OiJwYXJlbnQiO3M6ODoiACoAaXRlbXMiO2E6MDp7fXM6Mjg6IgAqAGVzY2FwZVdoZW5DYXN0aW5nVG9TdHJpbmciO2I6MDt9fXM6MTA6IgAqAHRvdWNoZXMiO2E6MDp7fXM6MTA6InRpbWVzdGFtcHMiO2I6MTtzOjk6IgAqAGhpZGRlbiI7YTowOnt9czoxMDoiACoAdmlzaWJsZSI7YTowOnt9czoxMDoiACoAZ3VhcmRlZCI7YToxOntpOjA7czoxOiIqIjt9fWk6MztPOjE3OiJBcHBcTW9kZWxzXE1vZHVsZSI6Mjk6e3M6MTE6IgAqAGZpbGxhYmxlIjthOjk6e2k6MDtzOjc6Im1lbnVfaWQiO2k6MTtzOjQ6InR5cGUiO2k6MjtzOjExOiJtb2R1bGVfbmFtZSI7aTozO3M6MTM6ImRpdmlkZXJfdGl0bGUiO2k6NDtzOjEwOiJpY29uX2NsYXNzIjtpOjU7czozOiJ1cmwiO2k6NjtzOjU6Im9yZGVyIjtpOjc7czo5OiJwYXJlbnRfaWQiO2k6ODtzOjY6InRhcmdldCI7fXM6MTM6IgAqAGNvbm5lY3Rpb24iO3M6NToibXlzcWwiO3M6ODoiACoAdGFibGUiO3M6NzoibW9kdWxlcyI7czoxMzoiACoAcHJpbWFyeUtleSI7czoyOiJpZCI7czoxMDoiACoAa2V5VHlwZSI7czozOiJpbnQiO3M6MTI6ImluY3JlbWVudGluZyI7YjoxO3M6NzoiACoAd2l0aCI7YTowOnt9czoxMjoiACoAd2l0aENvdW50IjthOjA6e31zOjE5OiJwcmV2ZW50c0xhenlMb2FkaW5nIjtiOjA7czoxMDoiACoAcGVyUGFnZSI7aToxNTtzOjY6ImV4aXN0cyI7YjoxO3M6MTg6Indhc1JlY2VudGx5Q3JlYXRlZCI7YjowO3M6Mjg6IgAqAGVzY2FwZVdoZW5DYXN0aW5nVG9TdHJpbmciO2I6MDtzOjEzOiIAKgBhdHRyaWJ1dGVzIjthOjEyOntzOjI6ImlkIjtpOjM0O3M6NzoibWVudV9pZCI7aToxO3M6NDoidHlwZSI7czoxOiIyIjtzOjExOiJtb2R1bGVfbmFtZSI7czoxNToiQ2FzaCBBZGp1c3RtZW50IjtzOjEzOiJkaXZpZGVyX3RpdGxlIjtOO3M6MTA6Imljb25fY2xhc3MiO047czozOiJ1cmwiO3M6MjI6ImNhc2gtYWRqdXN0bWVudC9jcmVhdGUiO3M6NToib3JkZXIiO2k6NDtzOjk6InBhcmVudF9pZCI7aTozMDtzOjY6InRhcmdldCI7czo1OiJfc2VsZiI7czoxMDoiY3JlYXRlZF9hdCI7czoxOToiMjAyMS0xMS0wNCAxNzozODowMCI7czoxMDoidXBkYXRlZF9hdCI7czoxOToiMjAyMS0xMS0wNCAxNzozOTo1MCI7fXM6MTE6IgAqAG9yaWdpbmFsIjthOjEyOntzOjI6ImlkIjtpOjM0O3M6NzoibWVudV9pZCI7aToxO3M6NDoidHlwZSI7czoxOiIyIjtzOjExOiJtb2R1bGVfbmFtZSI7czoxNToiQ2FzaCBBZGp1c3RtZW50IjtzOjEzOiJkaXZpZGVyX3RpdGxlIjtOO3M6MTA6Imljb25fY2xhc3MiO047czozOiJ1cmwiO3M6MjI6ImNhc2gtYWRqdXN0bWVudC9jcmVhdGUiO3M6NToib3JkZXIiO2k6NDtzOjk6InBhcmVudF9pZCI7aTozMDtzOjY6InRhcmdldCI7czo1OiJfc2VsZiI7czoxMDoiY3JlYXRlZF9hdCI7czoxOToiMjAyMS0xMS0wNCAxNzozODowMCI7czoxMDoidXBkYXRlZF9hdCI7czoxOToiMjAyMS0xMS0wNCAxNzozOTo1MCI7fXM6MTA6IgAqAGNoYW5nZXMiO2E6MDp7fXM6ODoiACoAY2FzdHMiO2E6MDp7fXM6MTc6IgAqAGNsYXNzQ2FzdENhY2hlIjthOjA6e31zOjg6IgAqAGRhdGVzIjthOjA6e31zOjEzOiIAKgBkYXRlRm9ybWF0IjtOO3M6MTA6IgAqAGFwcGVuZHMiO2E6MDp7fXM6MTk6IgAqAGRpc3BhdGNoZXNFdmVudHMiO2E6MDp7fXM6MTQ6IgAqAG9ic2VydmFibGVzIjthOjA6e31zOjEyOiIAKgByZWxhdGlvbnMiO2E6MTp7czo4OiJjaGlsZHJlbiI7TzoyNjoiVHlwaUNNU1xOZXN0YWJsZUNvbGxlY3Rpb24iOjg6e3M6ODoiACoAdG90YWwiO2k6MDtzOjE1OiIAKgBwYXJlbnRDb2x1bW4iO3M6OToicGFyZW50X2lkIjtzOjMzOiIAKgByZW1vdmVJdGVtc1dpdGhNaXNzaW5nQW5jZXN0b3IiO2I6MTtzOjE0OiIAKgBpbmRlbnRDaGFycyI7czo4OiLCoMKgwqDCoCI7czoxNToiACoAY2hpbGRyZW5OYW1lIjtzOjU6Iml0ZW1zIjtzOjE3OiIAKgBwYXJlbnRSZWxhdGlvbiI7czo2OiJwYXJlbnQiO3M6ODoiACoAaXRlbXMiO2E6MDp7fXM6Mjg6IgAqAGVzY2FwZVdoZW5DYXN0aW5nVG9TdHJpbmciO2I6MDt9fXM6MTA6IgAqAHRvdWNoZXMiO2E6MDp7fXM6MTA6InRpbWVzdGFtcHMiO2I6MTtzOjk6IgAqAGhpZGRlbiI7YTowOnt9czoxMDoiACoAdmlzaWJsZSI7YTowOnt9czoxMDoiACoAZ3VhcmRlZCI7YToxOntpOjA7czoxOiIqIjt9fWk6NDtPOjE3OiJBcHBcTW9kZWxzXE1vZHVsZSI6Mjk6e3M6MTE6IgAqAGZpbGxhYmxlIjthOjk6e2k6MDtzOjc6Im1lbnVfaWQiO2k6MTtzOjQ6InR5cGUiO2k6MjtzOjExOiJtb2R1bGVfbmFtZSI7aTozO3M6MTM6ImRpdmlkZXJfdGl0bGUiO2k6NDtzOjEwOiJpY29uX2NsYXNzIjtpOjU7czozOiJ1cmwiO2k6NjtzOjU6Im9yZGVyIjtpOjc7czo5OiJwYXJlbnRfaWQiO2k6ODtzOjY6InRhcmdldCI7fXM6MTM6IgAqAGNvbm5lY3Rpb24iO3M6NToibXlzcWwiO3M6ODoiACoAdGFibGUiO3M6NzoibW9kdWxlcyI7czoxMzoiACoAcHJpbWFyeUtleSI7czoyOiJpZCI7czoxMDoiACoAa2V5VHlwZSI7czozOiJpbnQiO3M6MTI6ImluY3JlbWVudGluZyI7YjoxO3M6NzoiACoAd2l0aCI7YTowOnt9czoxMjoiACoAd2l0aENvdW50IjthOjA6e31zOjE5OiJwcmV2ZW50c0xhenlMb2FkaW5nIjtiOjA7czoxMDoiACoAcGVyUGFnZSI7aToxNTtzOjY6ImV4aXN0cyI7YjoxO3M6MTg6Indhc1JlY2VudGx5Q3JlYXRlZCI7YjowO3M6Mjg6IgAqAGVzY2FwZVdoZW5DYXN0aW5nVG9TdHJpbmciO2I6MDtzOjEzOiIAKgBhdHRyaWJ1dGVzIjthOjEyOntzOjI6ImlkIjtpOjM1O3M6NzoibWVudV9pZCI7aToxO3M6NDoidHlwZSI7czoxOiIyIjtzOjExOiJtb2R1bGVfbmFtZSI7czoyMDoiQ2FzaCBBZGp1c3RtZW50IExpc3QiO3M6MTM6ImRpdmlkZXJfdGl0bGUiO047czoxMDoiaWNvbl9jbGFzcyI7TjtzOjM6InVybCI7czoxNToiY2FzaC1hZGp1c3RtZW50IjtzOjU6Im9yZGVyIjtpOjU7czo5OiJwYXJlbnRfaWQiO2k6MzA7czo2OiJ0YXJnZXQiO3M6NToiX3NlbGYiO3M6MTA6ImNyZWF0ZWRfYXQiO3M6MTk6IjIwMjEtMTEtMDQgMTc6Mzk6MTMiO3M6MTA6InVwZGF0ZWRfYXQiO3M6MTk6IjIwMjEtMTEtMDQgMTc6Mzk6NTMiO31zOjExOiIAKgBvcmlnaW5hbCI7YToxMjp7czoyOiJpZCI7aTozNTtzOjc6Im1lbnVfaWQiO2k6MTtzOjQ6InR5cGUiO3M6MToiMiI7czoxMToibW9kdWxlX25hbWUiO3M6MjA6IkNhc2ggQWRqdXN0bWVudCBMaXN0IjtzOjEzOiJkaXZpZGVyX3RpdGxlIjtOO3M6MTA6Imljb25fY2xhc3MiO047czozOiJ1cmwiO3M6MTU6ImNhc2gtYWRqdXN0bWVudCI7czo1OiJvcmRlciI7aTo1O3M6OToicGFyZW50X2lkIjtpOjMwO3M6NjoidGFyZ2V0IjtzOjU6Il9zZWxmIjtzOjEwOiJjcmVhdGVkX2F0IjtzOjE5OiIyMDIxLTExLTA0IDE3OjM5OjEzIjtzOjEwOiJ1cGRhdGVkX2F0IjtzOjE5OiIyMDIxLTExLTA0IDE3OjM5OjUzIjt9czoxMDoiACoAY2hhbmdlcyI7YTowOnt9czo4OiIAKgBjYXN0cyI7YTowOnt9czoxNzoiACoAY2xhc3NDYXN0Q2FjaGUiO2E6MDp7fXM6ODoiACoAZGF0ZXMiO2E6MDp7fXM6MTM6IgAqAGRhdGVGb3JtYXQiO047czoxMDoiACoAYXBwZW5kcyI7YTowOnt9czoxOToiACoAZGlzcGF0Y2hlc0V2ZW50cyI7YTowOnt9czoxNDoiACoAb2JzZXJ2YWJsZXMiO2E6MDp7fXM6MTI6IgAqAHJlbGF0aW9ucyI7YToxOntzOjg6ImNoaWxkcmVuIjtPOjI2OiJUeXBpQ01TXE5lc3RhYmxlQ29sbGVjdGlvbiI6ODp7czo4OiIAKgB0b3RhbCI7aTowO3M6MTU6IgAqAHBhcmVudENvbHVtbiI7czo5OiJwYXJlbnRfaWQiO3M6MzM6IgAqAHJlbW92ZUl0ZW1zV2l0aE1pc3NpbmdBbmNlc3RvciI7YjoxO3M6MTQ6IgAqAGluZGVudENoYXJzIjtzOjg6IsKgwqDCoMKgIjtzOjE1OiIAKgBjaGlsZHJlbk5hbWUiO3M6NToiaXRlbXMiO3M6MTc6IgAqAHBhcmVudFJlbGF0aW9uIjtzOjY6InBhcmVudCI7czo4OiIAKgBpdGVtcyI7YTowOnt9czoyODoiACoAZXNjYXBlV2hlbkNhc3RpbmdUb1N0cmluZyI7YjowO319czoxMDoiACoAdG91Y2hlcyI7YTowOnt9czoxMDoidGltZXN0YW1wcyI7YjoxO3M6OToiACoAaGlkZGVuIjthOjA6e31zOjEwOiIAKgB2aXNpYmxlIjthOjA6e31zOjEwOiIAKgBndWFyZGVkIjthOjE6e2k6MDtzOjE6IioiO319aTo1O086MTc6IkFwcFxNb2RlbHNcTW9kdWxlIjoyOTp7czoxMToiACoAZmlsbGFibGUiO2E6OTp7aTowO3M6NzoibWVudV9pZCI7aToxO3M6NDoidHlwZSI7aToyO3M6MTE6Im1vZHVsZV9uYW1lIjtpOjM7czoxMzoiZGl2aWRlcl90aXRsZSI7aTo0O3M6MTA6Imljb25fY2xhc3MiO2k6NTtzOjM6InVybCI7aTo2O3M6NToib3JkZXIiO2k6NztzOjk6InBhcmVudF9pZCI7aTo4O3M6NjoidGFyZ2V0Ijt9czoxMzoiACoAY29ubmVjdGlvbiI7czo1OiJteXNxbCI7czo4OiIAKgB0YWJsZSI7czo3OiJtb2R1bGVzIjtzOjEzOiIAKgBwcmltYXJ5S2V5IjtzOjI6ImlkIjtzOjEwOiIAKgBrZXlUeXBlIjtzOjM6ImludCI7czoxMjoiaW5jcmVtZW50aW5nIjtiOjE7czo3OiIAKgB3aXRoIjthOjA6e31zOjEyOiIAKgB3aXRoQ291bnQiO2E6MDp7fXM6MTk6InByZXZlbnRzTGF6eUxvYWRpbmciO2I6MDtzOjEwOiIAKgBwZXJQYWdlIjtpOjE1O3M6NjoiZXhpc3RzIjtiOjE7czoxODoid2FzUmVjZW50bHlDcmVhdGVkIjtiOjA7czoyODoiACoAZXNjYXBlV2hlbkNhc3RpbmdUb1N0cmluZyI7YjowO3M6MTM6IgAqAGF0dHJpYnV0ZXMiO2E6MTI6e3M6MjoiaWQiO2k6MzY7czo3OiJtZW51X2lkIjtpOjE7czo0OiJ0eXBlIjtzOjE6IjIiO3M6MTE6Im1vZHVsZV9uYW1lIjtzOjY6IlJlcG9ydCI7czoxMzoiZGl2aWRlcl90aXRsZSI7TjtzOjEwOiJpY29uX2NsYXNzIjtOO3M6MzoidXJsIjtOO3M6NToib3JkZXIiO2k6NjtzOjk6InBhcmVudF9pZCI7aTozMDtzOjY6InRhcmdldCI7TjtzOjEwOiJjcmVhdGVkX2F0IjtzOjE5OiIyMDIxLTExLTA0IDE3OjM5OjQyIjtzOjEwOiJ1cGRhdGVkX2F0IjtzOjE5OiIyMDIxLTExLTA0IDE3OjM5OjU3Ijt9czoxMToiACoAb3JpZ2luYWwiO2E6MTI6e3M6MjoiaWQiO2k6MzY7czo3OiJtZW51X2lkIjtpOjE7czo0OiJ0eXBlIjtzOjE6IjIiO3M6MTE6Im1vZHVsZV9uYW1lIjtzOjY6IlJlcG9ydCI7czoxMzoiZGl2aWRlcl90aXRsZSI7TjtzOjEwOiJpY29uX2NsYXNzIjtOO3M6MzoidXJsIjtOO3M6NToib3JkZXIiO2k6NjtzOjk6InBhcmVudF9pZCI7aTozMDtzOjY6InRhcmdldCI7TjtzOjEwOiJjcmVhdGVkX2F0IjtzOjE5OiIyMDIxLTExLTA0IDE3OjM5OjQyIjtzOjEwOiJ1cGRhdGVkX2F0IjtzOjE5OiIyMDIxLTExLTA0IDE3OjM5OjU3Ijt9czoxMDoiACoAY2hhbmdlcyI7YTowOnt9czo4OiIAKgBjYXN0cyI7YTowOnt9czoxNzoiACoAY2xhc3NDYXN0Q2FjaGUiO2E6MDp7fXM6ODoiACoAZGF0ZXMiO2E6MDp7fXM6MTM6IgAqAGRhdGVGb3JtYXQiO047czoxMDoiACoAYXBwZW5kcyI7YTowOnt9czoxOToiACoAZGlzcGF0Y2hlc0V2ZW50cyI7YTowOnt9czoxNDoiACoAb2JzZXJ2YWJsZXMiO2E6MDp7fXM6MTI6IgAqAHJlbGF0aW9ucyI7YToxOntzOjg6ImNoaWxkcmVuIjtPOjI2OiJUeXBpQ01TXE5lc3RhYmxlQ29sbGVjdGlvbiI6ODp7czo4OiIAKgB0b3RhbCI7aTo2O3M6MTU6IgAqAHBhcmVudENvbHVtbiI7czo5OiJwYXJlbnRfaWQiO3M6MzM6IgAqAHJlbW92ZUl0ZW1zV2l0aE1pc3NpbmdBbmNlc3RvciI7YjoxO3M6MTQ6IgAqAGluZGVudENoYXJzIjtzOjg6IsKgwqDCoMKgIjtzOjE1OiIAKgBjaGlsZHJlbk5hbWUiO3M6NToiaXRlbXMiO3M6MTc6IgAqAHBhcmVudFJlbGF0aW9uIjtzOjY6InBhcmVudCI7czo4OiIAKgBpdGVtcyI7YTo2OntpOjA7TzoxNzoiQXBwXE1vZGVsc1xNb2R1bGUiOjI5OntzOjExOiIAKgBmaWxsYWJsZSI7YTo5OntpOjA7czo3OiJtZW51X2lkIjtpOjE7czo0OiJ0eXBlIjtpOjI7czoxMToibW9kdWxlX25hbWUiO2k6MztzOjEzOiJkaXZpZGVyX3RpdGxlIjtpOjQ7czoxMDoiaWNvbl9jbGFzcyI7aTo1O3M6MzoidXJsIjtpOjY7czo1OiJvcmRlciI7aTo3O3M6OToicGFyZW50X2lkIjtpOjg7czo2OiJ0YXJnZXQiO31zOjEzOiIAKgBjb25uZWN0aW9uIjtzOjU6Im15c3FsIjtzOjg6IgAqAHRhYmxlIjtzOjc6Im1vZHVsZXMiO3M6MTM6IgAqAHByaW1hcnlLZXkiO3M6MjoiaWQiO3M6MTA6IgAqAGtleVR5cGUiO3M6MzoiaW50IjtzOjEyOiJpbmNyZW1lbnRpbmciO2I6MTtzOjc6IgAqAHdpdGgiO2E6MDp7fXM6MTI6IgAqAHdpdGhDb3VudCI7YTowOnt9czoxOToicHJldmVudHNMYXp5TG9hZGluZyI7YjowO3M6MTA6IgAqAHBlclBhZ2UiO2k6MTU7czo2OiJleGlzdHMiO2I6MTtzOjE4OiJ3YXNSZWNlbnRseUNyZWF0ZWQiO2I6MDtzOjI4OiIAKgBlc2NhcGVXaGVuQ2FzdGluZ1RvU3RyaW5nIjtiOjA7czoxMzoiACoAYXR0cmlidXRlcyI7YToxMjp7czoyOiJpZCI7aTozNztzOjc6Im1lbnVfaWQiO2k6MTtzOjQ6InR5cGUiO3M6MToiMiI7czoxMToibW9kdWxlX25hbWUiO3M6OToiQ2FzaCBCb29rIjtzOjEzOiJkaXZpZGVyX3RpdGxlIjtOO3M6MTA6Imljb25fY2xhc3MiO047czozOiJ1cmwiO3M6OToiY2FzaC1ib29rIjtzOjU6Im9yZGVyIjtpOjE7czo5OiJwYXJlbnRfaWQiO2k6MzY7czo2OiJ0YXJnZXQiO3M6NToiX3NlbGYiO3M6MTA6ImNyZWF0ZWRfYXQiO3M6MTk6IjIwMjEtMTEtMDQgMTc6NDA6MzAiO3M6MTA6InVwZGF0ZWRfYXQiO3M6MTk6IjIwMjEtMTEtMDQgMTc6NDI6MDAiO31zOjExOiIAKgBvcmlnaW5hbCI7YToxMjp7czoyOiJpZCI7aTozNztzOjc6Im1lbnVfaWQiO2k6MTtzOjQ6InR5cGUiO3M6MToiMiI7czoxMToibW9kdWxlX25hbWUiO3M6OToiQ2FzaCBCb29rIjtzOjEzOiJkaXZpZGVyX3RpdGxlIjtOO3M6MTA6Imljb25fY2xhc3MiO047czozOiJ1cmwiO3M6OToiY2FzaC1ib29rIjtzOjU6Im9yZGVyIjtpOjE7czo5OiJwYXJlbnRfaWQiO2k6MzY7czo2OiJ0YXJnZXQiO3M6NToiX3NlbGYiO3M6MTA6ImNyZWF0ZWRfYXQiO3M6MTk6IjIwMjEtMTEtMDQgMTc6NDA6MzAiO3M6MTA6InVwZGF0ZWRfYXQiO3M6MTk6IjIwMjEtMTEtMDQgMTc6NDI6MDAiO31zOjEwOiIAKgBjaGFuZ2VzIjthOjA6e31zOjg6IgAqAGNhc3RzIjthOjA6e31zOjE3OiIAKgBjbGFzc0Nhc3RDYWNoZSI7YTowOnt9czo4OiIAKgBkYXRlcyI7YTowOnt9czoxMzoiACoAZGF0ZUZvcm1hdCI7TjtzOjEwOiIAKgBhcHBlbmRzIjthOjA6e31zOjE5OiIAKgBkaXNwYXRjaGVzRXZlbnRzIjthOjA6e31zOjE0OiIAKgBvYnNlcnZhYmxlcyI7YTowOnt9czoxMjoiACoAcmVsYXRpb25zIjthOjA6e31zOjEwOiIAKgB0b3VjaGVzIjthOjA6e31zOjEwOiJ0aW1lc3RhbXBzIjtiOjE7czo5OiIAKgBoaWRkZW4iO2E6MDp7fXM6MTA6IgAqAHZpc2libGUiO2E6MDp7fXM6MTA6IgAqAGd1YXJkZWQiO2E6MTp7aTowO3M6MToiKiI7fX1pOjE7TzoxNzoiQXBwXE1vZGVsc1xNb2R1bGUiOjI5OntzOjExOiIAKgBmaWxsYWJsZSI7YTo5OntpOjA7czo3OiJtZW51X2lkIjtpOjE7czo0OiJ0eXBlIjtpOjI7czoxMToibW9kdWxlX25hbWUiO2k6MztzOjEzOiJkaXZpZGVyX3RpdGxlIjtpOjQ7czoxMDoiaWNvbl9jbGFzcyI7aTo1O3M6MzoidXJsIjtpOjY7czo1OiJvcmRlciI7aTo3O3M6OToicGFyZW50X2lkIjtpOjg7czo2OiJ0YXJnZXQiO31zOjEzOiIAKgBjb25uZWN0aW9uIjtzOjU6Im15c3FsIjtzOjg6IgAqAHRhYmxlIjtzOjc6Im1vZHVsZXMiO3M6MTM6IgAqAHByaW1hcnlLZXkiO3M6MjoiaWQiO3M6MTA6IgAqAGtleVR5cGUiO3M6MzoiaW50IjtzOjEyOiJpbmNyZW1lbnRpbmciO2I6MTtzOjc6IgAqAHdpdGgiO2E6MDp7fXM6MTI6IgAqAHdpdGhDb3VudCI7YTowOnt9czoxOToicHJldmVudHNMYXp5TG9hZGluZyI7YjowO3M6MTA6IgAqAHBlclBhZ2UiO2k6MTU7czo2OiJleGlzdHMiO2I6MTtzOjE4OiJ3YXNSZWNlbnRseUNyZWF0ZWQiO2I6MDtzOjI4OiIAKgBlc2NhcGVXaGVuQ2FzdGluZ1RvU3RyaW5nIjtiOjA7czoxMzoiACoAYXR0cmlidXRlcyI7YToxMjp7czoyOiJpZCI7aTozODtzOjc6Im1lbnVfaWQiO2k6MTtzOjQ6InR5cGUiO3M6MToiMiI7czoxMToibW9kdWxlX25hbWUiO3M6OToiQmFuayBCb29rIjtzOjEzOiJkaXZpZGVyX3RpdGxlIjtOO3M6MTA6Imljb25fY2xhc3MiO047czozOiJ1cmwiO3M6OToiYmFuay1ib29rIjtzOjU6Im9yZGVyIjtpOjI7czo5OiJwYXJlbnRfaWQiO2k6MzY7czo2OiJ0YXJnZXQiO3M6NToiX3NlbGYiO3M6MTA6ImNyZWF0ZWRfYXQiO3M6MTk6IjIwMjEtMTEtMDQgMTc6NDE6MzIiO3M6MTA6InVwZGF0ZWRfYXQiO3M6MTk6IjIwMjEtMTEtMDQgMTc6NDI6MDAiO31zOjExOiIAKgBvcmlnaW5hbCI7YToxMjp7czoyOiJpZCI7aTozODtzOjc6Im1lbnVfaWQiO2k6MTtzOjQ6InR5cGUiO3M6MToiMiI7czoxMToibW9kdWxlX25hbWUiO3M6OToiQmFuayBCb29rIjtzOjEzOiJkaXZpZGVyX3RpdGxlIjtOO3M6MTA6Imljb25fY2xhc3MiO047czozOiJ1cmwiO3M6OToiYmFuay1ib29rIjtzOjU6Im9yZGVyIjtpOjI7czo5OiJwYXJlbnRfaWQiO2k6MzY7czo2OiJ0YXJnZXQiO3M6NToiX3NlbGYiO3M6MTA6ImNyZWF0ZWRfYXQiO3M6MTk6IjIwMjEtMTEtMDQgMTc6NDE6MzIiO3M6MTA6InVwZGF0ZWRfYXQiO3M6MTk6IjIwMjEtMTEtMDQgMTc6NDI6MDAiO31zOjEwOiIAKgBjaGFuZ2VzIjthOjA6e31zOjg6IgAqAGNhc3RzIjthOjA6e31zOjE3OiIAKgBjbGFzc0Nhc3RDYWNoZSI7YTowOnt9czo4OiIAKgBkYXRlcyI7YTowOnt9czoxMzoiACoAZGF0ZUZvcm1hdCI7TjtzOjEwOiIAKgBhcHBlbmRzIjthOjA6e31zOjE5OiIAKgBkaXNwYXRjaGVzRXZlbnRzIjthOjA6e31zOjE0OiIAKgBvYnNlcnZhYmxlcyI7YTowOnt9czoxMjoiACoAcmVsYXRpb25zIjthOjA6e31zOjEwOiIAKgB0b3VjaGVzIjthOjA6e31zOjEwOiJ0aW1lc3RhbXBzIjtiOjE7czo5OiIAKgBoaWRkZW4iO2E6MDp7fXM6MTA6IgAqAHZpc2libGUiO2E6MDp7fXM6MTA6IgAqAGd1YXJkZWQiO2E6MTp7aTowO3M6MToiKiI7fX1pOjI7TzoxNzoiQXBwXE1vZGVsc1xNb2R1bGUiOjI5OntzOjExOiIAKgBmaWxsYWJsZSI7YTo5OntpOjA7czo3OiJtZW51X2lkIjtpOjE7czo0OiJ0eXBlIjtpOjI7czoxMToibW9kdWxlX25hbWUiO2k6MztzOjEzOiJkaXZpZGVyX3RpdGxlIjtpOjQ7czoxMDoiaWNvbl9jbGFzcyI7aTo1O3M6MzoidXJsIjtpOjY7czo1OiJvcmRlciI7aTo3O3M6OToicGFyZW50X2lkIjtpOjg7czo2OiJ0YXJnZXQiO31zOjEzOiIAKgBjb25uZWN0aW9uIjtzOjU6Im15c3FsIjtzOjg6IgAqAHRhYmxlIjtzOjc6Im1vZHVsZXMiO3M6MTM6IgAqAHByaW1hcnlLZXkiO3M6MjoiaWQiO3M6MTA6IgAqAGtleVR5cGUiO3M6MzoiaW50IjtzOjEyOiJpbmNyZW1lbnRpbmciO2I6MTtzOjc6IgAqAHdpdGgiO2E6MDp7fXM6MTI6IgAqAHdpdGhDb3VudCI7YTowOnt9czoxOToicHJldmVudHNMYXp5TG9hZGluZyI7YjowO3M6MTA6IgAqAHBlclBhZ2UiO2k6MTU7czo2OiJleGlzdHMiO2I6MTtzOjE4OiJ3YXNSZWNlbnRseUNyZWF0ZWQiO2I6MDtzOjI4OiIAKgBlc2NhcGVXaGVuQ2FzdGluZ1RvU3RyaW5nIjtiOjA7czoxMzoiACoAYXR0cmlidXRlcyI7YToxMjp7czoyOiJpZCI7aTozOTtzOjc6Im1lbnVfaWQiO2k6MTtzOjQ6InR5cGUiO3M6MToiMiI7czoxMToibW9kdWxlX25hbWUiO3M6MTY6Ik1vYmlsZSBCYW5rIEJvb2siO3M6MTM6ImRpdmlkZXJfdGl0bGUiO047czoxMDoiaWNvbl9jbGFzcyI7TjtzOjM6InVybCI7czoxNjoibW9iaWxlLWJhbmstYm9vayI7czo1OiJvcmRlciI7aTozO3M6OToicGFyZW50X2lkIjtpOjM2O3M6NjoidGFyZ2V0IjtzOjU6Il9zZWxmIjtzOjEwOiJjcmVhdGVkX2F0IjtzOjE5OiIyMDIxLTExLTA0IDE3OjQxOjQ4IjtzOjEwOiJ1cGRhdGVkX2F0IjtzOjE5OiIyMDIxLTExLTA0IDE3OjQyOjAwIjt9czoxMToiACoAb3JpZ2luYWwiO2E6MTI6e3M6MjoiaWQiO2k6Mzk7czo3OiJtZW51X2lkIjtpOjE7czo0OiJ0eXBlIjtzOjE6IjIiO3M6MTE6Im1vZHVsZV9uYW1lIjtzOjE2OiJNb2JpbGUgQmFuayBCb29rIjtzOjEzOiJkaXZpZGVyX3RpdGxlIjtOO3M6MTA6Imljb25fY2xhc3MiO047czozOiJ1cmwiO3M6MTY6Im1vYmlsZS1iYW5rLWJvb2siO3M6NToib3JkZXIiO2k6MztzOjk6InBhcmVudF9pZCI7aTozNjtzOjY6InRhcmdldCI7czo1OiJfc2VsZiI7czoxMDoiY3JlYXRlZF9hdCI7czoxOToiMjAyMS0xMS0wNCAxNzo0MTo0OCI7czoxMDoidXBkYXRlZF9hdCI7czoxOToiMjAyMS0xMS0wNCAxNzo0MjowMCI7fXM6MTA6IgAqAGNoYW5nZXMiO2E6MDp7fXM6ODoiACoAY2FzdHMiO2E6MDp7fXM6MTc6IgAqAGNsYXNzQ2FzdENhY2hlIjthOjA6e31zOjg6IgAqAGRhdGVzIjthOjA6e31zOjEzOiIAKgBkYXRlRm9ybWF0IjtOO3M6MTA6IgAqAGFwcGVuZHMiO2E6MDp7fXM6MTk6IgAqAGRpc3BhdGNoZXNFdmVudHMiO2E6MDp7fXM6MTQ6IgAqAG9ic2VydmFibGVzIjthOjA6e31zOjEyOiIAKgByZWxhdGlvbnMiO2E6MDp7fXM6MTA6IgAqAHRvdWNoZXMiO2E6MDp7fXM6MTA6InRpbWVzdGFtcHMiO2I6MTtzOjk6IgAqAGhpZGRlbiI7YTowOnt9czoxMDoiACoAdmlzaWJsZSI7YTowOnt9czoxMDoiACoAZ3VhcmRlZCI7YToxOntpOjA7czoxOiIqIjt9fWk6MztPOjE3OiJBcHBcTW9kZWxzXE1vZHVsZSI6Mjk6e3M6MTE6IgAqAGZpbGxhYmxlIjthOjk6e2k6MDtzOjc6Im1lbnVfaWQiO2k6MTtzOjQ6InR5cGUiO2k6MjtzOjExOiJtb2R1bGVfbmFtZSI7aTozO3M6MTM6ImRpdmlkZXJfdGl0bGUiO2k6NDtzOjEwOiJpY29uX2NsYXNzIjtpOjU7czozOiJ1cmwiO2k6NjtzOjU6Im9yZGVyIjtpOjc7czo5OiJwYXJlbnRfaWQiO2k6ODtzOjY6InRhcmdldCI7fXM6MTM6IgAqAGNvbm5lY3Rpb24iO3M6NToibXlzcWwiO3M6ODoiACoAdGFibGUiO3M6NzoibW9kdWxlcyI7czoxMzoiACoAcHJpbWFyeUtleSI7czoyOiJpZCI7czoxMDoiACoAa2V5VHlwZSI7czozOiJpbnQiO3M6MTI6ImluY3JlbWVudGluZyI7YjoxO3M6NzoiACoAd2l0aCI7YTowOnt9czoxMjoiACoAd2l0aENvdW50IjthOjA6e31zOjE5OiJwcmV2ZW50c0xhenlMb2FkaW5nIjtiOjA7czoxMDoiACoAcGVyUGFnZSI7aToxNTtzOjY6ImV4aXN0cyI7YjoxO3M6MTg6Indhc1JlY2VudGx5Q3JlYXRlZCI7YjowO3M6Mjg6IgAqAGVzY2FwZVdoZW5DYXN0aW5nVG9TdHJpbmciO2I6MDtzOjEzOiIAKgBhdHRyaWJ1dGVzIjthOjEyOntzOjI6ImlkIjtpOjQwO3M6NzoibWVudV9pZCI7aToxO3M6NDoidHlwZSI7czoxOiIyIjtzOjExOiJtb2R1bGVfbmFtZSI7czoxNDoiR2VuZXJhbCBMZWRnZXIiO3M6MTM6ImRpdmlkZXJfdGl0bGUiO047czoxMDoiaWNvbl9jbGFzcyI7TjtzOjM6InVybCI7czoxNDoiZ2VuZXJhbC1sZWRnZXIiO3M6NToib3JkZXIiO2k6NDtzOjk6InBhcmVudF9pZCI7aTozNjtzOjY6InRhcmdldCI7czo1OiJfc2VsZiI7czoxMDoiY3JlYXRlZF9hdCI7czoxOToiMjAyMS0xMS0wNCAxNzo0Mjo0MyI7czoxMDoidXBkYXRlZF9hdCI7czoxOToiMjAyMS0xMS0wNCAxNzo0Mjo0OCI7fXM6MTE6IgAqAG9yaWdpbmFsIjthOjEyOntzOjI6ImlkIjtpOjQwO3M6NzoibWVudV9pZCI7aToxO3M6NDoidHlwZSI7czoxOiIyIjtzOjExOiJtb2R1bGVfbmFtZSI7czoxNDoiR2VuZXJhbCBMZWRnZXIiO3M6MTM6ImRpdmlkZXJfdGl0bGUiO047czoxMDoiaWNvbl9jbGFzcyI7TjtzOjM6InVybCI7czoxNDoiZ2VuZXJhbC1sZWRnZXIiO3M6NToib3JkZXIiO2k6NDtzOjk6InBhcmVudF9pZCI7aTozNjtzOjY6InRhcmdldCI7czo1OiJfc2VsZiI7czoxMDoiY3JlYXRlZF9hdCI7czoxOToiMjAyMS0xMS0wNCAxNzo0Mjo0MyI7czoxMDoidXBkYXRlZF9hdCI7czoxOToiMjAyMS0xMS0wNCAxNzo0Mjo0OCI7fXM6MTA6IgAqAGNoYW5nZXMiO2E6MDp7fXM6ODoiACoAY2FzdHMiO2E6MDp7fXM6MTc6IgAqAGNsYXNzQ2FzdENhY2hlIjthOjA6e31zOjg6IgAqAGRhdGVzIjthOjA6e31zOjEzOiIAKgBkYXRlRm9ybWF0IjtOO3M6MTA6IgAqAGFwcGVuZHMiO2E6MDp7fXM6MTk6IgAqAGRpc3BhdGNoZXNFdmVudHMiO2E6MDp7fXM6MTQ6IgAqAG9ic2VydmFibGVzIjthOjA6e31zOjEyOiIAKgByZWxhdGlvbnMiO2E6MDp7fXM6MTA6IgAqAHRvdWNoZXMiO2E6MDp7fXM6MTA6InRpbWVzdGFtcHMiO2I6MTtzOjk6IgAqAGhpZGRlbiI7YTowOnt9czoxMDoiACoAdmlzaWJsZSI7YTowOnt9czoxMDoiACoAZ3VhcmRlZCI7YToxOntpOjA7czoxOiIqIjt9fWk6NDtPOjE3OiJBcHBcTW9kZWxzXE1vZHVsZSI6Mjk6e3M6MTE6IgAqAGZpbGxhYmxlIjthOjk6e2k6MDtzOjc6Im1lbnVfaWQiO2k6MTtzOjQ6InR5cGUiO2k6MjtzOjExOiJtb2R1bGVfbmFtZSI7aTozO3M6MTM6ImRpdmlkZXJfdGl0bGUiO2k6NDtzOjEwOiJpY29uX2NsYXNzIjtpOjU7czozOiJ1cmwiO2k6NjtzOjU6Im9yZGVyIjtpOjc7czo5OiJwYXJlbnRfaWQiO2k6ODtzOjY6InRhcmdldCI7fXM6MTM6IgAqAGNvbm5lY3Rpb24iO3M6NToibXlzcWwiO3M6ODoiACoAdGFibGUiO3M6NzoibW9kdWxlcyI7czoxMzoiACoAcHJpbWFyeUtleSI7czoyOiJpZCI7czoxMDoiACoAa2V5VHlwZSI7czozOiJpbnQiO3M6MTI6ImluY3JlbWVudGluZyI7YjoxO3M6NzoiACoAd2l0aCI7YTowOnt9czoxMjoiACoAd2l0aENvdW50IjthOjA6e31zOjE5OiJwcmV2ZW50c0xhenlMb2FkaW5nIjtiOjA7czoxMDoiACoAcGVyUGFnZSI7aToxNTtzOjY6ImV4aXN0cyI7YjoxO3M6MTg6Indhc1JlY2VudGx5Q3JlYXRlZCI7YjowO3M6Mjg6IgAqAGVzY2FwZVdoZW5DYXN0aW5nVG9TdHJpbmciO2I6MDtzOjEzOiIAKgBhdHRyaWJ1dGVzIjthOjEyOntzOjI6ImlkIjtpOjQxO3M6NzoibWVudV9pZCI7aToxO3M6NDoidHlwZSI7czoxOiIyIjtzOjExOiJtb2R1bGVfbmFtZSI7czoxMToiUHJvZml0IExvc3MiO3M6MTM6ImRpdmlkZXJfdGl0bGUiO047czoxMDoiaWNvbl9jbGFzcyI7TjtzOjM6InVybCI7czoxMToicHJvZml0LWxvc3MiO3M6NToib3JkZXIiO2k6NTtzOjk6InBhcmVudF9pZCI7aTozNjtzOjY6InRhcmdldCI7czo1OiJfc2VsZiI7czoxMDoiY3JlYXRlZF9hdCI7czoxOToiMjAyMS0xMS0wNCAxNzo0MzoxMiI7czoxMDoidXBkYXRlZF9hdCI7czoxOToiMjAyMS0xMS0wNCAxNzo0MzoxOCI7fXM6MTE6IgAqAG9yaWdpbmFsIjthOjEyOntzOjI6ImlkIjtpOjQxO3M6NzoibWVudV9pZCI7aToxO3M6NDoidHlwZSI7czoxOiIyIjtzOjExOiJtb2R1bGVfbmFtZSI7czoxMToiUHJvZml0IExvc3MiO3M6MTM6ImRpdmlkZXJfdGl0bGUiO047czoxMDoiaWNvbl9jbGFzcyI7TjtzOjM6InVybCI7czoxMToicHJvZml0LWxvc3MiO3M6NToib3JkZXIiO2k6NTtzOjk6InBhcmVudF9pZCI7aTozNjtzOjY6InRhcmdldCI7czo1OiJfc2VsZiI7czoxMDoiY3JlYXRlZF9hdCI7czoxOToiMjAyMS0xMS0wNCAxNzo0MzoxMiI7czoxMDoidXBkYXRlZF9hdCI7czoxOToiMjAyMS0xMS0wNCAxNzo0MzoxOCI7fXM6MTA6IgAqAGNoYW5nZXMiO2E6MDp7fXM6ODoiACoAY2FzdHMiO2E6MDp7fXM6MTc6IgAqAGNsYXNzQ2FzdENhY2hlIjthOjA6e31zOjg6IgAqAGRhdGVzIjthOjA6e31zOjEzOiIAKgBkYXRlRm9ybWF0IjtOO3M6MTA6IgAqAGFwcGVuZHMiO2E6MDp7fXM6MTk6IgAqAGRpc3BhdGNoZXNFdmVudHMiO2E6MDp7fXM6MTQ6IgAqAG9ic2VydmFibGVzIjthOjA6e31zOjEyOiIAKgByZWxhdGlvbnMiO2E6MDp7fXM6MTA6IgAqAHRvdWNoZXMiO2E6MDp7fXM6MTA6InRpbWVzdGFtcHMiO2I6MTtzOjk6IgAqAGhpZGRlbiI7YTowOnt9czoxMDoiACoAdmlzaWJsZSI7YTowOnt9czoxMDoiACoAZ3VhcmRlZCI7YToxOntpOjA7czoxOiIqIjt9fWk6NTtPOjE3OiJBcHBcTW9kZWxzXE1vZHVsZSI6Mjk6e3M6MTE6IgAqAGZpbGxhYmxlIjthOjk6e2k6MDtzOjc6Im1lbnVfaWQiO2k6MTtzOjQ6InR5cGUiO2k6MjtzOjExOiJtb2R1bGVfbmFtZSI7aTozO3M6MTM6ImRpdmlkZXJfdGl0bGUiO2k6NDtzOjEwOiJpY29uX2NsYXNzIjtpOjU7czozOiJ1cmwiO2k6NjtzOjU6Im9yZGVyIjtpOjc7czo5OiJwYXJlbnRfaWQiO2k6ODtzOjY6InRhcmdldCI7fXM6MTM6IgAqAGNvbm5lY3Rpb24iO3M6NToibXlzcWwiO3M6ODoiACoAdGFibGUiO3M6NzoibW9kdWxlcyI7czoxMzoiACoAcHJpbWFyeUtleSI7czoyOiJpZCI7czoxMDoiACoAa2V5VHlwZSI7czozOiJpbnQiO3M6MTI6ImluY3JlbWVudGluZyI7YjoxO3M6NzoiACoAd2l0aCI7YTowOnt9czoxMjoiACoAd2l0aENvdW50IjthOjA6e31zOjE5OiJwcmV2ZW50c0xhenlMb2FkaW5nIjtiOjA7czoxMDoiACoAcGVyUGFnZSI7aToxNTtzOjY6ImV4aXN0cyI7YjoxO3M6MTg6Indhc1JlY2VudGx5Q3JlYXRlZCI7YjowO3M6Mjg6IgAqAGVzY2FwZVdoZW5DYXN0aW5nVG9TdHJpbmciO2I6MDtzOjEzOiIAKgBhdHRyaWJ1dGVzIjthOjEyOntzOjI6ImlkIjtpOjQyO3M6NzoibWVudV9pZCI7aToxO3M6NDoidHlwZSI7czoxOiIyIjtzOjExOiJtb2R1bGVfbmFtZSI7czoxMzoiQmFsYW5jZSBTaGVldCI7czoxMzoiZGl2aWRlcl90aXRsZSI7TjtzOjEwOiJpY29uX2NsYXNzIjtOO3M6MzoidXJsIjtzOjEzOiJiYWxhbmNlLXNoZWV0IjtzOjU6Im9yZGVyIjtpOjY7czo5OiJwYXJlbnRfaWQiO2k6MzY7czo2OiJ0YXJnZXQiO3M6NToiX3NlbGYiO3M6MTA6ImNyZWF0ZWRfYXQiO3M6MTk6IjIwMjEtMTEtMDQgMTc6NDM6MzgiO3M6MTA6InVwZGF0ZWRfYXQiO3M6MTk6IjIwMjEtMTEtMDQgMTc6NDM6NDEiO31zOjExOiIAKgBvcmlnaW5hbCI7YToxMjp7czoyOiJpZCI7aTo0MjtzOjc6Im1lbnVfaWQiO2k6MTtzOjQ6InR5cGUiO3M6MToiMiI7czoxMToibW9kdWxlX25hbWUiO3M6MTM6IkJhbGFuY2UgU2hlZXQiO3M6MTM6ImRpdmlkZXJfdGl0bGUiO047czoxMDoiaWNvbl9jbGFzcyI7TjtzOjM6InVybCI7czoxMzoiYmFsYW5jZS1zaGVldCI7czo1OiJvcmRlciI7aTo2O3M6OToicGFyZW50X2lkIjtpOjM2O3M6NjoidGFyZ2V0IjtzOjU6Il9zZWxmIjtzOjEwOiJjcmVhdGVkX2F0IjtzOjE5OiIyMDIxLTExLTA0IDE3OjQzOjM4IjtzOjEwOiJ1cGRhdGVkX2F0IjtzOjE5OiIyMDIxLTExLTA0IDE3OjQzOjQxIjt9czoxMDoiACoAY2hhbmdlcyI7YTowOnt9czo4OiIAKgBjYXN0cyI7YTowOnt9czoxNzoiACoAY2xhc3NDYXN0Q2FjaGUiO2E6MDp7fXM6ODoiACoAZGF0ZXMiO2E6MDp7fXM6MTM6IgAqAGRhdGVGb3JtYXQiO047czoxMDoiACoAYXBwZW5kcyI7YTowOnt9czoxOToiACoAZGlzcGF0Y2hlc0V2ZW50cyI7YTowOnt9czoxNDoiACoAb2JzZXJ2YWJsZXMiO2E6MDp7fXM6MTI6IgAqAHJlbGF0aW9ucyI7YTowOnt9czoxMDoiACoAdG91Y2hlcyI7YTowOnt9czoxMDoidGltZXN0YW1wcyI7YjoxO3M6OToiACoAaGlkZGVuIjthOjA6e31zOjEwOiIAKgB2aXNpYmxlIjthOjA6e31zOjEwOiIAKgBndWFyZGVkIjthOjE6e2k6MDtzOjE6IioiO319fXM6Mjg6IgAqAGVzY2FwZVdoZW5DYXN0aW5nVG9TdHJpbmciO2I6MDt9fXM6MTA6IgAqAHRvdWNoZXMiO2E6MDp7fXM6MTA6InRpbWVzdGFtcHMiO2I6MTtzOjk6IgAqAGhpZGRlbiI7YTowOnt9czoxMDoiACoAdmlzaWJsZSI7YTowOnt9czoxMDoiACoAZ3VhcmRlZCI7YToxOntpOjA7czoxOiIqIjt9fX1zOjI4OiIAKgBlc2NhcGVXaGVuQ2FzdGluZ1RvU3RyaW5nIjtiOjA7fX1zOjEwOiIAKgB0b3VjaGVzIjthOjA6e31zOjEwOiJ0aW1lc3RhbXBzIjtiOjE7czo5OiIAKgBoaWRkZW4iO2E6MDp7fXM6MTA6IgAqAHZpc2libGUiO2E6MDp7fXM6MTA6IgAqAGd1YXJkZWQiO2E6MTp7aTowO3M6MToiKiI7fX1pOjc7TzoxNzoiQXBwXE1vZGVsc1xNb2R1bGUiOjI5OntzOjExOiIAKgBmaWxsYWJsZSI7YTo5OntpOjA7czo3OiJtZW51X2lkIjtpOjE7czo0OiJ0eXBlIjtpOjI7czoxMToibW9kdWxlX25hbWUiO2k6MztzOjEzOiJkaXZpZGVyX3RpdGxlIjtpOjQ7czoxMDoiaWNvbl9jbGFzcyI7aTo1O3M6MzoidXJsIjtpOjY7czo1OiJvcmRlciI7aTo3O3M6OToicGFyZW50X2lkIjtpOjg7czo2OiJ0YXJnZXQiO31zOjEzOiIAKgBjb25uZWN0aW9uIjtzOjU6Im15c3FsIjtzOjg6IgAqAHRhYmxlIjtzOjc6Im1vZHVsZXMiO3M6MTM6IgAqAHByaW1hcnlLZXkiO3M6MjoiaWQiO3M6MTA6IgAqAGtleVR5cGUiO3M6MzoiaW50IjtzOjEyOiJpbmNyZW1lbnRpbmciO2I6MTtzOjc6IgAqAHdpdGgiO2E6MDp7fXM6MTI6IgAqAHdpdGhDb3VudCI7YTowOnt9czoxOToicHJldmVudHNMYXp5TG9hZGluZyI7YjowO3M6MTA6IgAqAHBlclBhZ2UiO2k6MTU7czo2OiJleGlzdHMiO2I6MTtzOjE4OiJ3YXNSZWNlbnRseUNyZWF0ZWQiO2I6MDtzOjI4OiIAKgBlc2NhcGVXaGVuQ2FzdGluZ1RvU3RyaW5nIjtiOjA7czoxMzoiACoAYXR0cmlidXRlcyI7YToxMjp7czoyOiJpZCI7aToyNjtzOjc6Im1lbnVfaWQiO2k6MTtzOjQ6InR5cGUiO3M6MToiMiI7czoxMToibW9kdWxlX25hbWUiO3M6NzoiRXhwZW5zZSI7czoxMzoiZGl2aWRlcl90aXRsZSI7TjtzOjEwOiJpY29uX2NsYXNzIjtzOjIyOiJmYXMgZmEtbW9uZXktY2hlY2stYWx0IjtzOjM6InVybCI7TjtzOjU6Im9yZGVyIjtpOjg7czo5OiJwYXJlbnRfaWQiO047czo2OiJ0YXJnZXQiO047czoxMDoiY3JlYXRlZF9hdCI7czoxOToiMjAyMS0xMS0wNCAxNzoyMzoxMiI7czoxMDoidXBkYXRlZF9hdCI7czoxOToiMjAyMS0xMS0wNCAxNzo1MTowMiI7fXM6MTE6IgAqAG9yaWdpbmFsIjthOjEyOntzOjI6ImlkIjtpOjI2O3M6NzoibWVudV9pZCI7aToxO3M6NDoidHlwZSI7czoxOiIyIjtzOjExOiJtb2R1bGVfbmFtZSI7czo3OiJFeHBlbnNlIjtzOjEzOiJkaXZpZGVyX3RpdGxlIjtOO3M6MTA6Imljb25fY2xhc3MiO3M6MjI6ImZhcyBmYS1tb25leS1jaGVjay1hbHQiO3M6MzoidXJsIjtOO3M6NToib3JkZXIiO2k6ODtzOjk6InBhcmVudF9pZCI7TjtzOjY6InRhcmdldCI7TjtzOjEwOiJjcmVhdGVkX2F0IjtzOjE5OiIyMDIxLTExLTA0IDE3OjIzOjEyIjtzOjEwOiJ1cGRhdGVkX2F0IjtzOjE5OiIyMDIxLTExLTA0IDE3OjUxOjAyIjt9czoxMDoiACoAY2hhbmdlcyI7YTowOnt9czo4OiIAKgBjYXN0cyI7YTowOnt9czoxNzoiACoAY2xhc3NDYXN0Q2FjaGUiO2E6MDp7fXM6ODoiACoAZGF0ZXMiO2E6MDp7fXM6MTM6IgAqAGRhdGVGb3JtYXQiO047czoxMDoiACoAYXBwZW5kcyI7YTowOnt9czoxOToiACoAZGlzcGF0Y2hlc0V2ZW50cyI7YTowOnt9czoxNDoiACoAb2JzZXJ2YWJsZXMiO2E6MDp7fXM6MTI6IgAqAHJlbGF0aW9ucyI7YToxOntzOjg6ImNoaWxkcmVuIjtPOjI2OiJUeXBpQ01TXE5lc3RhYmxlQ29sbGVjdGlvbiI6ODp7czo4OiIAKgB0b3RhbCI7aTozO3M6MTU6IgAqAHBhcmVudENvbHVtbiI7czo5OiJwYXJlbnRfaWQiO3M6MzM6IgAqAHJlbW92ZUl0ZW1zV2l0aE1pc3NpbmdBbmNlc3RvciI7YjoxO3M6MTQ6IgAqAGluZGVudENoYXJzIjtzOjg6IsKgwqDCoMKgIjtzOjE1OiIAKgBjaGlsZHJlbk5hbWUiO3M6NToiaXRlbXMiO3M6MTc6IgAqAHBhcmVudFJlbGF0aW9uIjtzOjY6InBhcmVudCI7czo4OiIAKgBpdGVtcyI7YTozOntpOjA7TzoxNzoiQXBwXE1vZGVsc1xNb2R1bGUiOjI5OntzOjExOiIAKgBmaWxsYWJsZSI7YTo5OntpOjA7czo3OiJtZW51X2lkIjtpOjE7czo0OiJ0eXBlIjtpOjI7czoxMToibW9kdWxlX25hbWUiO2k6MztzOjEzOiJkaXZpZGVyX3RpdGxlIjtpOjQ7czoxMDoiaWNvbl9jbGFzcyI7aTo1O3M6MzoidXJsIjtpOjY7czo1OiJvcmRlciI7aTo3O3M6OToicGFyZW50X2lkIjtpOjg7czo2OiJ0YXJnZXQiO31zOjEzOiIAKgBjb25uZWN0aW9uIjtzOjU6Im15c3FsIjtzOjg6IgAqAHRhYmxlIjtzOjc6Im1vZHVsZXMiO3M6MTM6IgAqAHByaW1hcnlLZXkiO3M6MjoiaWQiO3M6MTA6IgAqAGtleVR5cGUiO3M6MzoiaW50IjtzOjEyOiJpbmNyZW1lbnRpbmciO2I6MTtzOjc6IgAqAHdpdGgiO2E6MDp7fXM6MTI6IgAqAHdpdGhDb3VudCI7YTowOnt9czoxOToicHJldmVudHNMYXp5TG9hZGluZyI7YjowO3M6MTA6IgAqAHBlclBhZ2UiO2k6MTU7czo2OiJleGlzdHMiO2I6MTtzOjE4OiJ3YXNSZWNlbnRseUNyZWF0ZWQiO2I6MDtzOjI4OiIAKgBlc2NhcGVXaGVuQ2FzdGluZ1RvU3RyaW5nIjtiOjA7czoxMzoiACoAYXR0cmlidXRlcyI7YToxMjp7czoyOiJpZCI7aToyNztzOjc6Im1lbnVfaWQiO2k6MTtzOjQ6InR5cGUiO3M6MToiMiI7czoxMToibW9kdWxlX25hbWUiO3M6MTk6Ik1hbmFnZSBFeHBlbnNlIEl0ZW0iO3M6MTM6ImRpdmlkZXJfdGl0bGUiO047czoxMDoiaWNvbl9jbGFzcyI7TjtzOjM6InVybCI7czoxMjoiZXhwZW5zZS1pdGVtIjtzOjU6Im9yZGVyIjtpOjE7czo5OiJwYXJlbnRfaWQiO2k6MjY7czo2OiJ0YXJnZXQiO3M6NToiX3NlbGYiO3M6MTA6ImNyZWF0ZWRfYXQiO3M6MTk6IjIwMjEtMTEtMDQgMTc6MjM6NDAiO3M6MTA6InVwZGF0ZWRfYXQiO3M6MTk6IjIwMjEtMTEtMDQgMTc6MjQ6MjkiO31zOjExOiIAKgBvcmlnaW5hbCI7YToxMjp7czoyOiJpZCI7aToyNztzOjc6Im1lbnVfaWQiO2k6MTtzOjQ6InR5cGUiO3M6MToiMiI7czoxMToibW9kdWxlX25hbWUiO3M6MTk6Ik1hbmFnZSBFeHBlbnNlIEl0ZW0iO3M6MTM6ImRpdmlkZXJfdGl0bGUiO047czoxMDoiaWNvbl9jbGFzcyI7TjtzOjM6InVybCI7czoxMjoiZXhwZW5zZS1pdGVtIjtzOjU6Im9yZGVyIjtpOjE7czo5OiJwYXJlbnRfaWQiO2k6MjY7czo2OiJ0YXJnZXQiO3M6NToiX3NlbGYiO3M6MTA6ImNyZWF0ZWRfYXQiO3M6MTk6IjIwMjEtMTEtMDQgMTc6MjM6NDAiO3M6MTA6InVwZGF0ZWRfYXQiO3M6MTk6IjIwMjEtMTEtMDQgMTc6MjQ6MjkiO31zOjEwOiIAKgBjaGFuZ2VzIjthOjA6e31zOjg6IgAqAGNhc3RzIjthOjA6e31zOjE3OiIAKgBjbGFzc0Nhc3RDYWNoZSI7YTowOnt9czo4OiIAKgBkYXRlcyI7YTowOnt9czoxMzoiACoAZGF0ZUZvcm1hdCI7TjtzOjEwOiIAKgBhcHBlbmRzIjthOjA6e31zOjE5OiIAKgBkaXNwYXRjaGVzRXZlbnRzIjthOjA6e31zOjE0OiIAKgBvYnNlcnZhYmxlcyI7YTowOnt9czoxMjoiACoAcmVsYXRpb25zIjthOjE6e3M6ODoiY2hpbGRyZW4iO086MjY6IlR5cGlDTVNcTmVzdGFibGVDb2xsZWN0aW9uIjo4OntzOjg6IgAqAHRvdGFsIjtpOjA7czoxNToiACoAcGFyZW50Q29sdW1uIjtzOjk6InBhcmVudF9pZCI7czozMzoiACoAcmVtb3ZlSXRlbXNXaXRoTWlzc2luZ0FuY2VzdG9yIjtiOjE7czoxNDoiACoAaW5kZW50Q2hhcnMiO3M6ODoiwqDCoMKgwqAiO3M6MTU6IgAqAGNoaWxkcmVuTmFtZSI7czo1OiJpdGVtcyI7czoxNzoiACoAcGFyZW50UmVsYXRpb24iO3M6NjoicGFyZW50IjtzOjg6IgAqAGl0ZW1zIjthOjA6e31zOjI4OiIAKgBlc2NhcGVXaGVuQ2FzdGluZ1RvU3RyaW5nIjtiOjA7fX1zOjEwOiIAKgB0b3VjaGVzIjthOjA6e31zOjEwOiJ0aW1lc3RhbXBzIjtiOjE7czo5OiIAKgBoaWRkZW4iO2E6MDp7fXM6MTA6IgAqAHZpc2libGUiO2E6MDp7fXM6MTA6IgAqAGd1YXJkZWQiO2E6MTp7aTowO3M6MToiKiI7fX1pOjE7TzoxNzoiQXBwXE1vZGVsc1xNb2R1bGUiOjI5OntzOjExOiIAKgBmaWxsYWJsZSI7YTo5OntpOjA7czo3OiJtZW51X2lkIjtpOjE7czo0OiJ0eXBlIjtpOjI7czoxMToibW9kdWxlX25hbWUiO2k6MztzOjEzOiJkaXZpZGVyX3RpdGxlIjtpOjQ7czoxMDoiaWNvbl9jbGFzcyI7aTo1O3M6MzoidXJsIjtpOjY7czo1OiJvcmRlciI7aTo3O3M6OToicGFyZW50X2lkIjtpOjg7czo2OiJ0YXJnZXQiO31zOjEzOiIAKgBjb25uZWN0aW9uIjtzOjU6Im15c3FsIjtzOjg6IgAqAHRhYmxlIjtzOjc6Im1vZHVsZXMiO3M6MTM6IgAqAHByaW1hcnlLZXkiO3M6MjoiaWQiO3M6MTA6IgAqAGtleVR5cGUiO3M6MzoiaW50IjtzOjEyOiJpbmNyZW1lbnRpbmciO2I6MTtzOjc6IgAqAHdpdGgiO2E6MDp7fXM6MTI6IgAqAHdpdGhDb3VudCI7YTowOnt9czoxOToicHJldmVudHNMYXp5TG9hZGluZyI7YjowO3M6MTA6IgAqAHBlclBhZ2UiO2k6MTU7czo2OiJleGlzdHMiO2I6MTtzOjE4OiJ3YXNSZWNlbnRseUNyZWF0ZWQiO2I6MDtzOjI4OiIAKgBlc2NhcGVXaGVuQ2FzdGluZ1RvU3RyaW5nIjtiOjA7czoxMzoiACoAYXR0cmlidXRlcyI7YToxMjp7czoyOiJpZCI7aToyODtzOjc6Im1lbnVfaWQiO2k6MTtzOjQ6InR5cGUiO3M6MToiMiI7czoxMToibW9kdWxlX25hbWUiO3M6MTQ6Ik1hbmFnZSBFeHBlbnNlIjtzOjEzOiJkaXZpZGVyX3RpdGxlIjtOO3M6MTA6Imljb25fY2xhc3MiO047czozOiJ1cmwiO3M6NzoiZXhwZW5zZSI7czo1OiJvcmRlciI7aToyO3M6OToicGFyZW50X2lkIjtpOjI2O3M6NjoidGFyZ2V0IjtzOjU6Il9zZWxmIjtzOjEwOiJjcmVhdGVkX2F0IjtzOjE5OiIyMDIxLTExLTA0IDE3OjI0OjAyIjtzOjEwOiJ1cGRhdGVkX2F0IjtzOjE5OiIyMDIxLTExLTA0IDE3OjI0OjMxIjt9czoxMToiACoAb3JpZ2luYWwiO2E6MTI6e3M6MjoiaWQiO2k6Mjg7czo3OiJtZW51X2lkIjtpOjE7czo0OiJ0eXBlIjtzOjE6IjIiO3M6MTE6Im1vZHVsZV9uYW1lIjtzOjE0OiJNYW5hZ2UgRXhwZW5zZSI7czoxMzoiZGl2aWRlcl90aXRsZSI7TjtzOjEwOiJpY29uX2NsYXNzIjtOO3M6MzoidXJsIjtzOjc6ImV4cGVuc2UiO3M6NToib3JkZXIiO2k6MjtzOjk6InBhcmVudF9pZCI7aToyNjtzOjY6InRhcmdldCI7czo1OiJfc2VsZiI7czoxMDoiY3JlYXRlZF9hdCI7czoxOToiMjAyMS0xMS0wNCAxNzoyNDowMiI7czoxMDoidXBkYXRlZF9hdCI7czoxOToiMjAyMS0xMS0wNCAxNzoyNDozMSI7fXM6MTA6IgAqAGNoYW5nZXMiO2E6MDp7fXM6ODoiACoAY2FzdHMiO2E6MDp7fXM6MTc6IgAqAGNsYXNzQ2FzdENhY2hlIjthOjA6e31zOjg6IgAqAGRhdGVzIjthOjA6e31zOjEzOiIAKgBkYXRlRm9ybWF0IjtOO3M6MTA6IgAqAGFwcGVuZHMiO2E6MDp7fXM6MTk6IgAqAGRpc3BhdGNoZXNFdmVudHMiO2E6MDp7fXM6MTQ6IgAqAG9ic2VydmFibGVzIjthOjA6e31zOjEyOiIAKgByZWxhdGlvbnMiO2E6MTp7czo4OiJjaGlsZHJlbiI7TzoyNjoiVHlwaUNNU1xOZXN0YWJsZUNvbGxlY3Rpb24iOjg6e3M6ODoiACoAdG90YWwiO2k6MDtzOjE1OiIAKgBwYXJlbnRDb2x1bW4iO3M6OToicGFyZW50X2lkIjtzOjMzOiIAKgByZW1vdmVJdGVtc1dpdGhNaXNzaW5nQW5jZXN0b3IiO2I6MTtzOjE0OiIAKgBpbmRlbnRDaGFycyI7czo4OiLCoMKgwqDCoCI7czoxNToiACoAY2hpbGRyZW5OYW1lIjtzOjU6Iml0ZW1zIjtzOjE3OiIAKgBwYXJlbnRSZWxhdGlvbiI7czo2OiJwYXJlbnQiO3M6ODoiACoAaXRlbXMiO2E6MDp7fXM6Mjg6IgAqAGVzY2FwZVdoZW5DYXN0aW5nVG9TdHJpbmciO2I6MDt9fXM6MTA6IgAqAHRvdWNoZXMiO2E6MDp7fXM6MTA6InRpbWVzdGFtcHMiO2I6MTtzOjk6IgAqAGhpZGRlbiI7YTowOnt9czoxMDoiACoAdmlzaWJsZSI7YTowOnt9czoxMDoiACoAZ3VhcmRlZCI7YToxOntpOjA7czoxOiIqIjt9fWk6MjtPOjE3OiJBcHBcTW9kZWxzXE1vZHVsZSI6Mjk6e3M6MTE6IgAqAGZpbGxhYmxlIjthOjk6e2k6MDtzOjc6Im1lbnVfaWQiO2k6MTtzOjQ6InR5cGUiO2k6MjtzOjExOiJtb2R1bGVfbmFtZSI7aTozO3M6MTM6ImRpdmlkZXJfdGl0bGUiO2k6NDtzOjEwOiJpY29uX2NsYXNzIjtpOjU7czozOiJ1cmwiO2k6NjtzOjU6Im9yZGVyIjtpOjc7czo5OiJwYXJlbnRfaWQiO2k6ODtzOjY6InRhcmdldCI7fXM6MTM6IgAqAGNvbm5lY3Rpb24iO3M6NToibXlzcWwiO3M6ODoiACoAdGFibGUiO3M6NzoibW9kdWxlcyI7czoxMzoiACoAcHJpbWFyeUtleSI7czoyOiJpZCI7czoxMDoiACoAa2V5VHlwZSI7czozOiJpbnQiO3M6MTI6ImluY3JlbWVudGluZyI7YjoxO3M6NzoiACoAd2l0aCI7YTowOnt9czoxMjoiACoAd2l0aENvdW50IjthOjA6e31zOjE5OiJwcmV2ZW50c0xhenlMb2FkaW5nIjtiOjA7czoxMDoiACoAcGVyUGFnZSI7aToxNTtzOjY6ImV4aXN0cyI7YjoxO3M6MTg6Indhc1JlY2VudGx5Q3JlYXRlZCI7YjowO3M6Mjg6IgAqAGVzY2FwZVdoZW5DYXN0aW5nVG9TdHJpbmciO2I6MDtzOjEzOiIAKgBhdHRyaWJ1dGVzIjthOjEyOntzOjI6ImlkIjtpOjI5O3M6NzoibWVudV9pZCI7aToxO3M6NDoidHlwZSI7czoxOiIyIjtzOjExOiJtb2R1bGVfbmFtZSI7czoxNzoiRXhwZW5zZSBTdGF0ZW1lbnQiO3M6MTM6ImRpdmlkZXJfdGl0bGUiO047czoxMDoiaWNvbl9jbGFzcyI7TjtzOjM6InVybCI7czoxNzoiZXhwZW5zZS1zdGF0ZW1lbnQiO3M6NToib3JkZXIiO2k6MztzOjk6InBhcmVudF9pZCI7aToyNjtzOjY6InRhcmdldCI7czo1OiJfc2VsZiI7czoxMDoiY3JlYXRlZF9hdCI7czoxOToiMjAyMS0xMS0wNCAxNzoyNDoyNyI7czoxMDoidXBkYXRlZF9hdCI7czoxOToiMjAyMS0xMS0wNCAxNzoyNDozMyI7fXM6MTE6IgAqAG9yaWdpbmFsIjthOjEyOntzOjI6ImlkIjtpOjI5O3M6NzoibWVudV9pZCI7aToxO3M6NDoidHlwZSI7czoxOiIyIjtzOjExOiJtb2R1bGVfbmFtZSI7czoxNzoiRXhwZW5zZSBTdGF0ZW1lbnQiO3M6MTM6ImRpdmlkZXJfdGl0bGUiO047czoxMDoiaWNvbl9jbGFzcyI7TjtzOjM6InVybCI7czoxNzoiZXhwZW5zZS1zdGF0ZW1lbnQiO3M6NToib3JkZXIiO2k6MztzOjk6InBhcmVudF9pZCI7aToyNjtzOjY6InRhcmdldCI7czo1OiJfc2VsZiI7czoxMDoiY3JlYXRlZF9hdCI7czoxOToiMjAyMS0xMS0wNCAxNzoyNDoyNyI7czoxMDoidXBkYXRlZF9hdCI7czoxOToiMjAyMS0xMS0wNCAxNzoyNDozMyI7fXM6MTA6IgAqAGNoYW5nZXMiO2E6MDp7fXM6ODoiACoAY2FzdHMiO2E6MDp7fXM6MTc6IgAqAGNsYXNzQ2FzdENhY2hlIjthOjA6e31zOjg6IgAqAGRhdGVzIjthOjA6e31zOjEzOiIAKgBkYXRlRm9ybWF0IjtOO3M6MTA6IgAqAGFwcGVuZHMiO2E6MDp7fXM6MTk6IgAqAGRpc3BhdGNoZXNFdmVudHMiO2E6MDp7fXM6MTQ6IgAqAG9ic2VydmFibGVzIjthOjA6e31zOjEyOiIAKgByZWxhdGlvbnMiO2E6MTp7czo4OiJjaGlsZHJlbiI7TzoyNjoiVHlwaUNNU1xOZXN0YWJsZUNvbGxlY3Rpb24iOjg6e3M6ODoiACoAdG90YWwiO2k6MDtzOjE1OiIAKgBwYXJlbnRDb2x1bW4iO3M6OToicGFyZW50X2lkIjtzOjMzOiIAKgByZW1vdmVJdGVtc1dpdGhNaXNzaW5nQW5jZXN0b3IiO2I6MTtzOjE0OiIAKgBpbmRlbnRDaGFycyI7czo4OiLCoMKgwqDCoCI7czoxNToiACoAY2hpbGRyZW5OYW1lIjtzOjU6Iml0ZW1zIjtzOjE3OiIAKgBwYXJlbnRSZWxhdGlvbiI7czo2OiJwYXJlbnQiO3M6ODoiACoAaXRlbXMiO2E6MDp7fXM6Mjg6IgAqAGVzY2FwZVdoZW5DYXN0aW5nVG9TdHJpbmciO2I6MDt9fXM6MTA6IgAqAHRvdWNoZXMiO2E6MDp7fXM6MTA6InRpbWVzdGFtcHMiO2I6MTtzOjk6IgAqAGhpZGRlbiI7YTowOnt9czoxMDoiACoAdmlzaWJsZSI7YTowOnt9czoxMDoiACoAZ3VhcmRlZCI7YToxOntpOjA7czoxOiIqIjt9fX1zOjI4OiIAKgBlc2NhcGVXaGVuQ2FzdGluZ1RvU3RyaW5nIjtiOjA7fX1zOjEwOiIAKgB0b3VjaGVzIjthOjA6e31zOjEwOiJ0aW1lc3RhbXBzIjtiOjE7czo5OiIAKgBoaWRkZW4iO2E6MDp7fXM6MTA6IgAqAHZpc2libGUiO2E6MDp7fXM6MTA6IgAqAGd1YXJkZWQiO2E6MTp7aTowO3M6MToiKiI7fX1pOjg7TzoxNzoiQXBwXE1vZGVsc1xNb2R1bGUiOjI5OntzOjExOiIAKgBmaWxsYWJsZSI7YTo5OntpOjA7czo3OiJtZW51X2lkIjtpOjE7czo0OiJ0eXBlIjtpOjI7czoxMToibW9kdWxlX25hbWUiO2k6MztzOjEzOiJkaXZpZGVyX3RpdGxlIjtpOjQ7czoxMDoiaWNvbl9jbGFzcyI7aTo1O3M6MzoidXJsIjtpOjY7czo1OiJvcmRlciI7aTo3O3M6OToicGFyZW50X2lkIjtpOjg7czo2OiJ0YXJnZXQiO31zOjEzOiIAKgBjb25uZWN0aW9uIjtzOjU6Im15c3FsIjtzOjg6IgAqAHRhYmxlIjtzOjc6Im1vZHVsZXMiO3M6MTM6IgAqAHByaW1hcnlLZXkiO3M6MjoiaWQiO3M6MTA6IgAqAGtleVR5cGUiO3M6MzoiaW50IjtzOjEyOiJpbmNyZW1lbnRpbmciO2I6MTtzOjc6IgAqAHdpdGgiO2E6MDp7fXM6MTI6IgAqAHdpdGhDb3VudCI7YTowOnt9czoxOToicHJldmVudHNMYXp5TG9hZGluZyI7YjowO3M6MTA6IgAqAHBlclBhZ2UiO2k6MTU7czo2OiJleGlzdHMiO2I6MTtzOjE4OiJ3YXNSZWNlbnRseUNyZWF0ZWQiO2I6MDtzOjI4OiIAKgBlc2NhcGVXaGVuQ2FzdGluZ1RvU3RyaW5nIjtiOjA7czoxMzoiACoAYXR0cmlidXRlcyI7YToxMjp7czoyOiJpZCI7aTo0MztzOjc6Im1lbnVfaWQiO2k6MTtzOjQ6InR5cGUiO3M6MToiMiI7czoxMToibW9kdWxlX25hbWUiO3M6NDoiQmFuayI7czoxMzoiZGl2aWRlcl90aXRsZSI7TjtzOjEwOiJpY29uX2NsYXNzIjtzOjE3OiJmYXMgZmEtdW5pdmVyc2l0eSI7czozOiJ1cmwiO047czo1OiJvcmRlciI7aTo5O3M6OToicGFyZW50X2lkIjtOO3M6NjoidGFyZ2V0IjtOO3M6MTA6ImNyZWF0ZWRfYXQiO3M6MTk6IjIwMjEtMTEtMDQgMTc6NDQ6NTAiO3M6MTA6InVwZGF0ZWRfYXQiO3M6MTk6IjIwMjEtMTEtMDQgMTc6NTE6MDIiO31zOjExOiIAKgBvcmlnaW5hbCI7YToxMjp7czoyOiJpZCI7aTo0MztzOjc6Im1lbnVfaWQiO2k6MTtzOjQ6InR5cGUiO3M6MToiMiI7czoxMToibW9kdWxlX25hbWUiO3M6NDoiQmFuayI7czoxMzoiZGl2aWRlcl90aXRsZSI7TjtzOjEwOiJpY29uX2NsYXNzIjtzOjE3OiJmYXMgZmEtdW5pdmVyc2l0eSI7czozOiJ1cmwiO047czo1OiJvcmRlciI7aTo5O3M6OToicGFyZW50X2lkIjtOO3M6NjoidGFyZ2V0IjtOO3M6MTA6ImNyZWF0ZWRfYXQiO3M6MTk6IjIwMjEtMTEtMDQgMTc6NDQ6NTAiO3M6MTA6InVwZGF0ZWRfYXQiO3M6MTk6IjIwMjEtMTEtMDQgMTc6NTE6MDIiO31zOjEwOiIAKgBjaGFuZ2VzIjthOjA6e31zOjg6IgAqAGNhc3RzIjthOjA6e31zOjE3OiIAKgBjbGFzc0Nhc3RDYWNoZSI7YTowOnt9czo4OiIAKgBkYXRlcyI7YTowOnt9czoxMzoiACoAZGF0ZUZvcm1hdCI7TjtzOjEwOiIAKgBhcHBlbmRzIjthOjA6e31zOjE5OiIAKgBkaXNwYXRjaGVzRXZlbnRzIjthOjA6e31zOjE0OiIAKgBvYnNlcnZhYmxlcyI7YTowOnt9czoxMjoiACoAcmVsYXRpb25zIjthOjE6e3M6ODoiY2hpbGRyZW4iO086MjY6IlR5cGlDTVNcTmVzdGFibGVDb2xsZWN0aW9uIjo4OntzOjg6IgAqAHRvdGFsIjtpOjM7czoxNToiACoAcGFyZW50Q29sdW1uIjtzOjk6InBhcmVudF9pZCI7czozMzoiACoAcmVtb3ZlSXRlbXNXaXRoTWlzc2luZ0FuY2VzdG9yIjtiOjE7czoxNDoiACoAaW5kZW50Q2hhcnMiO3M6ODoiwqDCoMKgwqAiO3M6MTU6IgAqAGNoaWxkcmVuTmFtZSI7czo1OiJpdGVtcyI7czoxNzoiACoAcGFyZW50UmVsYXRpb24iO3M6NjoicGFyZW50IjtzOjg6IgAqAGl0ZW1zIjthOjM6e2k6MDtPOjE3OiJBcHBcTW9kZWxzXE1vZHVsZSI6Mjk6e3M6MTE6IgAqAGZpbGxhYmxlIjthOjk6e2k6MDtzOjc6Im1lbnVfaWQiO2k6MTtzOjQ6InR5cGUiO2k6MjtzOjExOiJtb2R1bGVfbmFtZSI7aTozO3M6MTM6ImRpdmlkZXJfdGl0bGUiO2k6NDtzOjEwOiJpY29uX2NsYXNzIjtpOjU7czozOiJ1cmwiO2k6NjtzOjU6Im9yZGVyIjtpOjc7czo5OiJwYXJlbnRfaWQiO2k6ODtzOjY6InRhcmdldCI7fXM6MTM6IgAqAGNvbm5lY3Rpb24iO3M6NToibXlzcWwiO3M6ODoiACoAdGFibGUiO3M6NzoibW9kdWxlcyI7czoxMzoiACoAcHJpbWFyeUtleSI7czoyOiJpZCI7czoxMDoiACoAa2V5VHlwZSI7czozOiJpbnQiO3M6MTI6ImluY3JlbWVudGluZyI7YjoxO3M6NzoiACoAd2l0aCI7YTowOnt9czoxMjoiACoAd2l0aENvdW50IjthOjA6e31zOjE5OiJwcmV2ZW50c0xhenlMb2FkaW5nIjtiOjA7czoxMDoiACoAcGVyUGFnZSI7aToxNTtzOjY6ImV4aXN0cyI7YjoxO3M6MTg6Indhc1JlY2VudGx5Q3JlYXRlZCI7YjowO3M6Mjg6IgAqAGVzY2FwZVdoZW5DYXN0aW5nVG9TdHJpbmciO2I6MDtzOjEzOiIAKgBhdHRyaWJ1dGVzIjthOjEyOntzOjI6ImlkIjtpOjQ0O3M6NzoibWVudV9pZCI7aToxO3M6NDoidHlwZSI7czoxOiIyIjtzOjExOiJtb2R1bGVfbmFtZSI7czoxMToiTWFuYWdlIEJhbmsiO3M6MTM6ImRpdmlkZXJfdGl0bGUiO047czoxMDoiaWNvbl9jbGFzcyI7TjtzOjM6InVybCI7czo0OiJiYW5rIjtzOjU6Im9yZGVyIjtpOjE7czo5OiJwYXJlbnRfaWQiO2k6NDM7czo2OiJ0YXJnZXQiO3M6NToiX3NlbGYiO3M6MTA6ImNyZWF0ZWRfYXQiO3M6MTk6IjIwMjEtMTEtMDQgMTc6NDU6MjgiO3M6MTA6InVwZGF0ZWRfYXQiO3M6MTk6IjIwMjEtMTEtMDQgMTc6NDY6MTQiO31zOjExOiIAKgBvcmlnaW5hbCI7YToxMjp7czoyOiJpZCI7aTo0NDtzOjc6Im1lbnVfaWQiO2k6MTtzOjQ6InR5cGUiO3M6MToiMiI7czoxMToibW9kdWxlX25hbWUiO3M6MTE6Ik1hbmFnZSBCYW5rIjtzOjEzOiJkaXZpZGVyX3RpdGxlIjtOO3M6MTA6Imljb25fY2xhc3MiO047czozOiJ1cmwiO3M6NDoiYmFuayI7czo1OiJvcmRlciI7aToxO3M6OToicGFyZW50X2lkIjtpOjQzO3M6NjoidGFyZ2V0IjtzOjU6Il9zZWxmIjtzOjEwOiJjcmVhdGVkX2F0IjtzOjE5OiIyMDIxLTExLTA0IDE3OjQ1OjI4IjtzOjEwOiJ1cGRhdGVkX2F0IjtzOjE5OiIyMDIxLTExLTA0IDE3OjQ2OjE0Ijt9czoxMDoiACoAY2hhbmdlcyI7YTowOnt9czo4OiIAKgBjYXN0cyI7YTowOnt9czoxNzoiACoAY2xhc3NDYXN0Q2FjaGUiO2E6MDp7fXM6ODoiACoAZGF0ZXMiO2E6MDp7fXM6MTM6IgAqAGRhdGVGb3JtYXQiO047czoxMDoiACoAYXBwZW5kcyI7YTowOnt9czoxOToiACoAZGlzcGF0Y2hlc0V2ZW50cyI7YTowOnt9czoxNDoiACoAb2JzZXJ2YWJsZXMiO2E6MDp7fXM6MTI6IgAqAHJlbGF0aW9ucyI7YToxOntzOjg6ImNoaWxkcmVuIjtPOjI2OiJUeXBpQ01TXE5lc3RhYmxlQ29sbGVjdGlvbiI6ODp7czo4OiIAKgB0b3RhbCI7aTowO3M6MTU6IgAqAHBhcmVudENvbHVtbiI7czo5OiJwYXJlbnRfaWQiO3M6MzM6IgAqAHJlbW92ZUl0ZW1zV2l0aE1pc3NpbmdBbmNlc3RvciI7YjoxO3M6MTQ6IgAqAGluZGVudENoYXJzIjtzOjg6IsKgwqDCoMKgIjtzOjE1OiIAKgBjaGlsZHJlbk5hbWUiO3M6NToiaXRlbXMiO3M6MTc6IgAqAHBhcmVudFJlbGF0aW9uIjtzOjY6InBhcmVudCI7czo4OiIAKgBpdGVtcyI7YTowOnt9czoyODoiACoAZXNjYXBlV2hlbkNhc3RpbmdUb1N0cmluZyI7YjowO319czoxMDoiACoAdG91Y2hlcyI7YTowOnt9czoxMDoidGltZXN0YW1wcyI7YjoxO3M6OToiACoAaGlkZGVuIjthOjA6e31zOjEwOiIAKgB2aXNpYmxlIjthOjA6e31zOjEwOiIAKgBndWFyZGVkIjthOjE6e2k6MDtzOjE6IioiO319aToxO086MTc6IkFwcFxNb2RlbHNcTW9kdWxlIjoyOTp7czoxMToiACoAZmlsbGFibGUiO2E6OTp7aTowO3M6NzoibWVudV9pZCI7aToxO3M6NDoidHlwZSI7aToyO3M6MTE6Im1vZHVsZV9uYW1lIjtpOjM7czoxMzoiZGl2aWRlcl90aXRsZSI7aTo0O3M6MTA6Imljb25fY2xhc3MiO2k6NTtzOjM6InVybCI7aTo2O3M6NToib3JkZXIiO2k6NztzOjk6InBhcmVudF9pZCI7aTo4O3M6NjoidGFyZ2V0Ijt9czoxMzoiACoAY29ubmVjdGlvbiI7czo1OiJteXNxbCI7czo4OiIAKgB0YWJsZSI7czo3OiJtb2R1bGVzIjtzOjEzOiIAKgBwcmltYXJ5S2V5IjtzOjI6ImlkIjtzOjEwOiIAKgBrZXlUeXBlIjtzOjM6ImludCI7czoxMjoiaW5jcmVtZW50aW5nIjtiOjE7czo3OiIAKgB3aXRoIjthOjA6e31zOjEyOiIAKgB3aXRoQ291bnQiO2E6MDp7fXM6MTk6InByZXZlbnRzTGF6eUxvYWRpbmciO2I6MDtzOjEwOiIAKgBwZXJQYWdlIjtpOjE1O3M6NjoiZXhpc3RzIjtiOjE7czoxODoid2FzUmVjZW50bHlDcmVhdGVkIjtiOjA7czoyODoiACoAZXNjYXBlV2hlbkNhc3RpbmdUb1N0cmluZyI7YjowO3M6MTM6IgAqAGF0dHJpYnV0ZXMiO2E6MTI6e3M6MjoiaWQiO2k6NDU7czo3OiJtZW51X2lkIjtpOjE7czo0OiJ0eXBlIjtzOjE6IjIiO3M6MTE6Im1vZHVsZV9uYW1lIjtzOjE3OiJCYW5rIFR0cmFuc2FjdGlvbiI7czoxMzoiZGl2aWRlcl90aXRsZSI7TjtzOjEwOiJpY29uX2NsYXNzIjtOO3M6MzoidXJsIjtzOjE2OiJiYW5rLXRyYW5zYWN0aW9uIjtzOjU6Im9yZGVyIjtpOjI7czo5OiJwYXJlbnRfaWQiO2k6NDM7czo2OiJ0YXJnZXQiO3M6NToiX3NlbGYiO3M6MTA6ImNyZWF0ZWRfYXQiO3M6MTk6IjIwMjEtMTEtMDQgMTc6NDU6NTQiO3M6MTA6InVwZGF0ZWRfYXQiO3M6MTk6IjIwMjEtMTEtMDQgMTc6NDY6MTYiO31zOjExOiIAKgBvcmlnaW5hbCI7YToxMjp7czoyOiJpZCI7aTo0NTtzOjc6Im1lbnVfaWQiO2k6MTtzOjQ6InR5cGUiO3M6MToiMiI7czoxMToibW9kdWxlX25hbWUiO3M6MTc6IkJhbmsgVHRyYW5zYWN0aW9uIjtzOjEzOiJkaXZpZGVyX3RpdGxlIjtOO3M6MTA6Imljb25fY2xhc3MiO047czozOiJ1cmwiO3M6MTY6ImJhbmstdHJhbnNhY3Rpb24iO3M6NToib3JkZXIiO2k6MjtzOjk6InBhcmVudF9pZCI7aTo0MztzOjY6InRhcmdldCI7czo1OiJfc2VsZiI7czoxMDoiY3JlYXRlZF9hdCI7czoxOToiMjAyMS0xMS0wNCAxNzo0NTo1NCI7czoxMDoidXBkYXRlZF9hdCI7czoxOToiMjAyMS0xMS0wNCAxNzo0NjoxNiI7fXM6MTA6IgAqAGNoYW5nZXMiO2E6MDp7fXM6ODoiACoAY2FzdHMiO2E6MDp7fXM6MTc6IgAqAGNsYXNzQ2FzdENhY2hlIjthOjA6e31zOjg6IgAqAGRhdGVzIjthOjA6e31zOjEzOiIAKgBkYXRlRm9ybWF0IjtOO3M6MTA6IgAqAGFwcGVuZHMiO2E6MDp7fXM6MTk6IgAqAGRpc3BhdGNoZXNFdmVudHMiO2E6MDp7fXM6MTQ6IgAqAG9ic2VydmFibGVzIjthOjA6e31zOjEyOiIAKgByZWxhdGlvbnMiO2E6MTp7czo4OiJjaGlsZHJlbiI7TzoyNjoiVHlwaUNNU1xOZXN0YWJsZUNvbGxlY3Rpb24iOjg6e3M6ODoiACoAdG90YWwiO2k6MDtzOjE1OiIAKgBwYXJlbnRDb2x1bW4iO3M6OToicGFyZW50X2lkIjtzOjMzOiIAKgByZW1vdmVJdGVtc1dpdGhNaXNzaW5nQW5jZXN0b3IiO2I6MTtzOjE0OiIAKgBpbmRlbnRDaGFycyI7czo4OiLCoMKgwqDCoCI7czoxNToiACoAY2hpbGRyZW5OYW1lIjtzOjU6Iml0ZW1zIjtzOjE3OiIAKgBwYXJlbnRSZWxhdGlvbiI7czo2OiJwYXJlbnQiO3M6ODoiACoAaXRlbXMiO2E6MDp7fXM6Mjg6IgAqAGVzY2FwZVdoZW5DYXN0aW5nVG9TdHJpbmciO2I6MDt9fXM6MTA6IgAqAHRvdWNoZXMiO2E6MDp7fXM6MTA6InRpbWVzdGFtcHMiO2I6MTtzOjk6IgAqAGhpZGRlbiI7YTowOnt9czoxMDoiACoAdmlzaWJsZSI7YTowOnt9czoxMDoiACoAZ3VhcmRlZCI7YToxOntpOjA7czoxOiIqIjt9fWk6MjtPOjE3OiJBcHBcTW9kZWxzXE1vZHVsZSI6Mjk6e3M6MTE6IgAqAGZpbGxhYmxlIjthOjk6e2k6MDtzOjc6Im1lbnVfaWQiO2k6MTtzOjQ6InR5cGUiO2k6MjtzOjExOiJtb2R1bGVfbmFtZSI7aTozO3M6MTM6ImRpdmlkZXJfdGl0bGUiO2k6NDtzOjEwOiJpY29uX2NsYXNzIjtpOjU7czozOiJ1cmwiO2k6NjtzOjU6Im9yZGVyIjtpOjc7czo5OiJwYXJlbnRfaWQiO2k6ODtzOjY6InRhcmdldCI7fXM6MTM6IgAqAGNvbm5lY3Rpb24iO3M6NToibXlzcWwiO3M6ODoiACoAdGFibGUiO3M6NzoibW9kdWxlcyI7czoxMzoiACoAcHJpbWFyeUtleSI7czoyOiJpZCI7czoxMDoiACoAa2V5VHlwZSI7czozOiJpbnQiO3M6MTI6ImluY3JlbWVudGluZyI7YjoxO3M6NzoiACoAd2l0aCI7YTowOnt9czoxMjoiACoAd2l0aENvdW50IjthOjA6e31zOjE5OiJwcmV2ZW50c0xhenlMb2FkaW5nIjtiOjA7czoxMDoiACoAcGVyUGFnZSI7aToxNTtzOjY6ImV4aXN0cyI7YjoxO3M6MTg6Indhc1JlY2VudGx5Q3JlYXRlZCI7YjowO3M6Mjg6IgAqAGVzY2FwZVdoZW5DYXN0aW5nVG9TdHJpbmciO2I6MDtzOjEzOiIAKgBhdHRyaWJ1dGVzIjthOjEyOntzOjI6ImlkIjtpOjQ2O3M6NzoibWVudV9pZCI7aToxO3M6NDoidHlwZSI7czoxOiIyIjtzOjExOiJtb2R1bGVfbmFtZSI7czoxMToiQmFuayBMZWRnZXIiO3M6MTM6ImRpdmlkZXJfdGl0bGUiO047czoxMDoiaWNvbl9jbGFzcyI7TjtzOjM6InVybCI7czoxMToiYmFuay1sZWRnZXIiO3M6NToib3JkZXIiO2k6MztzOjk6InBhcmVudF9pZCI7aTo0MztzOjY6InRhcmdldCI7czo1OiJfc2VsZiI7czoxMDoiY3JlYXRlZF9hdCI7czoxOToiMjAyMS0xMS0wNCAxNzo0NjoxMiI7czoxMDoidXBkYXRlZF9hdCI7czoxOToiMjAyMS0xMS0wNCAxNzo0NjoxOSI7fXM6MTE6IgAqAG9yaWdpbmFsIjthOjEyOntzOjI6ImlkIjtpOjQ2O3M6NzoibWVudV9pZCI7aToxO3M6NDoidHlwZSI7czoxOiIyIjtzOjExOiJtb2R1bGVfbmFtZSI7czoxMToiQmFuayBMZWRnZXIiO3M6MTM6ImRpdmlkZXJfdGl0bGUiO047czoxMDoiaWNvbl9jbGFzcyI7TjtzOjM6InVybCI7czoxMToiYmFuay1sZWRnZXIiO3M6NToib3JkZXIiO2k6MztzOjk6InBhcmVudF9pZCI7aTo0MztzOjY6InRhcmdldCI7czo1OiJfc2VsZiI7czoxMDoiY3JlYXRlZF9hdCI7czoxOToiMjAyMS0xMS0wNCAxNzo0NjoxMiI7czoxMDoidXBkYXRlZF9hdCI7czoxOToiMjAyMS0xMS0wNCAxNzo0NjoxOSI7fXM6MTA6IgAqAGNoYW5nZXMiO2E6MDp7fXM6ODoiACoAY2FzdHMiO2E6MDp7fXM6MTc6IgAqAGNsYXNzQ2FzdENhY2hlIjthOjA6e31zOjg6IgAqAGRhdGVzIjthOjA6e31zOjEzOiIAKgBkYXRlRm9ybWF0IjtOO3M6MTA6IgAqAGFwcGVuZHMiO2E6MDp7fXM6MTk6IgAqAGRpc3BhdGNoZXNFdmVudHMiO2E6MDp7fXM6MTQ6IgAqAG9ic2VydmFibGVzIjthOjA6e31zOjEyOiIAKgByZWxhdGlvbnMiO2E6MTp7czo4OiJjaGlsZHJlbiI7TzoyNjoiVHlwaUNNU1xOZXN0YWJsZUNvbGxlY3Rpb24iOjg6e3M6ODoiACoAdG90YWwiO2k6MDtzOjE1OiIAKgBwYXJlbnRDb2x1bW4iO3M6OToicGFyZW50X2lkIjtzOjMzOiIAKgByZW1vdmVJdGVtc1dpdGhNaXNzaW5nQW5jZXN0b3IiO2I6MTtzOjE0OiIAKgBpbmRlbnRDaGFycyI7czo4OiLCoMKgwqDCoCI7czoxNToiACoAY2hpbGRyZW5OYW1lIjtzOjU6Iml0ZW1zIjtzOjE3OiIAKgBwYXJlbnRSZWxhdGlvbiI7czo2OiJwYXJlbnQiO3M6ODoiACoAaXRlbXMiO2E6MDp7fXM6Mjg6IgAqAGVzY2FwZVdoZW5DYXN0aW5nVG9TdHJpbmciO2I6MDt9fXM6MTA6IgAqAHRvdWNoZXMiO2E6MDp7fXM6MTA6InRpbWVzdGFtcHMiO2I6MTtzOjk6IgAqAGhpZGRlbiI7YTowOnt9czoxMDoiACoAdmlzaWJsZSI7YTowOnt9czoxMDoiACoAZ3VhcmRlZCI7YToxOntpOjA7czoxOiIqIjt9fX1zOjI4OiIAKgBlc2NhcGVXaGVuQ2FzdGluZ1RvU3RyaW5nIjtiOjA7fX1zOjEwOiIAKgB0b3VjaGVzIjthOjA6e31zOjEwOiJ0aW1lc3RhbXBzIjtiOjE7czo5OiIAKgBoaWRkZW4iO2E6MDp7fXM6MTA6IgAqAHZpc2libGUiO2E6MDp7fXM6MTA6IgAqAGd1YXJkZWQiO2E6MTp7aTowO3M6MToiKiI7fX1pOjk7TzoxNzoiQXBwXE1vZGVsc1xNb2R1bGUiOjI5OntzOjExOiIAKgBmaWxsYWJsZSI7YTo5OntpOjA7czo3OiJtZW51X2lkIjtpOjE7czo0OiJ0eXBlIjtpOjI7czoxMToibW9kdWxlX25hbWUiO2k6MztzOjEzOiJkaXZpZGVyX3RpdGxlIjtpOjQ7czoxMDoiaWNvbl9jbGFzcyI7aTo1O3M6MzoidXJsIjtpOjY7czo1OiJvcmRlciI7aTo3O3M6OToicGFyZW50X2lkIjtpOjg7czo2OiJ0YXJnZXQiO31zOjEzOiIAKgBjb25uZWN0aW9uIjtzOjU6Im15c3FsIjtzOjg6IgAqAHRhYmxlIjtzOjc6Im1vZHVsZXMiO3M6MTM6IgAqAHByaW1hcnlLZXkiO3M6MjoiaWQiO3M6MTA6IgAqAGtleVR5cGUiO3M6MzoiaW50IjtzOjEyOiJpbmNyZW1lbnRpbmciO2I6MTtzOjc6IgAqAHdpdGgiO2E6MDp7fXM6MTI6IgAqAHdpdGhDb3VudCI7YTowOnt9czoxOToicHJldmVudHNMYXp5TG9hZGluZyI7YjowO3M6MTA6IgAqAHBlclBhZ2UiO2k6MTU7czo2OiJleGlzdHMiO2I6MTtzOjE4OiJ3YXNSZWNlbnRseUNyZWF0ZWQiO2I6MDtzOjI4OiIAKgBlc2NhcGVXaGVuQ2FzdGluZ1RvU3RyaW5nIjtiOjA7czoxMzoiACoAYXR0cmlidXRlcyI7YToxMjp7czoyOiJpZCI7aTo0NztzOjc6Im1lbnVfaWQiO2k6MTtzOjQ6InR5cGUiO3M6MToiMiI7czoxMToibW9kdWxlX25hbWUiO3M6MTE6Ik1vYmlsZSBCYW5rIjtzOjEzOiJkaXZpZGVyX3RpdGxlIjtOO3M6MTA6Imljb25fY2xhc3MiO3M6MTc6ImZhcyBmYS1tb2JpbGUtYWx0IjtzOjM6InVybCI7TjtzOjU6Im9yZGVyIjtpOjEwO3M6OToicGFyZW50X2lkIjtOO3M6NjoidGFyZ2V0IjtOO3M6MTA6ImNyZWF0ZWRfYXQiO3M6MTk6IjIwMjEtMTEtMDQgMTc6NDY6NTEiO3M6MTA6InVwZGF0ZWRfYXQiO3M6MTk6IjIwMjEtMTEtMDQgMTc6NTE6MDIiO31zOjExOiIAKgBvcmlnaW5hbCI7YToxMjp7czoyOiJpZCI7aTo0NztzOjc6Im1lbnVfaWQiO2k6MTtzOjQ6InR5cGUiO3M6MToiMiI7czoxMToibW9kdWxlX25hbWUiO3M6MTE6Ik1vYmlsZSBCYW5rIjtzOjEzOiJkaXZpZGVyX3RpdGxlIjtOO3M6MTA6Imljb25fY2xhc3MiO3M6MTc6ImZhcyBmYS1tb2JpbGUtYWx0IjtzOjM6InVybCI7TjtzOjU6Im9yZGVyIjtpOjEwO3M6OToicGFyZW50X2lkIjtOO3M6NjoidGFyZ2V0IjtOO3M6MTA6ImNyZWF0ZWRfYXQiO3M6MTk6IjIwMjEtMTEtMDQgMTc6NDY6NTEiO3M6MTA6InVwZGF0ZWRfYXQiO3M6MTk6IjIwMjEtMTEtMDQgMTc6NTE6MDIiO31zOjEwOiIAKgBjaGFuZ2VzIjthOjA6e31zOjg6IgAqAGNhc3RzIjthOjA6e31zOjE3OiIAKgBjbGFzc0Nhc3RDYWNoZSI7YTowOnt9czo4OiIAKgBkYXRlcyI7YTowOnt9czoxMzoiACoAZGF0ZUZvcm1hdCI7TjtzOjEwOiIAKgBhcHBlbmRzIjthOjA6e31zOjE5OiIAKgBkaXNwYXRjaGVzRXZlbnRzIjthOjA6e31zOjE0OiIAKgBvYnNlcnZhYmxlcyI7YTowOnt9czoxMjoiACoAcmVsYXRpb25zIjthOjE6e3M6ODoiY2hpbGRyZW4iO086MjY6IlR5cGlDTVNcTmVzdGFibGVDb2xsZWN0aW9uIjo4OntzOjg6IgAqAHRvdGFsIjtpOjM7czoxNToiACoAcGFyZW50Q29sdW1uIjtzOjk6InBhcmVudF9pZCI7czozMzoiACoAcmVtb3ZlSXRlbXNXaXRoTWlzc2luZ0FuY2VzdG9yIjtiOjE7czoxNDoiACoAaW5kZW50Q2hhcnMiO3M6ODoiwqDCoMKgwqAiO3M6MTU6IgAqAGNoaWxkcmVuTmFtZSI7czo1OiJpdGVtcyI7czoxNzoiACoAcGFyZW50UmVsYXRpb24iO3M6NjoicGFyZW50IjtzOjg6IgAqAGl0ZW1zIjthOjM6e2k6MDtPOjE3OiJBcHBcTW9kZWxzXE1vZHVsZSI6Mjk6e3M6MTE6IgAqAGZpbGxhYmxlIjthOjk6e2k6MDtzOjc6Im1lbnVfaWQiO2k6MTtzOjQ6InR5cGUiO2k6MjtzOjExOiJtb2R1bGVfbmFtZSI7aTozO3M6MTM6ImRpdmlkZXJfdGl0bGUiO2k6NDtzOjEwOiJpY29uX2NsYXNzIjtpOjU7czozOiJ1cmwiO2k6NjtzOjU6Im9yZGVyIjtpOjc7czo5OiJwYXJlbnRfaWQiO2k6ODtzOjY6InRhcmdldCI7fXM6MTM6IgAqAGNvbm5lY3Rpb24iO3M6NToibXlzcWwiO3M6ODoiACoAdGFibGUiO3M6NzoibW9kdWxlcyI7czoxMzoiACoAcHJpbWFyeUtleSI7czoyOiJpZCI7czoxMDoiACoAa2V5VHlwZSI7czozOiJpbnQiO3M6MTI6ImluY3JlbWVudGluZyI7YjoxO3M6NzoiACoAd2l0aCI7YTowOnt9czoxMjoiACoAd2l0aENvdW50IjthOjA6e31zOjE5OiJwcmV2ZW50c0xhenlMb2FkaW5nIjtiOjA7czoxMDoiACoAcGVyUGFnZSI7aToxNTtzOjY6ImV4aXN0cyI7YjoxO3M6MTg6Indhc1JlY2VudGx5Q3JlYXRlZCI7YjowO3M6Mjg6IgAqAGVzY2FwZVdoZW5DYXN0aW5nVG9TdHJpbmciO2I6MDtzOjEzOiIAKgBhdHRyaWJ1dGVzIjthOjEyOntzOjI6ImlkIjtpOjQ4O3M6NzoibWVudV9pZCI7aToxO3M6NDoidHlwZSI7czoxOiIyIjtzOjExOiJtb2R1bGVfbmFtZSI7czoxODoiTWFuYWdlIE1vYmlsZSBCYW5rIjtzOjEzOiJkaXZpZGVyX3RpdGxlIjtOO3M6MTA6Imljb25fY2xhc3MiO047czozOiJ1cmwiO3M6MTE6Im1vYmlsZS1iYW5rIjtzOjU6Im9yZGVyIjtpOjE7czo5OiJwYXJlbnRfaWQiO2k6NDc7czo2OiJ0YXJnZXQiO3M6NToiX3NlbGYiO3M6MTA6ImNyZWF0ZWRfYXQiO3M6MTk6IjIwMjEtMTEtMDQgMTc6NDc6NDQiO3M6MTA6InVwZGF0ZWRfYXQiO3M6MTk6IjIwMjEtMTEtMDQgMTc6NDg6NDAiO31zOjExOiIAKgBvcmlnaW5hbCI7YToxMjp7czoyOiJpZCI7aTo0ODtzOjc6Im1lbnVfaWQiO2k6MTtzOjQ6InR5cGUiO3M6MToiMiI7czoxMToibW9kdWxlX25hbWUiO3M6MTg6Ik1hbmFnZSBNb2JpbGUgQmFuayI7czoxMzoiZGl2aWRlcl90aXRsZSI7TjtzOjEwOiJpY29uX2NsYXNzIjtOO3M6MzoidXJsIjtzOjExOiJtb2JpbGUtYmFuayI7czo1OiJvcmRlciI7aToxO3M6OToicGFyZW50X2lkIjtpOjQ3O3M6NjoidGFyZ2V0IjtzOjU6Il9zZWxmIjtzOjEwOiJjcmVhdGVkX2F0IjtzOjE5OiIyMDIxLTExLTA0IDE3OjQ3OjQ0IjtzOjEwOiJ1cGRhdGVkX2F0IjtzOjE5OiIyMDIxLTExLTA0IDE3OjQ4OjQwIjt9czoxMDoiACoAY2hhbmdlcyI7YTowOnt9czo4OiIAKgBjYXN0cyI7YTowOnt9czoxNzoiACoAY2xhc3NDYXN0Q2FjaGUiO2E6MDp7fXM6ODoiACoAZGF0ZXMiO2E6MDp7fXM6MTM6IgAqAGRhdGVGb3JtYXQiO047czoxMDoiACoAYXBwZW5kcyI7YTowOnt9czoxOToiACoAZGlzcGF0Y2hlc0V2ZW50cyI7YTowOnt9czoxNDoiACoAb2JzZXJ2YWJsZXMiO2E6MDp7fXM6MTI6IgAqAHJlbGF0aW9ucyI7YToxOntzOjg6ImNoaWxkcmVuIjtPOjI2OiJUeXBpQ01TXE5lc3RhYmxlQ29sbGVjdGlvbiI6ODp7czo4OiIAKgB0b3RhbCI7aTowO3M6MTU6IgAqAHBhcmVudENvbHVtbiI7czo5OiJwYXJlbnRfaWQiO3M6MzM6IgAqAHJlbW92ZUl0ZW1zV2l0aE1pc3NpbmdBbmNlc3RvciI7YjoxO3M6MTQ6IgAqAGluZGVudENoYXJzIjtzOjg6IsKgwqDCoMKgIjtzOjE1OiIAKgBjaGlsZHJlbk5hbWUiO3M6NToiaXRlbXMiO3M6MTc6IgAqAHBhcmVudFJlbGF0aW9uIjtzOjY6InBhcmVudCI7czo4OiIAKgBpdGVtcyI7YTowOnt9czoyODoiACoAZXNjYXBlV2hlbkNhc3RpbmdUb1N0cmluZyI7YjowO319czoxMDoiACoAdG91Y2hlcyI7YTowOnt9czoxMDoidGltZXN0YW1wcyI7YjoxO3M6OToiACoAaGlkZGVuIjthOjA6e31zOjEwOiIAKgB2aXNpYmxlIjthOjA6e31zOjEwOiIAKgBndWFyZGVkIjthOjE6e2k6MDtzOjE6IioiO319aToxO086MTc6IkFwcFxNb2RlbHNcTW9kdWxlIjoyOTp7czoxMToiACoAZmlsbGFibGUiO2E6OTp7aTowO3M6NzoibWVudV9pZCI7aToxO3M6NDoidHlwZSI7aToyO3M6MTE6Im1vZHVsZV9uYW1lIjtpOjM7czoxMzoiZGl2aWRlcl90aXRsZSI7aTo0O3M6MTA6Imljb25fY2xhc3MiO2k6NTtzOjM6InVybCI7aTo2O3M6NToib3JkZXIiO2k6NztzOjk6InBhcmVudF9pZCI7aTo4O3M6NjoidGFyZ2V0Ijt9czoxMzoiACoAY29ubmVjdGlvbiI7czo1OiJteXNxbCI7czo4OiIAKgB0YWJsZSI7czo3OiJtb2R1bGVzIjtzOjEzOiIAKgBwcmltYXJ5S2V5IjtzOjI6ImlkIjtzOjEwOiIAKgBrZXlUeXBlIjtzOjM6ImludCI7czoxMjoiaW5jcmVtZW50aW5nIjtiOjE7czo3OiIAKgB3aXRoIjthOjA6e31zOjEyOiIAKgB3aXRoQ291bnQiO2E6MDp7fXM6MTk6InByZXZlbnRzTGF6eUxvYWRpbmciO2I6MDtzOjEwOiIAKgBwZXJQYWdlIjtpOjE1O3M6NjoiZXhpc3RzIjtiOjE7czoxODoid2FzUmVjZW50bHlDcmVhdGVkIjtiOjA7czoyODoiACoAZXNjYXBlV2hlbkNhc3RpbmdUb1N0cmluZyI7YjowO3M6MTM6IgAqAGF0dHJpYnV0ZXMiO2E6MTI6e3M6MjoiaWQiO2k6NDk7czo3OiJtZW51X2lkIjtpOjE7czo0OiJ0eXBlIjtzOjE6IjIiO3M6MTE6Im1vZHVsZV9uYW1lIjtzOjIzOiJNb2JpbGUgQmFuayBUcmFuc2FjdGlvbiI7czoxMzoiZGl2aWRlcl90aXRsZSI7TjtzOjEwOiJpY29uX2NsYXNzIjtOO3M6MzoidXJsIjtzOjIzOiJtb2JpbGUtYmFuay10cmFuc2FjdGlvbiI7czo1OiJvcmRlciI7aToyO3M6OToicGFyZW50X2lkIjtpOjQ3O3M6NjoidGFyZ2V0IjtzOjU6Il9zZWxmIjtzOjEwOiJjcmVhdGVkX2F0IjtzOjE5OiIyMDIxLTExLTA0IDE3OjQ4OjExIjtzOjEwOiJ1cGRhdGVkX2F0IjtzOjE5OiIyMDIxLTExLTA0IDE3OjQ4OjQyIjt9czoxMToiACoAb3JpZ2luYWwiO2E6MTI6e3M6MjoiaWQiO2k6NDk7czo3OiJtZW51X2lkIjtpOjE7czo0OiJ0eXBlIjtzOjE6IjIiO3M6MTE6Im1vZHVsZV9uYW1lIjtzOjIzOiJNb2JpbGUgQmFuayBUcmFuc2FjdGlvbiI7czoxMzoiZGl2aWRlcl90aXRsZSI7TjtzOjEwOiJpY29uX2NsYXNzIjtOO3M6MzoidXJsIjtzOjIzOiJtb2JpbGUtYmFuay10cmFuc2FjdGlvbiI7czo1OiJvcmRlciI7aToyO3M6OToicGFyZW50X2lkIjtpOjQ3O3M6NjoidGFyZ2V0IjtzOjU6Il9zZWxmIjtzOjEwOiJjcmVhdGVkX2F0IjtzOjE5OiIyMDIxLTExLTA0IDE3OjQ4OjExIjtzOjEwOiJ1cGRhdGVkX2F0IjtzOjE5OiIyMDIxLTExLTA0IDE3OjQ4OjQyIjt9czoxMDoiACoAY2hhbmdlcyI7YTowOnt9czo4OiIAKgBjYXN0cyI7YTowOnt9czoxNzoiACoAY2xhc3NDYXN0Q2FjaGUiO2E6MDp7fXM6ODoiACoAZGF0ZXMiO2E6MDp7fXM6MTM6IgAqAGRhdGVGb3JtYXQiO047czoxMDoiACoAYXBwZW5kcyI7YTowOnt9czoxOToiACoAZGlzcGF0Y2hlc0V2ZW50cyI7YTowOnt9czoxNDoiACoAb2JzZXJ2YWJsZXMiO2E6MDp7fXM6MTI6IgAqAHJlbGF0aW9ucyI7YToxOntzOjg6ImNoaWxkcmVuIjtPOjI2OiJUeXBpQ01TXE5lc3RhYmxlQ29sbGVjdGlvbiI6ODp7czo4OiIAKgB0b3RhbCI7aTowO3M6MTU6IgAqAHBhcmVudENvbHVtbiI7czo5OiJwYXJlbnRfaWQiO3M6MzM6IgAqAHJlbW92ZUl0ZW1zV2l0aE1pc3NpbmdBbmNlc3RvciI7YjoxO3M6MTQ6IgAqAGluZGVudENoYXJzIjtzOjg6IsKgwqDCoMKgIjtzOjE1OiIAKgBjaGlsZHJlbk5hbWUiO3M6NToiaXRlbXMiO3M6MTc6IgAqAHBhcmVudFJlbGF0aW9uIjtzOjY6InBhcmVudCI7czo4OiIAKgBpdGVtcyI7YTowOnt9czoyODoiACoAZXNjYXBlV2hlbkNhc3RpbmdUb1N0cmluZyI7YjowO319czoxMDoiACoAdG91Y2hlcyI7YTowOnt9czoxMDoidGltZXN0YW1wcyI7YjoxO3M6OToiACoAaGlkZGVuIjthOjA6e31zOjEwOiIAKgB2aXNpYmxlIjthOjA6e31zOjEwOiIAKgBndWFyZGVkIjthOjE6e2k6MDtzOjE6IioiO319aToyO086MTc6IkFwcFxNb2RlbHNcTW9kdWxlIjoyOTp7czoxMToiACoAZmlsbGFibGUiO2E6OTp7aTowO3M6NzoibWVudV9pZCI7aToxO3M6NDoidHlwZSI7aToyO3M6MTE6Im1vZHVsZV9uYW1lIjtpOjM7czoxMzoiZGl2aWRlcl90aXRsZSI7aTo0O3M6MTA6Imljb25fY2xhc3MiO2k6NTtzOjM6InVybCI7aTo2O3M6NToib3JkZXIiO2k6NztzOjk6InBhcmVudF9pZCI7aTo4O3M6NjoidGFyZ2V0Ijt9czoxMzoiACoAY29ubmVjdGlvbiI7czo1OiJteXNxbCI7czo4OiIAKgB0YWJsZSI7czo3OiJtb2R1bGVzIjtzOjEzOiIAKgBwcmltYXJ5S2V5IjtzOjI6ImlkIjtzOjEwOiIAKgBrZXlUeXBlIjtzOjM6ImludCI7czoxMjoiaW5jcmVtZW50aW5nIjtiOjE7czo3OiIAKgB3aXRoIjthOjA6e31zOjEyOiIAKgB3aXRoQ291bnQiO2E6MDp7fXM6MTk6InByZXZlbnRzTGF6eUxvYWRpbmciO2I6MDtzOjEwOiIAKgBwZXJQYWdlIjtpOjE1O3M6NjoiZXhpc3RzIjtiOjE7czoxODoid2FzUmVjZW50bHlDcmVhdGVkIjtiOjA7czoyODoiACoAZXNjYXBlV2hlbkNhc3RpbmdUb1N0cmluZyI7YjowO3M6MTM6IgAqAGF0dHJpYnV0ZXMiO2E6MTI6e3M6MjoiaWQiO2k6NTA7czo3OiJtZW51X2lkIjtpOjE7czo0OiJ0eXBlIjtzOjE6IjIiO3M6MTE6Im1vZHVsZV9uYW1lIjtzOjE4OiJNb2JpbGUgQmFuayBMZWRnZXIiO3M6MTM6ImRpdmlkZXJfdGl0bGUiO047czoxMDoiaWNvbl9jbGFzcyI7TjtzOjM6InVybCI7czoxODoibW9iaWxlLWJhbmstbGVkZ2VyIjtzOjU6Im9yZGVyIjtpOjM7czo5OiJwYXJlbnRfaWQiO2k6NDc7czo2OiJ0YXJnZXQiO3M6NToiX3NlbGYiO3M6MTA6ImNyZWF0ZWRfYXQiO3M6MTk6IjIwMjEtMTEtMDQgMTc6NDg6MzkiO3M6MTA6InVwZGF0ZWRfYXQiO3M6MTk6IjIwMjEtMTEtMDQgMTc6NDg6NDQiO31zOjExOiIAKgBvcmlnaW5hbCI7YToxMjp7czoyOiJpZCI7aTo1MDtzOjc6Im1lbnVfaWQiO2k6MTtzOjQ6InR5cGUiO3M6MToiMiI7czoxMToibW9kdWxlX25hbWUiO3M6MTg6Ik1vYmlsZSBCYW5rIExlZGdlciI7czoxMzoiZGl2aWRlcl90aXRsZSI7TjtzOjEwOiJpY29uX2NsYXNzIjtOO3M6MzoidXJsIjtzOjE4OiJtb2JpbGUtYmFuay1sZWRnZXIiO3M6NToib3JkZXIiO2k6MztzOjk6InBhcmVudF9pZCI7aTo0NztzOjY6InRhcmdldCI7czo1OiJfc2VsZiI7czoxMDoiY3JlYXRlZF9hdCI7czoxOToiMjAyMS0xMS0wNCAxNzo0ODozOSI7czoxMDoidXBkYXRlZF9hdCI7czoxOToiMjAyMS0xMS0wNCAxNzo0ODo0NCI7fXM6MTA6IgAqAGNoYW5nZXMiO2E6MDp7fXM6ODoiACoAY2FzdHMiO2E6MDp7fXM6MTc6IgAqAGNsYXNzQ2FzdENhY2hlIjthOjA6e31zOjg6IgAqAGRhdGVzIjthOjA6e31zOjEzOiIAKgBkYXRlRm9ybWF0IjtOO3M6MTA6IgAqAGFwcGVuZHMiO2E6MDp7fXM6MTk6IgAqAGRpc3BhdGNoZXNFdmVudHMiO2E6MDp7fXM6MTQ6IgAqAG9ic2VydmFibGVzIjthOjA6e31zOjEyOiIAKgByZWxhdGlvbnMiO2E6MTp7czo4OiJjaGlsZHJlbiI7TzoyNjoiVHlwaUNNU1xOZXN0YWJsZUNvbGxlY3Rpb24iOjg6e3M6ODoiACoAdG90YWwiO2k6MDtzOjE1OiIAKgBwYXJlbnRDb2x1bW4iO3M6OToicGFyZW50X2lkIjtzOjMzOiIAKgByZW1vdmVJdGVtc1dpdGhNaXNzaW5nQW5jZXN0b3IiO2I6MTtzOjE0OiIAKgBpbmRlbnRDaGFycyI7czo4OiLCoMKgwqDCoCI7czoxNToiACoAY2hpbGRyZW5OYW1lIjtzOjU6Iml0ZW1zIjtzOjE3OiIAKgBwYXJlbnRSZWxhdGlvbiI7czo2OiJwYXJlbnQiO3M6ODoiACoAaXRlbXMiO2E6MDp7fXM6Mjg6IgAqAGVzY2FwZVdoZW5DYXN0aW5nVG9TdHJpbmciO2I6MDt9fXM6MTA6IgAqAHRvdWNoZXMiO2E6MDp7fXM6MTA6InRpbWVzdGFtcHMiO2I6MTtzOjk6IgAqAGhpZGRlbiI7YTowOnt9czoxMDoiACoAdmlzaWJsZSI7YTowOnt9czoxMDoiACoAZ3VhcmRlZCI7YToxOntpOjA7czoxOiIqIjt9fX1zOjI4OiIAKgBlc2NhcGVXaGVuQ2FzdGluZ1RvU3RyaW5nIjtiOjA7fX1zOjEwOiIAKgB0b3VjaGVzIjthOjA6e31zOjEwOiJ0aW1lc3RhbXBzIjtiOjE7czo5OiIAKgBoaWRkZW4iO2E6MDp7fXM6MTA6IgAqAHZpc2libGUiO2E6MDp7fXM6MTA6IgAqAGd1YXJkZWQiO2E6MTp7aTowO3M6MToiKiI7fX1pOjEwO086MTc6IkFwcFxNb2RlbHNcTW9kdWxlIjoyOTp7czoxMToiACoAZmlsbGFibGUiO2E6OTp7aTowO3M6NzoibWVudV9pZCI7aToxO3M6NDoidHlwZSI7aToyO3M6MTE6Im1vZHVsZV9uYW1lIjtpOjM7czoxMzoiZGl2aWRlcl90aXRsZSI7aTo0O3M6MTA6Imljb25fY2xhc3MiO2k6NTtzOjM6InVybCI7aTo2O3M6NToib3JkZXIiO2k6NztzOjk6InBhcmVudF9pZCI7aTo4O3M6NjoidGFyZ2V0Ijt9czoxMzoiACoAY29ubmVjdGlvbiI7czo1OiJteXNxbCI7czo4OiIAKgB0YWJsZSI7czo3OiJtb2R1bGVzIjtzOjEzOiIAKgBwcmltYXJ5S2V5IjtzOjI6ImlkIjtzOjEwOiIAKgBrZXlUeXBlIjtzOjM6ImludCI7czoxMjoiaW5jcmVtZW50aW5nIjtiOjE7czo3OiIAKgB3aXRoIjthOjA6e31zOjEyOiIAKgB3aXRoQ291bnQiO2E6MDp7fXM6MTk6InByZXZlbnRzTGF6eUxvYWRpbmciO2I6MDtzOjEwOiIAKgBwZXJQYWdlIjtpOjE1O3M6NjoiZXhpc3RzIjtiOjE7czoxODoid2FzUmVjZW50bHlDcmVhdGVkIjtiOjA7czoyODoiACoAZXNjYXBlV2hlbkNhc3RpbmdUb1N0cmluZyI7YjowO3M6MTM6IgAqAGF0dHJpYnV0ZXMiO2E6MTI6e3M6MjoiaWQiO2k6NTE7czo3OiJtZW51X2lkIjtpOjE7czo0OiJ0eXBlIjtzOjE6IjIiO3M6MTE6Im1vZHVsZV9uYW1lIjtzOjY6IlJlcG9ydCI7czoxMzoiZGl2aWRlcl90aXRsZSI7TjtzOjEwOiJpY29uX2NsYXNzIjtzOjIxOiJmYXMgZmEtZmlsZS1zaWduYXR1cmUiO3M6MzoidXJsIjtOO3M6NToib3JkZXIiO2k6MTE7czo5OiJwYXJlbnRfaWQiO047czo2OiJ0YXJnZXQiO047czoxMDoiY3JlYXRlZF9hdCI7czoxOToiMjAyMS0xMS0wNCAxNzo0OTo0NCI7czoxMDoidXBkYXRlZF9hdCI7czoxOToiMjAyMS0xMS0wNCAxNzo1MTowMiI7fXM6MTE6IgAqAG9yaWdpbmFsIjthOjEyOntzOjI6ImlkIjtpOjUxO3M6NzoibWVudV9pZCI7aToxO3M6NDoidHlwZSI7czoxOiIyIjtzOjExOiJtb2R1bGVfbmFtZSI7czo2OiJSZXBvcnQiO3M6MTM6ImRpdmlkZXJfdGl0bGUiO047czoxMDoiaWNvbl9jbGFzcyI7czoyMToiZmFzIGZhLWZpbGUtc2lnbmF0dXJlIjtzOjM6InVybCI7TjtzOjU6Im9yZGVyIjtpOjExO3M6OToicGFyZW50X2lkIjtOO3M6NjoidGFyZ2V0IjtOO3M6MTA6ImNyZWF0ZWRfYXQiO3M6MTk6IjIwMjEtMTEtMDQgMTc6NDk6NDQiO3M6MTA6InVwZGF0ZWRfYXQiO3M6MTk6IjIwMjEtMTEtMDQgMTc6NTE6MDIiO31zOjEwOiIAKgBjaGFuZ2VzIjthOjA6e31zOjg6IgAqAGNhc3RzIjthOjA6e31zOjE3OiIAKgBjbGFzc0Nhc3RDYWNoZSI7YTowOnt9czo4OiIAKgBkYXRlcyI7YTowOnt9czoxMzoiACoAZGF0ZUZvcm1hdCI7TjtzOjEwOiIAKgBhcHBlbmRzIjthOjA6e31zOjE5OiIAKgBkaXNwYXRjaGVzRXZlbnRzIjthOjA6e31zOjE0OiIAKgBvYnNlcnZhYmxlcyI7YTowOnt9czoxMjoiACoAcmVsYXRpb25zIjthOjE6e3M6ODoiY2hpbGRyZW4iO086MjY6IlR5cGlDTVNcTmVzdGFibGVDb2xsZWN0aW9uIjo4OntzOjg6IgAqAHRvdGFsIjtpOjI7czoxNToiACoAcGFyZW50Q29sdW1uIjtzOjk6InBhcmVudF9pZCI7czozMzoiACoAcmVtb3ZlSXRlbXNXaXRoTWlzc2luZ0FuY2VzdG9yIjtiOjE7czoxNDoiACoAaW5kZW50Q2hhcnMiO3M6ODoiwqDCoMKgwqAiO3M6MTU6IgAqAGNoaWxkcmVuTmFtZSI7czo1OiJpdGVtcyI7czoxNzoiACoAcGFyZW50UmVsYXRpb24iO3M6NjoicGFyZW50IjtzOjg6IgAqAGl0ZW1zIjthOjI6e2k6MDtPOjE3OiJBcHBcTW9kZWxzXE1vZHVsZSI6Mjk6e3M6MTE6IgAqAGZpbGxhYmxlIjthOjk6e2k6MDtzOjc6Im1lbnVfaWQiO2k6MTtzOjQ6InR5cGUiO2k6MjtzOjExOiJtb2R1bGVfbmFtZSI7aTozO3M6MTM6ImRpdmlkZXJfdGl0bGUiO2k6NDtzOjEwOiJpY29uX2NsYXNzIjtpOjU7czozOiJ1cmwiO2k6NjtzOjU6Im9yZGVyIjtpOjc7czo5OiJwYXJlbnRfaWQiO2k6ODtzOjY6InRhcmdldCI7fXM6MTM6IgAqAGNvbm5lY3Rpb24iO3M6NToibXlzcWwiO3M6ODoiACoAdGFibGUiO3M6NzoibW9kdWxlcyI7czoxMzoiACoAcHJpbWFyeUtleSI7czoyOiJpZCI7czoxMDoiACoAa2V5VHlwZSI7czozOiJpbnQiO3M6MTI6ImluY3JlbWVudGluZyI7YjoxO3M6NzoiACoAd2l0aCI7YTowOnt9czoxMjoiACoAd2l0aENvdW50IjthOjA6e31zOjE5OiJwcmV2ZW50c0xhenlMb2FkaW5nIjtiOjA7czoxMDoiACoAcGVyUGFnZSI7aToxNTtzOjY6ImV4aXN0cyI7YjoxO3M6MTg6Indhc1JlY2VudGx5Q3JlYXRlZCI7YjowO3M6Mjg6IgAqAGVzY2FwZVdoZW5DYXN0aW5nVG9TdHJpbmciO2I6MDtzOjEzOiIAKgBhdHRyaWJ1dGVzIjthOjEyOntzOjI6ImlkIjtpOjUyO3M6NzoibWVudV9pZCI7aToxO3M6NDoidHlwZSI7czoxOiIyIjtzOjExOiJtb2R1bGVfbmFtZSI7czo3OiJDbG9zaW5nIjtzOjEzOiJkaXZpZGVyX3RpdGxlIjtOO3M6MTA6Imljb25fY2xhc3MiO047czozOiJ1cmwiO3M6NzoiY2xvc2luZyI7czo1OiJvcmRlciI7aToxO3M6OToicGFyZW50X2lkIjtpOjUxO3M6NjoidGFyZ2V0IjtzOjU6Il9zZWxmIjtzOjEwOiJjcmVhdGVkX2F0IjtzOjE5OiIyMDIxLTExLTA0IDE3OjUwOjI0IjtzOjEwOiJ1cGRhdGVkX2F0IjtzOjE5OiIyMDIxLTExLTA0IDE3OjUwOjQzIjt9czoxMToiACoAb3JpZ2luYWwiO2E6MTI6e3M6MjoiaWQiO2k6NTI7czo3OiJtZW51X2lkIjtpOjE7czo0OiJ0eXBlIjtzOjE6IjIiO3M6MTE6Im1vZHVsZV9uYW1lIjtzOjc6IkNsb3NpbmciO3M6MTM6ImRpdmlkZXJfdGl0bGUiO047czoxMDoiaWNvbl9jbGFzcyI7TjtzOjM6InVybCI7czo3OiJjbG9zaW5nIjtzOjU6Im9yZGVyIjtpOjE7czo5OiJwYXJlbnRfaWQiO2k6NTE7czo2OiJ0YXJnZXQiO3M6NToiX3NlbGYiO3M6MTA6ImNyZWF0ZWRfYXQiO3M6MTk6IjIwMjEtMTEtMDQgMTc6NTA6MjQiO3M6MTA6InVwZGF0ZWRfYXQiO3M6MTk6IjIwMjEtMTEtMDQgMTc6NTA6NDMiO31zOjEwOiIAKgBjaGFuZ2VzIjthOjA6e31zOjg6IgAqAGNhc3RzIjthOjA6e31zOjE3OiIAKgBjbGFzc0Nhc3RDYWNoZSI7YTowOnt9czo4OiIAKgBkYXRlcyI7YTowOnt9czoxMzoiACoAZGF0ZUZvcm1hdCI7TjtzOjEwOiIAKgBhcHBlbmRzIjthOjA6e31zOjE5OiIAKgBkaXNwYXRjaGVzRXZlbnRzIjthOjA6e31zOjE0OiIAKgBvYnNlcnZhYmxlcyI7YTowOnt9czoxMjoiACoAcmVsYXRpb25zIjthOjE6e3M6ODoiY2hpbGRyZW4iO086MjY6IlR5cGlDTVNcTmVzdGFibGVDb2xsZWN0aW9uIjo4OntzOjg6IgAqAHRvdGFsIjtpOjA7czoxNToiACoAcGFyZW50Q29sdW1uIjtzOjk6InBhcmVudF9pZCI7czozMzoiACoAcmVtb3ZlSXRlbXNXaXRoTWlzc2luZ0FuY2VzdG9yIjtiOjE7czoxNDoiACoAaW5kZW50Q2hhcnMiO3M6ODoiwqDCoMKgwqAiO3M6MTU6IgAqAGNoaWxkcmVuTmFtZSI7czo1OiJpdGVtcyI7czoxNzoiACoAcGFyZW50UmVsYXRpb24iO3M6NjoicGFyZW50IjtzOjg6IgAqAGl0ZW1zIjthOjA6e31zOjI4OiIAKgBlc2NhcGVXaGVuQ2FzdGluZ1RvU3RyaW5nIjtiOjA7fX1zOjEwOiIAKgB0b3VjaGVzIjthOjA6e31zOjEwOiJ0aW1lc3RhbXBzIjtiOjE7czo5OiIAKgBoaWRkZW4iO2E6MDp7fXM6MTA6IgAqAHZpc2libGUiO2E6MDp7fXM6MTA6IgAqAGd1YXJkZWQiO2E6MTp7aTowO3M6MToiKiI7fX1pOjE7TzoxNzoiQXBwXE1vZGVsc1xNb2R1bGUiOjI5OntzOjExOiIAKgBmaWxsYWJsZSI7YTo5OntpOjA7czo3OiJtZW51X2lkIjtpOjE7czo0OiJ0eXBlIjtpOjI7czoxMToibW9kdWxlX25hbWUiO2k6MztzOjEzOiJkaXZpZGVyX3RpdGxlIjtpOjQ7czoxMDoiaWNvbl9jbGFzcyI7aTo1O3M6MzoidXJsIjtpOjY7czo1OiJvcmRlciI7aTo3O3M6OToicGFyZW50X2lkIjtpOjg7czo2OiJ0YXJnZXQiO31zOjEzOiIAKgBjb25uZWN0aW9uIjtzOjU6Im15c3FsIjtzOjg6IgAqAHRhYmxlIjtzOjc6Im1vZHVsZXMiO3M6MTM6IgAqAHByaW1hcnlLZXkiO3M6MjoiaWQiO3M6MTA6IgAqAGtleVR5cGUiO3M6MzoiaW50IjtzOjEyOiJpbmNyZW1lbnRpbmciO2I6MTtzOjc6IgAqAHdpdGgiO2E6MDp7fXM6MTI6IgAqAHdpdGhDb3VudCI7YTowOnt9czoxOToicHJldmVudHNMYXp5TG9hZGluZyI7YjowO3M6MTA6IgAqAHBlclBhZ2UiO2k6MTU7czo2OiJleGlzdHMiO2I6MTtzOjE4OiJ3YXNSZWNlbnRseUNyZWF0ZWQiO2I6MDtzOjI4OiIAKgBlc2NhcGVXaGVuQ2FzdGluZ1RvU3RyaW5nIjtiOjA7czoxMzoiACoAYXR0cmlidXRlcyI7YToxMjp7czoyOiJpZCI7aTo1MztzOjc6Im1lbnVfaWQiO2k6MTtzOjQ6InR5cGUiO3M6MToiMiI7czoxMToibW9kdWxlX25hbWUiO3M6MTQ6IkNsb3NpbmcgUmVwb3J0IjtzOjEzOiJkaXZpZGVyX3RpdGxlIjtOO3M6MTA6Imljb25fY2xhc3MiO047czozOiJ1cmwiO3M6MTQ6ImNsb3NpbmctcmVwb3J0IjtzOjU6Im9yZGVyIjtpOjI7czo5OiJwYXJlbnRfaWQiO2k6NTE7czo2OiJ0YXJnZXQiO3M6NToiX3NlbGYiO3M6MTA6ImNyZWF0ZWRfYXQiO3M6MTk6IjIwMjEtMTEtMDQgMTc6NTA6NDIiO3M6MTA6InVwZGF0ZWRfYXQiO3M6MTk6IjIwMjEtMTEtMDQgMTc6NTA6NDQiO31zOjExOiIAKgBvcmlnaW5hbCI7YToxMjp7czoyOiJpZCI7aTo1MztzOjc6Im1lbnVfaWQiO2k6MTtzOjQ6InR5cGUiO3M6MToiMiI7czoxMToibW9kdWxlX25hbWUiO3M6MTQ6IkNsb3NpbmcgUmVwb3J0IjtzOjEzOiJkaXZpZGVyX3RpdGxlIjtOO3M6MTA6Imljb25fY2xhc3MiO047czozOiJ1cmwiO3M6MTQ6ImNsb3NpbmctcmVwb3J0IjtzOjU6Im9yZGVyIjtpOjI7czo5OiJwYXJlbnRfaWQiO2k6NTE7czo2OiJ0YXJnZXQiO3M6NToiX3NlbGYiO3M6MTA6ImNyZWF0ZWRfYXQiO3M6MTk6IjIwMjEtMTEtMDQgMTc6NTA6NDIiO3M6MTA6InVwZGF0ZWRfYXQiO3M6MTk6IjIwMjEtMTEtMDQgMTc6NTA6NDQiO31zOjEwOiIAKgBjaGFuZ2VzIjthOjA6e31zOjg6IgAqAGNhc3RzIjthOjA6e31zOjE3OiIAKgBjbGFzc0Nhc3RDYWNoZSI7YTowOnt9czo4OiIAKgBkYXRlcyI7YTowOnt9czoxMzoiACoAZGF0ZUZvcm1hdCI7TjtzOjEwOiIAKgBhcHBlbmRzIjthOjA6e31zOjE5OiIAKgBkaXNwYXRjaGVzRXZlbnRzIjthOjA6e31zOjE0OiIAKgBvYnNlcnZhYmxlcyI7YTowOnt9czoxMjoiACoAcmVsYXRpb25zIjthOjE6e3M6ODoiY2hpbGRyZW4iO086MjY6IlR5cGlDTVNcTmVzdGFibGVDb2xsZWN0aW9uIjo4OntzOjg6IgAqAHRvdGFsIjtpOjA7czoxNToiACoAcGFyZW50Q29sdW1uIjtzOjk6InBhcmVudF9pZCI7czozMzoiACoAcmVtb3ZlSXRlbXNXaXRoTWlzc2luZ0FuY2VzdG9yIjtiOjE7czoxNDoiACoAaW5kZW50Q2hhcnMiO3M6ODoiwqDCoMKgwqAiO3M6MTU6IgAqAGNoaWxkcmVuTmFtZSI7czo1OiJpdGVtcyI7czoxNzoiACoAcGFyZW50UmVsYXRpb24iO3M6NjoicGFyZW50IjtzOjg6IgAqAGl0ZW1zIjthOjA6e31zOjI4OiIAKgBlc2NhcGVXaGVuQ2FzdGluZ1RvU3RyaW5nIjtiOjA7fX1zOjEwOiIAKgB0b3VjaGVzIjthOjA6e31zOjEwOiJ0aW1lc3RhbXBzIjtiOjE7czo5OiIAKgBoaWRkZW4iO2E6MDp7fXM6MTA6IgAqAHZpc2libGUiO2E6MDp7fXM6MTA6IgAqAGd1YXJkZWQiO2E6MTp7aTowO3M6MToiKiI7fX19czoyODoiACoAZXNjYXBlV2hlbkNhc3RpbmdUb1N0cmluZyI7YjowO319czoxMDoiACoAdG91Y2hlcyI7YTowOnt9czoxMDoidGltZXN0YW1wcyI7YjoxO3M6OToiACoAaGlkZGVuIjthOjA6e31zOjEwOiIAKgB2aXNpYmxlIjthOjA6e31zOjEwOiIAKgBndWFyZGVkIjthOjE6e2k6MDtzOjE6IioiO319aToxMTtPOjE3OiJBcHBcTW9kZWxzXE1vZHVsZSI6Mjk6e3M6MTE6IgAqAGZpbGxhYmxlIjthOjk6e2k6MDtzOjc6Im1lbnVfaWQiO2k6MTtzOjQ6InR5cGUiO2k6MjtzOjExOiJtb2R1bGVfbmFtZSI7aTozO3M6MTM6ImRpdmlkZXJfdGl0bGUiO2k6NDtzOjEwOiJpY29uX2NsYXNzIjtpOjU7czozOiJ1cmwiO2k6NjtzOjU6Im9yZGVyIjtpOjc7czo5OiJwYXJlbnRfaWQiO2k6ODtzOjY6InRhcmdldCI7fXM6MTM6IgAqAGNvbm5lY3Rpb24iO3M6NToibXlzcWwiO3M6ODoiACoAdGFibGUiO3M6NzoibW9kdWxlcyI7czoxMzoiACoAcHJpbWFyeUtleSI7czoyOiJpZCI7czoxMDoiACoAa2V5VHlwZSI7czozOiJpbnQiO3M6MTI6ImluY3JlbWVudGluZyI7YjoxO3M6NzoiACoAd2l0aCI7YTowOnt9czoxMjoiACoAd2l0aENvdW50IjthOjA6e31zOjE5OiJwcmV2ZW50c0xhenlMb2FkaW5nIjtiOjA7czoxMDoiACoAcGVyUGFnZSI7aToxNTtzOjY6ImV4aXN0cyI7YjoxO3M6MTg6Indhc1JlY2VudGx5Q3JlYXRlZCI7YjowO3M6Mjg6IgAqAGVzY2FwZVdoZW5DYXN0aW5nVG9TdHJpbmciO2I6MDtzOjEzOiIAKgBhdHRyaWJ1dGVzIjthOjEyOntzOjI6ImlkIjtpOjM7czo3OiJtZW51X2lkIjtpOjE7czo0OiJ0eXBlIjtzOjE6IjEiO3M6MTE6Im1vZHVsZV9uYW1lIjtOO3M6MTM6ImRpdmlkZXJfdGl0bGUiO3M6MTQ6IkFjY2VzcyBDb250cm9sIjtzOjEwOiJpY29uX2NsYXNzIjtOO3M6MzoidXJsIjtOO3M6NToib3JkZXIiO2k6MTI7czo5OiJwYXJlbnRfaWQiO047czo2OiJ0YXJnZXQiO047czoxMDoiY3JlYXRlZF9hdCI7czoxOToiMjAyMS0xMS0wNCAxNzowMDo0NSI7czoxMDoidXBkYXRlZF9hdCI7czoxOToiMjAyMS0xMS0wNCAxNzo1MDo0NCI7fXM6MTE6IgAqAG9yaWdpbmFsIjthOjEyOntzOjI6ImlkIjtpOjM7czo3OiJtZW51X2lkIjtpOjE7czo0OiJ0eXBlIjtzOjE6IjEiO3M6MTE6Im1vZHVsZV9uYW1lIjtOO3M6MTM6ImRpdmlkZXJfdGl0bGUiO3M6MTQ6IkFjY2VzcyBDb250cm9sIjtzOjEwOiJpY29uX2NsYXNzIjtOO3M6MzoidXJsIjtOO3M6NToib3JkZXIiO2k6MTI7czo5OiJwYXJlbnRfaWQiO047czo2OiJ0YXJnZXQiO047czoxMDoiY3JlYXRlZF9hdCI7czoxOToiMjAyMS0xMS0wNCAxNzowMDo0NSI7czoxMDoidXBkYXRlZF9hdCI7czoxOToiMjAyMS0xMS0wNCAxNzo1MDo0NCI7fXM6MTA6IgAqAGNoYW5nZXMiO2E6MDp7fXM6ODoiACoAY2FzdHMiO2E6MDp7fXM6MTc6IgAqAGNsYXNzQ2FzdENhY2hlIjthOjA6e31zOjg6IgAqAGRhdGVzIjthOjA6e31zOjEzOiIAKgBkYXRlRm9ybWF0IjtOO3M6MTA6IgAqAGFwcGVuZHMiO2E6MDp7fXM6MTk6IgAqAGRpc3BhdGNoZXNFdmVudHMiO2E6MDp7fXM6MTQ6IgAqAG9ic2VydmFibGVzIjthOjA6e31zOjEyOiIAKgByZWxhdGlvbnMiO2E6MTp7czo4OiJjaGlsZHJlbiI7TzoyNjoiVHlwaUNNU1xOZXN0YWJsZUNvbGxlY3Rpb24iOjg6e3M6ODoiACoAdG90YWwiO2k6MDtzOjE1OiIAKgBwYXJlbnRDb2x1bW4iO3M6OToicGFyZW50X2lkIjtzOjMzOiIAKgByZW1vdmVJdGVtc1dpdGhNaXNzaW5nQW5jZXN0b3IiO2I6MTtzOjE0OiIAKgBpbmRlbnRDaGFycyI7czo4OiLCoMKgwqDCoCI7czoxNToiACoAY2hpbGRyZW5OYW1lIjtzOjU6Iml0ZW1zIjtzOjE3OiIAKgBwYXJlbnRSZWxhdGlvbiI7czo2OiJwYXJlbnQiO3M6ODoiACoAaXRlbXMiO2E6MDp7fXM6Mjg6IgAqAGVzY2FwZVdoZW5DYXN0aW5nVG9TdHJpbmciO2I6MDt9fXM6MTA6IgAqAHRvdWNoZXMiO2E6MDp7fXM6MTA6InRpbWVzdGFtcHMiO2I6MTtzOjk6IgAqAGhpZGRlbiI7YTowOnt9czoxMDoiACoAdmlzaWJsZSI7YTowOnt9czoxMDoiACoAZ3VhcmRlZCI7YToxOntpOjA7czoxOiIqIjt9fWk6MTI7TzoxNzoiQXBwXE1vZGVsc1xNb2R1bGUiOjI5OntzOjExOiIAKgBmaWxsYWJsZSI7YTo5OntpOjA7czo3OiJtZW51X2lkIjtpOjE7czo0OiJ0eXBlIjtpOjI7czoxMToibW9kdWxlX25hbWUiO2k6MztzOjEzOiJkaXZpZGVyX3RpdGxlIjtpOjQ7czoxMDoiaWNvbl9jbGFzcyI7aTo1O3M6MzoidXJsIjtpOjY7czo1OiJvcmRlciI7aTo3O3M6OToicGFyZW50X2lkIjtpOjg7czo2OiJ0YXJnZXQiO31zOjEzOiIAKgBjb25uZWN0aW9uIjtzOjU6Im15c3FsIjtzOjg6IgAqAHRhYmxlIjtzOjc6Im1vZHVsZXMiO3M6MTM6IgAqAHByaW1hcnlLZXkiO3M6MjoiaWQiO3M6MTA6IgAqAGtleVR5cGUiO3M6MzoiaW50IjtzOjEyOiJpbmNyZW1lbnRpbmciO2I6MTtzOjc6IgAqAHdpdGgiO2E6MDp7fXM6MTI6IgAqAHdpdGhDb3VudCI7YTowOnt9czoxOToicHJldmVudHNMYXp5TG9hZGluZyI7YjowO3M6MTA6IgAqAHBlclBhZ2UiO2k6MTU7czo2OiJleGlzdHMiO2I6MTtzOjE4OiJ3YXNSZWNlbnRseUNyZWF0ZWQiO2I6MDtzOjI4OiIAKgBlc2NhcGVXaGVuQ2FzdGluZ1RvU3RyaW5nIjtiOjA7czoxMzoiACoAYXR0cmlidXRlcyI7YToxMjp7czoyOiJpZCI7aTo0O3M6NzoibWVudV9pZCI7aToxO3M6NDoidHlwZSI7czoxOiIyIjtzOjExOiJtb2R1bGVfbmFtZSI7czo0OiJSb2xlIjtzOjEzOiJkaXZpZGVyX3RpdGxlIjtOO3M6MTA6Imljb25fY2xhc3MiO3M6MTU6ImZhcyBmYS11c2VyLXRhZyI7czozOiJ1cmwiO3M6NDoicm9sZSI7czo1OiJvcmRlciI7aToxMztzOjk6InBhcmVudF9pZCI7TjtzOjY6InRhcmdldCI7czo1OiJfc2VsZiI7czoxMDoiY3JlYXRlZF9hdCI7czoxOToiMjAyMS0xMS0wNCAxNzowMDo0NSI7czoxMDoidXBkYXRlZF9hdCI7czoxOToiMjAyMS0xMS0wNCAxNzo1MDo0NCI7fXM6MTE6IgAqAG9yaWdpbmFsIjthOjEyOntzOjI6ImlkIjtpOjQ7czo3OiJtZW51X2lkIjtpOjE7czo0OiJ0eXBlIjtzOjE6IjIiO3M6MTE6Im1vZHVsZV9uYW1lIjtzOjQ6IlJvbGUiO3M6MTM6ImRpdmlkZXJfdGl0bGUiO047czoxMDoiaWNvbl9jbGFzcyI7czoxNToiZmFzIGZhLXVzZXItdGFnIjtzOjM6InVybCI7czo0OiJyb2xlIjtzOjU6Im9yZGVyIjtpOjEzO3M6OToicGFyZW50X2lkIjtOO3M6NjoidGFyZ2V0IjtzOjU6Il9zZWxmIjtzOjEwOiJjcmVhdGVkX2F0IjtzOjE5OiIyMDIxLTExLTA0IDE3OjAwOjQ1IjtzOjEwOiJ1cGRhdGVkX2F0IjtzOjE5OiIyMDIxLTExLTA0IDE3OjUwOjQ0Ijt9czoxMDoiACoAY2hhbmdlcyI7YTowOnt9czo4OiIAKgBjYXN0cyI7YTowOnt9czoxNzoiACoAY2xhc3NDYXN0Q2FjaGUiO2E6MDp7fXM6ODoiACoAZGF0ZXMiO2E6MDp7fXM6MTM6IgAqAGRhdGVGb3JtYXQiO047czoxMDoiACoAYXBwZW5kcyI7YTowOnt9czoxOToiACoAZGlzcGF0Y2hlc0V2ZW50cyI7YTowOnt9czoxNDoiACoAb2JzZXJ2YWJsZXMiO2E6MDp7fXM6MTI6IgAqAHJlbGF0aW9ucyI7YToxOntzOjg6ImNoaWxkcmVuIjtPOjI2OiJUeXBpQ01TXE5lc3RhYmxlQ29sbGVjdGlvbiI6ODp7czo4OiIAKgB0b3RhbCI7aTowO3M6MTU6IgAqAHBhcmVudENvbHVtbiI7czo5OiJwYXJlbnRfaWQiO3M6MzM6IgAqAHJlbW92ZUl0ZW1zV2l0aE1pc3NpbmdBbmNlc3RvciI7YjoxO3M6MTQ6IgAqAGluZGVudENoYXJzIjtzOjg6IsKgwqDCoMKgIjtzOjE1OiIAKgBjaGlsZHJlbk5hbWUiO3M6NToiaXRlbXMiO3M6MTc6IgAqAHBhcmVudFJlbGF0aW9uIjtzOjY6InBhcmVudCI7czo4OiIAKgBpdGVtcyI7YTowOnt9czoyODoiACoAZXNjYXBlV2hlbkNhc3RpbmdUb1N0cmluZyI7YjowO319czoxMDoiACoAdG91Y2hlcyI7YTowOnt9czoxMDoidGltZXN0YW1wcyI7YjoxO3M6OToiACoAaGlkZGVuIjthOjA6e31zOjEwOiIAKgB2aXNpYmxlIjthOjA6e31zOjEwOiIAKgBndWFyZGVkIjthOjE6e2k6MDtzOjE6IioiO319aToxMztPOjE3OiJBcHBcTW9kZWxzXE1vZHVsZSI6Mjk6e3M6MTE6IgAqAGZpbGxhYmxlIjthOjk6e2k6MDtzOjc6Im1lbnVfaWQiO2k6MTtzOjQ6InR5cGUiO2k6MjtzOjExOiJtb2R1bGVfbmFtZSI7aTozO3M6MTM6ImRpdmlkZXJfdGl0bGUiO2k6NDtzOjEwOiJpY29uX2NsYXNzIjtpOjU7czozOiJ1cmwiO2k6NjtzOjU6Im9yZGVyIjtpOjc7czo5OiJwYXJlbnRfaWQiO2k6ODtzOjY6InRhcmdldCI7fXM6MTM6IgAqAGNvbm5lY3Rpb24iO3M6NToibXlzcWwiO3M6ODoiACoAdGFibGUiO3M6NzoibW9kdWxlcyI7czoxMzoiACoAcHJpbWFyeUtleSI7czoyOiJpZCI7czoxMDoiACoAa2V5VHlwZSI7czozOiJpbnQiO3M6MTI6ImluY3JlbWVudGluZyI7YjoxO3M6NzoiACoAd2l0aCI7YTowOnt9czoxMjoiACoAd2l0aENvdW50IjthOjA6e31zOjE5OiJwcmV2ZW50c0xhenlMb2FkaW5nIjtiOjA7czoxMDoiACoAcGVyUGFnZSI7aToxNTtzOjY6ImV4aXN0cyI7YjoxO3M6MTg6Indhc1JlY2VudGx5Q3JlYXRlZCI7YjowO3M6Mjg6IgAqAGVzY2FwZVdoZW5DYXN0aW5nVG9TdHJpbmciO2I6MDtzOjEzOiIAKgBhdHRyaWJ1dGVzIjthOjEyOntzOjI6ImlkIjtpOjU7czo3OiJtZW51X2lkIjtpOjE7czo0OiJ0eXBlIjtzOjE6IjIiO3M6MTE6Im1vZHVsZV9uYW1lIjtzOjQ6IlVzZXIiO3M6MTM6ImRpdmlkZXJfdGl0bGUiO047czoxMDoiaWNvbl9jbGFzcyI7czoxMjoiZmFzIGZhLXVzZXJzIjtzOjM6InVybCI7czo0OiJ1c2VyIjtzOjU6Im9yZGVyIjtpOjE0O3M6OToicGFyZW50X2lkIjtOO3M6NjoidGFyZ2V0IjtzOjU6Il9zZWxmIjtzOjEwOiJjcmVhdGVkX2F0IjtzOjE5OiIyMDIxLTExLTA0IDE3OjAwOjQ1IjtzOjEwOiJ1cGRhdGVkX2F0IjtzOjE5OiIyMDIxLTExLTA0IDE3OjUwOjQ0Ijt9czoxMToiACoAb3JpZ2luYWwiO2E6MTI6e3M6MjoiaWQiO2k6NTtzOjc6Im1lbnVfaWQiO2k6MTtzOjQ6InR5cGUiO3M6MToiMiI7czoxMToibW9kdWxlX25hbWUiO3M6NDoiVXNlciI7czoxMzoiZGl2aWRlcl90aXRsZSI7TjtzOjEwOiJpY29uX2NsYXNzIjtzOjEyOiJmYXMgZmEtdXNlcnMiO3M6MzoidXJsIjtzOjQ6InVzZXIiO3M6NToib3JkZXIiO2k6MTQ7czo5OiJwYXJlbnRfaWQiO047czo2OiJ0YXJnZXQiO3M6NToiX3NlbGYiO3M6MTA6ImNyZWF0ZWRfYXQiO3M6MTk6IjIwMjEtMTEtMDQgMTc6MDA6NDUiO3M6MTA6InVwZGF0ZWRfYXQiO3M6MTk6IjIwMjEtMTEtMDQgMTc6NTA6NDQiO31zOjEwOiIAKgBjaGFuZ2VzIjthOjA6e31zOjg6IgAqAGNhc3RzIjthOjA6e31zOjE3OiIAKgBjbGFzc0Nhc3RDYWNoZSI7YTowOnt9czo4OiIAKgBkYXRlcyI7YTowOnt9czoxMzoiACoAZGF0ZUZvcm1hdCI7TjtzOjEwOiIAKgBhcHBlbmRzIjthOjA6e31zOjE5OiIAKgBkaXNwYXRjaGVzRXZlbnRzIjthOjA6e31zOjE0OiIAKgBvYnNlcnZhYmxlcyI7YTowOnt9czoxMjoiACoAcmVsYXRpb25zIjthOjE6e3M6ODoiY2hpbGRyZW4iO086MjY6IlR5cGlDTVNcTmVzdGFibGVDb2xsZWN0aW9uIjo4OntzOjg6IgAqAHRvdGFsIjtpOjA7czoxNToiACoAcGFyZW50Q29sdW1uIjtzOjk6InBhcmVudF9pZCI7czozMzoiACoAcmVtb3ZlSXRlbXNXaXRoTWlzc2luZ0FuY2VzdG9yIjtiOjE7czoxNDoiACoAaW5kZW50Q2hhcnMiO3M6ODoiwqDCoMKgwqAiO3M6MTU6IgAqAGNoaWxkcmVuTmFtZSI7czo1OiJpdGVtcyI7czoxNzoiACoAcGFyZW50UmVsYXRpb24iO3M6NjoicGFyZW50IjtzOjg6IgAqAGl0ZW1zIjthOjA6e31zOjI4OiIAKgBlc2NhcGVXaGVuQ2FzdGluZ1RvU3RyaW5nIjtiOjA7fX1zOjEwOiIAKgB0b3VjaGVzIjthOjA6e31zOjEwOiJ0aW1lc3RhbXBzIjtiOjE7czo5OiIAKgBoaWRkZW4iO2E6MDp7fXM6MTA6IgAqAHZpc2libGUiO2E6MDp7fXM6MTA6IgAqAGd1YXJkZWQiO2E6MTp7aTowO3M6MToiKiI7fX1pOjE0O086MTc6IkFwcFxNb2RlbHNcTW9kdWxlIjoyOTp7czoxMToiACoAZmlsbGFibGUiO2E6OTp7aTowO3M6NzoibWVudV9pZCI7aToxO3M6NDoidHlwZSI7aToyO3M6MTE6Im1vZHVsZV9uYW1lIjtpOjM7czoxMzoiZGl2aWRlcl90aXRsZSI7aTo0O3M6MTA6Imljb25fY2xhc3MiO2k6NTtzOjM6InVybCI7aTo2O3M6NToib3JkZXIiO2k6NztzOjk6InBhcmVudF9pZCI7aTo4O3M6NjoidGFyZ2V0Ijt9czoxMzoiACoAY29ubmVjdGlvbiI7czo1OiJteXNxbCI7czo4OiIAKgB0YWJsZSI7czo3OiJtb2R1bGVzIjtzOjEzOiIAKgBwcmltYXJ5S2V5IjtzOjI6ImlkIjtzOjEwOiIAKgBrZXlUeXBlIjtzOjM6ImludCI7czoxMjoiaW5jcmVtZW50aW5nIjtiOjE7czo3OiIAKgB3aXRoIjthOjA6e31zOjEyOiIAKgB3aXRoQ291bnQiO2E6MDp7fXM6MTk6InByZXZlbnRzTGF6eUxvYWRpbmciO2I6MDtzOjEwOiIAKgBwZXJQYWdlIjtpOjE1O3M6NjoiZXhpc3RzIjtiOjE7czoxODoid2FzUmVjZW50bHlDcmVhdGVkIjtiOjA7czoyODoiACoAZXNjYXBlV2hlbkNhc3RpbmdUb1N0cmluZyI7YjowO3M6MTM6IgAqAGF0dHJpYnV0ZXMiO2E6MTI6e3M6MjoiaWQiO2k6NjtzOjc6Im1lbnVfaWQiO2k6MTtzOjQ6InR5cGUiO3M6MToiMSI7czoxMToibW9kdWxlX25hbWUiO047czoxMzoiZGl2aWRlcl90aXRsZSI7czo2OiJTeXN0ZW0iO3M6MTA6Imljb25fY2xhc3MiO047czozOiJ1cmwiO047czo1OiJvcmRlciI7aToxNTtzOjk6InBhcmVudF9pZCI7TjtzOjY6InRhcmdldCI7TjtzOjEwOiJjcmVhdGVkX2F0IjtzOjE5OiIyMDIxLTExLTA0IDE3OjAwOjQ1IjtzOjEwOiJ1cGRhdGVkX2F0IjtzOjE5OiIyMDIxLTExLTA0IDE3OjUwOjQ0Ijt9czoxMToiACoAb3JpZ2luYWwiO2E6MTI6e3M6MjoiaWQiO2k6NjtzOjc6Im1lbnVfaWQiO2k6MTtzOjQ6InR5cGUiO3M6MToiMSI7czoxMToibW9kdWxlX25hbWUiO047czoxMzoiZGl2aWRlcl90aXRsZSI7czo2OiJTeXN0ZW0iO3M6MTA6Imljb25fY2xhc3MiO047czozOiJ1cmwiO047czo1OiJvcmRlciI7aToxNTtzOjk6InBhcmVudF9pZCI7TjtzOjY6InRhcmdldCI7TjtzOjEwOiJjcmVhdGVkX2F0IjtzOjE5OiIyMDIxLTExLTA0IDE3OjAwOjQ1IjtzOjEwOiJ1cGRhdGVkX2F0IjtzOjE5OiIyMDIxLTExLTA0IDE3OjUwOjQ0Ijt9czoxMDoiACoAY2hhbmdlcyI7YTowOnt9czo4OiIAKgBjYXN0cyI7YTowOnt9czoxNzoiACoAY2xhc3NDYXN0Q2FjaGUiO2E6MDp7fXM6ODoiACoAZGF0ZXMiO2E6MDp7fXM6MTM6IgAqAGRhdGVGb3JtYXQiO047czoxMDoiACoAYXBwZW5kcyI7YTowOnt9czoxOToiACoAZGlzcGF0Y2hlc0V2ZW50cyI7YTowOnt9czoxNDoiACoAb2JzZXJ2YWJsZXMiO2E6MDp7fXM6MTI6IgAqAHJlbGF0aW9ucyI7YToxOntzOjg6ImNoaWxkcmVuIjtPOjI2OiJUeXBpQ01TXE5lc3RhYmxlQ29sbGVjdGlvbiI6ODp7czo4OiIAKgB0b3RhbCI7aTowO3M6MTU6IgAqAHBhcmVudENvbHVtbiI7czo5OiJwYXJlbnRfaWQiO3M6MzM6IgAqAHJlbW92ZUl0ZW1zV2l0aE1pc3NpbmdBbmNlc3RvciI7YjoxO3M6MTQ6IgAqAGluZGVudENoYXJzIjtzOjg6IsKgwqDCoMKgIjtzOjE1OiIAKgBjaGlsZHJlbk5hbWUiO3M6NToiaXRlbXMiO3M6MTc6IgAqAHBhcmVudFJlbGF0aW9uIjtzOjY6InBhcmVudCI7czo4OiIAKgBpdGVtcyI7YTowOnt9czoyODoiACoAZXNjYXBlV2hlbkNhc3RpbmdUb1N0cmluZyI7YjowO319czoxMDoiACoAdG91Y2hlcyI7YTowOnt9czoxMDoidGltZXN0YW1wcyI7YjoxO3M6OToiACoAaGlkZGVuIjthOjA6e31zOjEwOiIAKgB2aXNpYmxlIjthOjA6e31zOjEwOiIAKgBndWFyZGVkIjthOjE6e2k6MDtzOjE6IioiO319aToxNTtPOjE3OiJBcHBcTW9kZWxzXE1vZHVsZSI6Mjk6e3M6MTE6IgAqAGZpbGxhYmxlIjthOjk6e2k6MDtzOjc6Im1lbnVfaWQiO2k6MTtzOjQ6InR5cGUiO2k6MjtzOjExOiJtb2R1bGVfbmFtZSI7aTozO3M6MTM6ImRpdmlkZXJfdGl0bGUiO2k6NDtzOjEwOiJpY29uX2NsYXNzIjtpOjU7czozOiJ1cmwiO2k6NjtzOjU6Im9yZGVyIjtpOjc7czo5OiJwYXJlbnRfaWQiO2k6ODtzOjY6InRhcmdldCI7fXM6MTM6IgAqAGNvbm5lY3Rpb24iO3M6NToibXlzcWwiO3M6ODoiACoAdGFibGUiO3M6NzoibW9kdWxlcyI7czoxMzoiACoAcHJpbWFyeUtleSI7czoyOiJpZCI7czoxMDoiACoAa2V5VHlwZSI7czozOiJpbnQiO3M6MTI6ImluY3JlbWVudGluZyI7YjoxO3M6NzoiACoAd2l0aCI7YTowOnt9czoxMjoiACoAd2l0aENvdW50IjthOjA6e31zOjE5OiJwcmV2ZW50c0xhenlMb2FkaW5nIjtiOjA7czoxMDoiACoAcGVyUGFnZSI7aToxNTtzOjY6ImV4aXN0cyI7YjoxO3M6MTg6Indhc1JlY2VudGx5Q3JlYXRlZCI7YjowO3M6Mjg6IgAqAGVzY2FwZVdoZW5DYXN0aW5nVG9TdHJpbmciO2I6MDtzOjEzOiIAKgBhdHRyaWJ1dGVzIjthOjEyOntzOjI6ImlkIjtpOjc7czo3OiJtZW51X2lkIjtpOjE7czo0OiJ0eXBlIjtzOjE6IjIiO3M6MTE6Im1vZHVsZV9uYW1lIjtzOjc6IlNldHRpbmciO3M6MTM6ImRpdmlkZXJfdGl0bGUiO047czoxMDoiaWNvbl9jbGFzcyI7czoxMToiZmFzIGZhLWNvZ3MiO3M6MzoidXJsIjtzOjc6InNldHRpbmciO3M6NToib3JkZXIiO2k6MTY7czo5OiJwYXJlbnRfaWQiO047czo2OiJ0YXJnZXQiO3M6NToiX3NlbGYiO3M6MTA6ImNyZWF0ZWRfYXQiO3M6MTk6IjIwMjEtMTEtMDQgMTc6MDA6NDUiO3M6MTA6InVwZGF0ZWRfYXQiO3M6MTk6IjIwMjEtMTEtMDQgMTc6NTE6NDEiO31zOjExOiIAKgBvcmlnaW5hbCI7YToxMjp7czoyOiJpZCI7aTo3O3M6NzoibWVudV9pZCI7aToxO3M6NDoidHlwZSI7czoxOiIyIjtzOjExOiJtb2R1bGVfbmFtZSI7czo3OiJTZXR0aW5nIjtzOjEzOiJkaXZpZGVyX3RpdGxlIjtOO3M6MTA6Imljb25fY2xhc3MiO3M6MTE6ImZhcyBmYS1jb2dzIjtzOjM6InVybCI7czo3OiJzZXR0aW5nIjtzOjU6Im9yZGVyIjtpOjE2O3M6OToicGFyZW50X2lkIjtOO3M6NjoidGFyZ2V0IjtzOjU6Il9zZWxmIjtzOjEwOiJjcmVhdGVkX2F0IjtzOjE5OiIyMDIxLTExLTA0IDE3OjAwOjQ1IjtzOjEwOiJ1cGRhdGVkX2F0IjtzOjE5OiIyMDIxLTExLTA0IDE3OjUxOjQxIjt9czoxMDoiACoAY2hhbmdlcyI7YTowOnt9czo4OiIAKgBjYXN0cyI7YTowOnt9czoxNzoiACoAY2xhc3NDYXN0Q2FjaGUiO2E6MDp7fXM6ODoiACoAZGF0ZXMiO2E6MDp7fXM6MTM6IgAqAGRhdGVGb3JtYXQiO047czoxMDoiACoAYXBwZW5kcyI7YTowOnt9czoxOToiACoAZGlzcGF0Y2hlc0V2ZW50cyI7YTowOnt9czoxNDoiACoAb2JzZXJ2YWJsZXMiO2E6MDp7fXM6MTI6IgAqAHJlbGF0aW9ucyI7YToxOntzOjg6ImNoaWxkcmVuIjtPOjI2OiJUeXBpQ01TXE5lc3RhYmxlQ29sbGVjdGlvbiI6ODp7czo4OiIAKgB0b3RhbCI7aTowO3M6MTU6IgAqAHBhcmVudENvbHVtbiI7czo5OiJwYXJlbnRfaWQiO3M6MzM6IgAqAHJlbW92ZUl0ZW1zV2l0aE1pc3NpbmdBbmNlc3RvciI7YjoxO3M6MTQ6IgAqAGluZGVudENoYXJzIjtzOjg6IsKgwqDCoMKgIjtzOjE1OiIAKgBjaGlsZHJlbk5hbWUiO3M6NToiaXRlbXMiO3M6MTc6IgAqAHBhcmVudFJlbGF0aW9uIjtzOjY6InBhcmVudCI7czo4OiIAKgBpdGVtcyI7YTowOnt9czoyODoiACoAZXNjYXBlV2hlbkNhc3RpbmdUb1N0cmluZyI7YjowO319czoxMDoiACoAdG91Y2hlcyI7YTowOnt9czoxMDoidGltZXN0YW1wcyI7YjoxO3M6OToiACoAaGlkZGVuIjthOjA6e31zOjEwOiIAKgB2aXNpYmxlIjthOjA6e31zOjEwOiIAKgBndWFyZGVkIjthOjE6e2k6MDtzOjE6IioiO319aToxNjtPOjE3OiJBcHBcTW9kZWxzXE1vZHVsZSI6Mjk6e3M6MTE6IgAqAGZpbGxhYmxlIjthOjk6e2k6MDtzOjc6Im1lbnVfaWQiO2k6MTtzOjQ6InR5cGUiO2k6MjtzOjExOiJtb2R1bGVfbmFtZSI7aTozO3M6MTM6ImRpdmlkZXJfdGl0bGUiO2k6NDtzOjEwOiJpY29uX2NsYXNzIjtpOjU7czozOiJ1cmwiO2k6NjtzOjU6Im9yZGVyIjtpOjc7czo5OiJwYXJlbnRfaWQiO2k6ODtzOjY6InRhcmdldCI7fXM6MTM6IgAqAGNvbm5lY3Rpb24iO3M6NToibXlzcWwiO3M6ODoiACoAdGFibGUiO3M6NzoibW9kdWxlcyI7czoxMzoiACoAcHJpbWFyeUtleSI7czoyOiJpZCI7czoxMDoiACoAa2V5VHlwZSI7czozOiJpbnQiO3M6MTI6ImluY3JlbWVudGluZyI7YjoxO3M6NzoiACoAd2l0aCI7YTowOnt9czoxMjoiACoAd2l0aENvdW50IjthOjA6e31zOjE5OiJwcmV2ZW50c0xhenlMb2FkaW5nIjtiOjA7czoxMDoiACoAcGVyUGFnZSI7aToxNTtzOjY6ImV4aXN0cyI7YjoxO3M6MTg6Indhc1JlY2VudGx5Q3JlYXRlZCI7YjowO3M6Mjg6IgAqAGVzY2FwZVdoZW5DYXN0aW5nVG9TdHJpbmciO2I6MDtzOjEzOiIAKgBhdHRyaWJ1dGVzIjthOjEyOntzOjI6ImlkIjtpOjEyO3M6NzoibWVudV9pZCI7aToxO3M6NDoidHlwZSI7czoxOiIyIjtzOjExOiJtb2R1bGVfbmFtZSI7czo0OiJNZW51IjtzOjEzOiJkaXZpZGVyX3RpdGxlIjtOO3M6MTA6Imljb25fY2xhc3MiO3M6MTQ6ImZhcyBmYS10aC1saXN0IjtzOjM6InVybCI7czo0OiJtZW51IjtzOjU6Im9yZGVyIjtpOjE3O3M6OToicGFyZW50X2lkIjtOO3M6NjoidGFyZ2V0IjtzOjU6Il9zZWxmIjtzOjEwOiJjcmVhdGVkX2F0IjtzOjE5OiIyMDIxLTExLTA0IDE3OjAwOjQ1IjtzOjEwOiJ1cGRhdGVkX2F0IjtzOjE5OiIyMDIxLTExLTA0IDE3OjUwOjQ0Ijt9czoxMToiACoAb3JpZ2luYWwiO2E6MTI6e3M6MjoiaWQiO2k6MTI7czo3OiJtZW51X2lkIjtpOjE7czo0OiJ0eXBlIjtzOjE6IjIiO3M6MTE6Im1vZHVsZV9uYW1lIjtzOjQ6Ik1lbnUiO3M6MTM6ImRpdmlkZXJfdGl0bGUiO047czoxMDoiaWNvbl9jbGFzcyI7czoxNDoiZmFzIGZhLXRoLWxpc3QiO3M6MzoidXJsIjtzOjQ6Im1lbnUiO3M6NToib3JkZXIiO2k6MTc7czo5OiJwYXJlbnRfaWQiO047czo2OiJ0YXJnZXQiO3M6NToiX3NlbGYiO3M6MTA6ImNyZWF0ZWRfYXQiO3M6MTk6IjIwMjEtMTEtMDQgMTc6MDA6NDUiO3M6MTA6InVwZGF0ZWRfYXQiO3M6MTk6IjIwMjEtMTEtMDQgMTc6NTA6NDQiO31zOjEwOiIAKgBjaGFuZ2VzIjthOjA6e31zOjg6IgAqAGNhc3RzIjthOjA6e31zOjE3OiIAKgBjbGFzc0Nhc3RDYWNoZSI7YTowOnt9czo4OiIAKgBkYXRlcyI7YTowOnt9czoxMzoiACoAZGF0ZUZvcm1hdCI7TjtzOjEwOiIAKgBhcHBlbmRzIjthOjA6e31zOjE5OiIAKgBkaXNwYXRjaGVzRXZlbnRzIjthOjA6e31zOjE0OiIAKgBvYnNlcnZhYmxlcyI7YTowOnt9czoxMjoiACoAcmVsYXRpb25zIjthOjE6e3M6ODoiY2hpbGRyZW4iO086MjY6IlR5cGlDTVNcTmVzdGFibGVDb2xsZWN0aW9uIjo4OntzOjg6IgAqAHRvdGFsIjtpOjA7czoxNToiACoAcGFyZW50Q29sdW1uIjtzOjk6InBhcmVudF9pZCI7czozMzoiACoAcmVtb3ZlSXRlbXNXaXRoTWlzc2luZ0FuY2VzdG9yIjtiOjE7czoxNDoiACoAaW5kZW50Q2hhcnMiO3M6ODoiwqDCoMKgwqAiO3M6MTU6IgAqAGNoaWxkcmVuTmFtZSI7czo1OiJpdGVtcyI7czoxNzoiACoAcGFyZW50UmVsYXRpb24iO3M6NjoicGFyZW50IjtzOjg6IgAqAGl0ZW1zIjthOjA6e31zOjI4OiIAKgBlc2NhcGVXaGVuQ2FzdGluZ1RvU3RyaW5nIjtiOjA7fX1zOjEwOiIAKgB0b3VjaGVzIjthOjA6e31zOjEwOiJ0aW1lc3RhbXBzIjtiOjE7czo5OiIAKgBoaWRkZW4iO2E6MDp7fXM6MTA6IgAqAHZpc2libGUiO2E6MDp7fXM6MTA6IgAqAGd1YXJkZWQiO2E6MTp7aTowO3M6MToiKiI7fX1pOjE3O086MTc6IkFwcFxNb2RlbHNcTW9kdWxlIjoyOTp7czoxMToiACoAZmlsbGFibGUiO2E6OTp7aTowO3M6NzoibWVudV9pZCI7aToxO3M6NDoidHlwZSI7aToyO3M6MTE6Im1vZHVsZV9uYW1lIjtpOjM7czoxMzoiZGl2aWRlcl90aXRsZSI7aTo0O3M6MTA6Imljb25fY2xhc3MiO2k6NTtzOjM6InVybCI7aTo2O3M6NToib3JkZXIiO2k6NztzOjk6InBhcmVudF9pZCI7aTo4O3M6NjoidGFyZ2V0Ijt9czoxMzoiACoAY29ubmVjdGlvbiI7czo1OiJteXNxbCI7czo4OiIAKgB0YWJsZSI7czo3OiJtb2R1bGVzIjtzOjEzOiIAKgBwcmltYXJ5S2V5IjtzOjI6ImlkIjtzOjEwOiIAKgBrZXlUeXBlIjtzOjM6ImludCI7czoxMjoiaW5jcmVtZW50aW5nIjtiOjE7czo3OiIAKgB3aXRoIjthOjA6e31zOjEyOiIAKgB3aXRoQ291bnQiO2E6MDp7fXM6MTk6InByZXZlbnRzTGF6eUxvYWRpbmciO2I6MDtzOjEwOiIAKgBwZXJQYWdlIjtpOjE1O3M6NjoiZXhpc3RzIjtiOjE7czoxODoid2FzUmVjZW50bHlDcmVhdGVkIjtiOjA7czoyODoiACoAZXNjYXBlV2hlbkNhc3RpbmdUb1N0cmluZyI7YjowO3M6MTM6IgAqAGF0dHJpYnV0ZXMiO2E6MTI6e3M6MjoiaWQiO2k6MTM7czo3OiJtZW51X2lkIjtpOjE7czo0OiJ0eXBlIjtzOjE6IjIiO3M6MTE6Im1vZHVsZV9uYW1lIjtzOjEwOiJQZXJtaXNzaW9uIjtzOjEzOiJkaXZpZGVyX3RpdGxlIjtOO3M6MTA6Imljb25fY2xhc3MiO3M6MTI6ImZhcyBmYS10YXNrcyI7czozOiJ1cmwiO3M6MjI6Im1lbnUvbW9kdWxlL3Blcm1pc3Npb24iO3M6NToib3JkZXIiO2k6MTg7czo5OiJwYXJlbnRfaWQiO047czo2OiJ0YXJnZXQiO3M6NToiX3NlbGYiO3M6MTA6ImNyZWF0ZWRfYXQiO3M6MTk6IjIwMjEtMTEtMDQgMTc6MDA6NDUiO3M6MTA6InVwZGF0ZWRfYXQiO3M6MTk6IjIwMjEtMTEtMDQgMTc6NTA6NDQiO31zOjExOiIAKgBvcmlnaW5hbCI7YToxMjp7czoyOiJpZCI7aToxMztzOjc6Im1lbnVfaWQiO2k6MTtzOjQ6InR5cGUiO3M6MToiMiI7czoxMToibW9kdWxlX25hbWUiO3M6MTA6IlBlcm1pc3Npb24iO3M6MTM6ImRpdmlkZXJfdGl0bGUiO047czoxMDoiaWNvbl9jbGFzcyI7czoxMjoiZmFzIGZhLXRhc2tzIjtzOjM6InVybCI7czoyMjoibWVudS9tb2R1bGUvcGVybWlzc2lvbiI7czo1OiJvcmRlciI7aToxODtzOjk6InBhcmVudF9pZCI7TjtzOjY6InRhcmdldCI7czo1OiJfc2VsZiI7czoxMDoiY3JlYXRlZF9hdCI7czoxOToiMjAyMS0xMS0wNCAxNzowMDo0NSI7czoxMDoidXBkYXRlZF9hdCI7czoxOToiMjAyMS0xMS0wNCAxNzo1MDo0NCI7fXM6MTA6IgAqAGNoYW5nZXMiO2E6MDp7fXM6ODoiACoAY2FzdHMiO2E6MDp7fXM6MTc6IgAqAGNsYXNzQ2FzdENhY2hlIjthOjA6e31zOjg6IgAqAGRhdGVzIjthOjA6e31zOjEzOiIAKgBkYXRlRm9ybWF0IjtOO3M6MTA6IgAqAGFwcGVuZHMiO2E6MDp7fXM6MTk6IgAqAGRpc3BhdGNoZXNFdmVudHMiO2E6MDp7fXM6MTQ6IgAqAG9ic2VydmFibGVzIjthOjA6e31zOjEyOiIAKgByZWxhdGlvbnMiO2E6MTp7czo4OiJjaGlsZHJlbiI7TzoyNjoiVHlwaUNNU1xOZXN0YWJsZUNvbGxlY3Rpb24iOjg6e3M6ODoiACoAdG90YWwiO2k6MDtzOjE1OiIAKgBwYXJlbnRDb2x1bW4iO3M6OToicGFyZW50X2lkIjtzOjMzOiIAKgByZW1vdmVJdGVtc1dpdGhNaXNzaW5nQW5jZXN0b3IiO2I6MTtzOjE0OiIAKgBpbmRlbnRDaGFycyI7czo4OiLCoMKgwqDCoCI7czoxNToiACoAY2hpbGRyZW5OYW1lIjtzOjU6Iml0ZW1zIjtzOjE3OiIAKgBwYXJlbnRSZWxhdGlvbiI7czo2OiJwYXJlbnQiO3M6ODoiACoAaXRlbXMiO2E6MDp7fXM6Mjg6IgAqAGVzY2FwZVdoZW5DYXN0aW5nVG9TdHJpbmciO2I6MDt9fXM6MTA6IgAqAHRvdWNoZXMiO2E6MDp7fXM6MTA6InRpbWVzdGFtcHMiO2I6MTtzOjk6IgAqAGhpZGRlbiI7YTowOnt9czoxMDoiACoAdmlzaWJsZSI7YTowOnt9czoxMDoiACoAZ3VhcmRlZCI7YToxOntpOjA7czoxOiIqIjt9fX1zOjI4OiIAKgBlc2NhcGVXaGVuQ2FzdGluZ1RvU3RyaW5nIjtiOjA7fXM6MTU6InVzZXJfcGVybWlzc2lvbiI7YTo5NTp7aTowO3M6MTY6ImRhc2hib2FyZC1hY2Nlc3MiO2k6MTtzOjExOiJyb2xlLWFjY2VzcyI7aToyO3M6ODoicm9sZS1hZGQiO2k6MztzOjk6InJvbGUtZWRpdCI7aTo0O3M6OToicm9sZS12aWV3IjtpOjU7czoxMToicm9sZS1kZWxldGUiO2k6NjtzOjE2OiJyb2xlLWJ1bGstZGVsZXRlIjtpOjc7czoxMToidXNlci1hY2Nlc3MiO2k6ODtzOjg6InVzZXItYWRkIjtpOjk7czo5OiJ1c2VyLWVkaXQiO2k6MTA7czo5OiJ1c2VyLXZpZXciO2k6MTE7czoxMToidXNlci1kZWxldGUiO2k6MTI7czoxNjoidXNlci1idWxrLWRlbGV0ZSI7aToxMztzOjExOiJtZW51LWFjY2VzcyI7aToxNDtzOjg6Im1lbnUtYWRkIjtpOjE1O3M6OToibWVudS1lZGl0IjtpOjE2O3M6MTE6Im1lbnUtZGVsZXRlIjtpOjE3O3M6MTY6Im1lbnUtYnVsay1kZWxldGUiO2k6MTg7czoxOToibWVudS1idWlsZGVyLWFjY2VzcyI7aToxOTtzOjE1OiJtZW51LW1vZHVsZS1hZGQiO2k6MjA7czoxNjoibWVudS1tb2R1bGUtZWRpdCI7aToyMTtzOjE4OiJtZW51LW1vZHVsZS1kZWxldGUiO2k6MjI7czoxNzoicGVybWlzc2lvbi1hY2Nlc3MiO2k6MjM7czoxNDoicGVybWlzc2lvbi1hZGQiO2k6MjQ7czoxNToicGVybWlzc2lvbi1lZGl0IjtpOjI1O3M6MTc6InBlcm1pc3Npb24tZGVsZXRlIjtpOjI2O3M6MjI6InBlcm1pc3Npb24tYnVsay1kZWxldGUiO2k6Mjc7czoxNDoic2V0dGluZy1hY2Nlc3MiO2k6Mjg7czoyMzoiYm9va2luZy1pbnZvaW9jZS1hY2Nlc3MiO2k6Mjk7czoyMDoiYm9va2luZy1pbnZvaW9jZS1hZGQiO2k6MzA7czoyMToiYm9va2luZy1pbnZvaW9jZS1lZGl0IjtpOjMxO3M6MjE6ImJvb2tpbmctaW52b2lvY2UtdmlldyI7aTozMjtzOjIzOiJib29raW5nLWludm9pb2NlLWRlbGV0ZSI7aTozMztzOjI4OiJib29raW5nLWludm9pb2NlLWJ1bGstZGVsZXRlIjtpOjM0O3M6MjY6InByZS1ib29raW5nLWludm9pY2UtYWNjZXNzIjtpOjM1O3M6MjM6InByZS1ib29raW5nLWludm9pY2UtYWRkIjtpOjM2O3M6MjQ6InByZS1ib29raW5nLWludm9pY2UtZWRpdCI7aTozNztzOjI0OiJwcmUtYm9va2luZy1pbnZvaWNlLXZpZXciO2k6Mzg7czoyNjoicHJlLWJvb2tpbmctaW52b2ljZS1kZWxldGUiO2k6Mzk7czozMToicHJlLWJvb2tpbmctaW52b2ljZS1idWxrLWRlbGV0ZSI7aTo0MDtzOjEwOiJjYXItYWNjZXNzIjtpOjQxO3M6NzoiY2FyLWFkZCI7aTo0MjtzOjg6ImNhci1lZGl0IjtpOjQzO3M6MTA6ImNhci1kZWxldGUiO2k6NDQ7czoxNToiY2FyLWJ1bGstZGVsZXRlIjtpOjQ1O3M6MTc6ImNhci1sZWRnZXItYWNjZXNzIjtpOjQ2O3M6MTM6ImRyaXZlci1hY2Nlc3MiO2k6NDc7czoxMDoiZHJpdmVyLWFkZCI7aTo0ODtzOjExOiJkcml2ZXItZWRpdCI7aTo0OTtzOjExOiJkcml2ZXItdmlldyI7aTo1MDtzOjEzOiJkcml2ZXItZGVsZXRlIjtpOjUxO3M6MTg6ImRyaXZlci1idWxrLWRlbGV0ZSI7aTo1MjtzOjEwOiJjb2EtYWNjZXNzIjtpOjUzO3M6NzoiY29hLWFkZCI7aTo1NDtzOjg6ImNvYS1lZGl0IjtpOjU1O3M6MTA6ImNvYS1kZWxldGUiO2k6NTY7czoyMjoib3BlbmluZy1iYWxhbmNlLWFjY2VzcyI7aTo1NztzOjIxOiJkcml2ZXItcGF5bWVudC1hY2Nlc3MiO2k6NTg7czoyMjoiY2FzaC1hZGp1c3RtZW50LWFjY2VzcyI7aTo1OTtzOjE5OiJjYXNoLWFkanVzdG1lbnQtYWRkIjtpOjYwO3M6MjA6ImNhc2gtYWRqdXN0bWVudC1lZGl0IjtpOjYxO3M6MjI6ImNhc2gtYWRqdXN0bWVudC1kZWxldGUiO2k6NjI7czoxNjoiY2FzaC1ib29rLWFjY2VzcyI7aTo2MztzOjE2OiJiYW5rLWJvb2stYWNjZXNzIjtpOjY0O3M6MjM6Im1vYmlsZS1iYW5rLWJvb2stYWNjZXNzIjtpOjY1O3M6MjE6ImdlbmVyYWwtbGVkZ2VyLWFjY2VzcyI7aTo2NjtzOjE4OiJwcm9maXQtbG9zcy1hY2Nlc3MiO2k6Njc7czoyMDoiYmFsYW5jZS1zaGVldC1hY2Nlc3MiO2k6Njg7czoxOToiZXhwZW5zZS1pdGVtLWFjY2VzcyI7aTo2OTtzOjE2OiJleHBlbnNlLWl0ZW0tYWRkIjtpOjcwO3M6MTc6ImV4cGVuc2UtaXRlbS1lZGl0IjtpOjcxO3M6MTk6ImV4cGVuc2UtaXRlbS1kZWxldGUiO2k6NzI7czoyNDoiZXhwZW5zZS1pdGVtLWJ1bGstZGVsZXRlIjtpOjczO3M6MTQ6ImV4cGVuc2UtYWNjZXNzIjtpOjc0O3M6MTE6ImV4cGVuc2UtYWRkIjtpOjc1O3M6MTI6ImV4cGVuc2UtZWRpdCI7aTo3NjtzOjE0OiJleHBlbnNlLWRlbGV0ZSI7aTo3NztzOjE5OiJleHBlbnNlLWJ1bGstZGVsZXRlIjtpOjc4O3M6MjQ6ImV4cGVuc2Utc3RhdGVtZW50LWFjY2VzcyI7aTo3OTtzOjExOiJiYW5rLWFjY2VzcyI7aTo4MDtzOjg6ImJhbmstYWRkIjtpOjgxO3M6OToiYmFuay1lZGl0IjtpOjgyO3M6MTE6ImJhbmstZGVsZXRlIjtpOjgzO3M6MTY6ImJhbmstYnVsay1kZWxldGUiO2k6ODQ7czoyMzoiYmFuay10cmFuc2FjdGlvbi1hY2Nlc3MiO2k6ODU7czoxODoiYmFuay1sZWRnZXItYWNjZXNzIjtpOjg2O3M6MTg6Im1vYmlsZS1iYW5rLWFjY2VzcyI7aTo4NztzOjE1OiJtb2JpbGUtYmFuay1hZGQiO2k6ODg7czoxNjoibW9iaWxlLWJhbmstZWRpdCI7aTo4OTtzOjE4OiJtb2JpbGUtYmFuay1kZWxldGUiO2k6OTA7czoyMzoibW9iaWxlLWJhbmstYnVsay1kZWxldGUiO2k6OTE7czozMDoibW9iaWxlLWJhbmstdHJhbnNhY3Rpb24tYWNjZXNzIjtpOjkyO3M6MjU6Im1vYmlsZS1iYW5rLWxlZGdlci1hY2Nlc3MiO2k6OTM7czoxNDoiY2xvc2luZy1hY2Nlc3MiO2k6OTQ7czoyMToiY2xvc2luZy1yZXBvcnQtYWNjZXNzIjt9fQ==', 1636027638);

-- --------------------------------------------------------

--
-- Table structure for table `settings`
--

CREATE TABLE `settings` (
  `id` bigint(20) UNSIGNED NOT NULL,
  `name` varchar(255) COLLATE utf8mb4_unicode_ci NOT NULL,
  `value` varchar(255) COLLATE utf8mb4_unicode_ci DEFAULT NULL,
  `created_at` timestamp NULL DEFAULT NULL,
  `updated_at` timestamp NULL DEFAULT NULL
) ENGINE=InnoDB DEFAULT CHARSET=utf8mb4 COLLATE=utf8mb4_unicode_ci;

-- --------------------------------------------------------

--
-- Table structure for table `users`
--

CREATE TABLE `users` (
  `id` bigint(20) UNSIGNED NOT NULL,
  `role_id` bigint(20) UNSIGNED NOT NULL,
  `name` varchar(50) COLLATE utf8mb4_unicode_ci NOT NULL,
  `username` varchar(30) COLLATE utf8mb4_unicode_ci NOT NULL,
  `email` varchar(255) COLLATE utf8mb4_unicode_ci DEFAULT NULL,
  `phone` varchar(15) COLLATE utf8mb4_unicode_ci NOT NULL,
  `avatar` varchar(255) COLLATE utf8mb4_unicode_ci DEFAULT NULL,
  `gender` enum('1','2','3') COLLATE utf8mb4_unicode_ci NOT NULL COMMENT '1=Male,2=Female,3=Other',
  `password` varchar(255) COLLATE utf8mb4_unicode_ci NOT NULL,
  `status` enum('1','2') COLLATE utf8mb4_unicode_ci NOT NULL DEFAULT '1' COMMENT '1=Active, 2=Inactive',
  `deletable` enum('1','2') COLLATE utf8mb4_unicode_ci NOT NULL DEFAULT '2' COMMENT '1=No, 2=Yes',
  `created_by` varchar(255) COLLATE utf8mb4_unicode_ci DEFAULT NULL,
  `modified_by` varchar(255) COLLATE utf8mb4_unicode_ci DEFAULT NULL,
  `remember_token` varchar(100) COLLATE utf8mb4_unicode_ci DEFAULT NULL,
  `created_at` timestamp NULL DEFAULT NULL,
  `updated_at` timestamp NULL DEFAULT NULL
) ENGINE=InnoDB DEFAULT CHARSET=utf8mb4 COLLATE=utf8mb4_unicode_ci;

--
-- Dumping data for table `users`
--

INSERT INTO `users` (`id`, `role_id`, `name`, `username`, `email`, `phone`, `avatar`, `gender`, `password`, `status`, `deletable`, `created_by`, `modified_by`, `remember_token`, `created_at`, `updated_at`) VALUES
(1, 1, 'Super Admin', 'SuperAdmin', 'superadmin@mail.com', '01521225987', NULL, '1', '$2y$10$Ydhc8.2tOSyfbIZi9vsc0eIUIkLZ4NQ6Bx7quRxXT7YLaKdQvd61O', '1', '1', 'Mohammad Arman', NULL, NULL, '2021-11-04 11:00:45', NULL),
(2, 2, 'Admin', 'Admin', 'admin@mail.com', '017', NULL, '1', '$2y$10$wSWVuF/uFRztVKhQVB3s.OGnlZD7jwHkCUBzsA.ctQIirV6bex9WW', '1', '1', 'Mohammad Arman', NULL, NULL, '2021-11-04 11:00:45', NULL);

-- --------------------------------------------------------

--
-- Table structure for table `warehouses`
--

CREATE TABLE `warehouses` (
  `id` bigint(20) UNSIGNED NOT NULL,
  `name` varchar(255) COLLATE utf8mb4_unicode_ci NOT NULL,
  `phone` varchar(255) COLLATE utf8mb4_unicode_ci DEFAULT NULL,
  `email` varchar(255) COLLATE utf8mb4_unicode_ci DEFAULT NULL,
  `address` text COLLATE utf8mb4_unicode_ci,
  `district_id` bigint(20) UNSIGNED NOT NULL,
  `asm_id` bigint(20) UNSIGNED NOT NULL,
  `status` enum('1','2') COLLATE utf8mb4_unicode_ci NOT NULL DEFAULT '1' COMMENT '1=Active, 2=Inactive',
  `deletable` enum('1','2') COLLATE utf8mb4_unicode_ci NOT NULL DEFAULT '2' COMMENT '1=No, 2=Yes',
  `created_by` varchar(255) COLLATE utf8mb4_unicode_ci DEFAULT NULL,
  `modified_by` varchar(255) COLLATE utf8mb4_unicode_ci DEFAULT NULL,
  `created_at` timestamp NULL DEFAULT NULL,
  `updated_at` timestamp NULL DEFAULT NULL
) ENGINE=InnoDB DEFAULT CHARSET=utf8mb4 COLLATE=utf8mb4_unicode_ci;

--
-- Indexes for dumped tables
--

--
-- Indexes for table `cache`
--
ALTER TABLE `cache`
  ADD UNIQUE KEY `cache_key_unique` (`key`);

--
-- Indexes for table `failed_jobs`
--
ALTER TABLE `failed_jobs`
  ADD PRIMARY KEY (`id`),
  ADD UNIQUE KEY `failed_jobs_uuid_unique` (`uuid`);

--
-- Indexes for table `menus`
--
ALTER TABLE `menus`
  ADD PRIMARY KEY (`id`),
  ADD UNIQUE KEY `menus_menu_name_unique` (`menu_name`);

--
-- Indexes for table `migrations`
--
ALTER TABLE `migrations`
  ADD PRIMARY KEY (`id`);

--
-- Indexes for table `modules`
--
ALTER TABLE `modules`
  ADD PRIMARY KEY (`id`),
  ADD KEY `modules_menu_id_foreign` (`menu_id`);

--
-- Indexes for table `module_role`
--
ALTER TABLE `module_role`
  ADD PRIMARY KEY (`id`),
  ADD KEY `module_role_module_id_foreign` (`module_id`),
  ADD KEY `module_role_role_id_foreign` (`role_id`);

--
-- Indexes for table `notifications`
--
ALTER TABLE `notifications`
  ADD PRIMARY KEY (`id`),
  ADD KEY `notifications_notifiable_type_notifiable_id_index` (`notifiable_type`,`notifiable_id`);

--
-- Indexes for table `password_resets`
--
ALTER TABLE `password_resets`
  ADD KEY `password_resets_email_index` (`email`);

--
-- Indexes for table `permissions`
--
ALTER TABLE `permissions`
  ADD PRIMARY KEY (`id`),
  ADD UNIQUE KEY `permissions_slug_unique` (`slug`),
  ADD KEY `permissions_module_id_foreign` (`module_id`);

--
-- Indexes for table `permission_role`
--
ALTER TABLE `permission_role`
  ADD PRIMARY KEY (`id`),
  ADD KEY `permission_role_permission_id_foreign` (`permission_id`),
  ADD KEY `permission_role_role_id_foreign` (`role_id`);

--
-- Indexes for table `roles`
--
ALTER TABLE `roles`
  ADD PRIMARY KEY (`id`),
  ADD UNIQUE KEY `roles_role_name_unique` (`role_name`);

--
-- Indexes for table `sessions`
--
ALTER TABLE `sessions`
  ADD PRIMARY KEY (`id`),
  ADD KEY `sessions_user_id_index` (`user_id`),
  ADD KEY `sessions_last_activity_index` (`last_activity`);

--
-- Indexes for table `settings`
--
ALTER TABLE `settings`
  ADD PRIMARY KEY (`id`),
  ADD UNIQUE KEY `settings_name_unique` (`name`);

--
-- Indexes for table `users`
--
ALTER TABLE `users`
  ADD PRIMARY KEY (`id`),
  ADD UNIQUE KEY `users_username_unique` (`username`),
  ADD UNIQUE KEY `users_phone_unique` (`phone`),
  ADD KEY `users_role_id_foreign` (`role_id`);

--
-- Indexes for table `warehouses`
--
ALTER TABLE `warehouses`
  ADD PRIMARY KEY (`id`);

--
-- AUTO_INCREMENT for dumped tables
--

--
-- AUTO_INCREMENT for table `failed_jobs`
--
ALTER TABLE `failed_jobs`
  MODIFY `id` bigint(20) UNSIGNED NOT NULL AUTO_INCREMENT;

--
-- AUTO_INCREMENT for table `menus`
--
ALTER TABLE `menus`
  MODIFY `id` bigint(20) UNSIGNED NOT NULL AUTO_INCREMENT, AUTO_INCREMENT=2;

--
-- AUTO_INCREMENT for table `migrations`
--
ALTER TABLE `migrations`
  MODIFY `id` int(10) UNSIGNED NOT NULL AUTO_INCREMENT, AUTO_INCREMENT=26;

--
-- AUTO_INCREMENT for table `modules`
--
ALTER TABLE `modules`
  MODIFY `id` bigint(20) UNSIGNED NOT NULL AUTO_INCREMENT, AUTO_INCREMENT=54;

--
-- AUTO_INCREMENT for table `module_role`
--
ALTER TABLE `module_role`
  MODIFY `id` bigint(20) UNSIGNED NOT NULL AUTO_INCREMENT;

--
-- AUTO_INCREMENT for table `permissions`
--
ALTER TABLE `permissions`
  MODIFY `id` bigint(20) UNSIGNED NOT NULL AUTO_INCREMENT, AUTO_INCREMENT=112;

--
-- AUTO_INCREMENT for table `permission_role`
--
ALTER TABLE `permission_role`
  MODIFY `id` bigint(20) UNSIGNED NOT NULL AUTO_INCREMENT;

--
-- AUTO_INCREMENT for table `roles`
--
ALTER TABLE `roles`
  MODIFY `id` bigint(20) UNSIGNED NOT NULL AUTO_INCREMENT, AUTO_INCREMENT=3;

--
-- AUTO_INCREMENT for table `settings`
--
ALTER TABLE `settings`
  MODIFY `id` bigint(20) UNSIGNED NOT NULL AUTO_INCREMENT;

--
-- AUTO_INCREMENT for table `users`
--
ALTER TABLE `users`
  MODIFY `id` bigint(20) UNSIGNED NOT NULL AUTO_INCREMENT, AUTO_INCREMENT=3;

--
-- AUTO_INCREMENT for table `warehouses`
--
ALTER TABLE `warehouses`
  MODIFY `id` bigint(20) UNSIGNED NOT NULL AUTO_INCREMENT;

--
-- Constraints for dumped tables
--

--
-- Constraints for table `modules`
--
ALTER TABLE `modules`
  ADD CONSTRAINT `modules_menu_id_foreign` FOREIGN KEY (`menu_id`) REFERENCES `menus` (`id`);

--
-- Constraints for table `module_role`
--
ALTER TABLE `module_role`
  ADD CONSTRAINT `module_role_module_id_foreign` FOREIGN KEY (`module_id`) REFERENCES `modules` (`id`),
  ADD CONSTRAINT `module_role_role_id_foreign` FOREIGN KEY (`role_id`) REFERENCES `roles` (`id`);

--
-- Constraints for table `permissions`
--
ALTER TABLE `permissions`
  ADD CONSTRAINT `permissions_module_id_foreign` FOREIGN KEY (`module_id`) REFERENCES `modules` (`id`);

--
-- Constraints for table `permission_role`
--
ALTER TABLE `permission_role`
  ADD CONSTRAINT `permission_role_permission_id_foreign` FOREIGN KEY (`permission_id`) REFERENCES `permissions` (`id`),
  ADD CONSTRAINT `permission_role_role_id_foreign` FOREIGN KEY (`role_id`) REFERENCES `roles` (`id`);

--
-- Constraints for table `users`
--
ALTER TABLE `users`
  ADD CONSTRAINT `users_role_id_foreign` FOREIGN KEY (`role_id`) REFERENCES `roles` (`id`);
COMMIT;

/*!40101 SET CHARACTER_SET_CLIENT=@OLD_CHARACTER_SET_CLIENT */;
/*!40101 SET CHARACTER_SET_RESULTS=@OLD_CHARACTER_SET_RESULTS */;
/*!40101 SET COLLATION_CONNECTION=@OLD_COLLATION_CONNECTION */;
