-- phpMyAdmin SQL Dump
-- version 5.2.0
-- https://www.phpmyadmin.net/
--
-- Host: 127.0.0.1
-- Generation Time: Jul 17, 2023 at 05:59 PM
-- Server version: 10.4.24-MariaDB
-- PHP Version: 8.1.6

SET SQL_MODE = "NO_AUTO_VALUE_ON_ZERO";
START TRANSACTION;
SET time_zone = "+00:00";


/*!40101 SET @OLD_CHARACTER_SET_CLIENT=@@CHARACTER_SET_CLIENT */;
/*!40101 SET @OLD_CHARACTER_SET_RESULTS=@@CHARACTER_SET_RESULTS */;
/*!40101 SET @OLD_COLLATION_CONNECTION=@@COLLATION_CONNECTION */;
/*!40101 SET NAMES utf8mb4 */;

--
-- Database: `appointment`
--

-- --------------------------------------------------------

--
-- Table structure for table `cache`
--

CREATE TABLE `cache` (
  `key` varchar(255) COLLATE utf8mb4_unicode_ci NOT NULL,
  `value` mediumtext COLLATE utf8mb4_unicode_ci NOT NULL,
  `expiration` int(11) NOT NULL
) ENGINE=InnoDB DEFAULT CHARSET=utf8mb4 COLLATE=utf8mb4_unicode_ci;

-- --------------------------------------------------------

--
-- Table structure for table `departments`
--

CREATE TABLE `departments` (
  `id` bigint(20) UNSIGNED NOT NULL,
  `name` varchar(255) COLLATE utf8mb4_unicode_ci NOT NULL,
  `details` text COLLATE utf8mb4_unicode_ci NOT NULL,
  `created_at` timestamp NULL DEFAULT NULL,
  `updated_at` timestamp NULL DEFAULT NULL
) ENGINE=InnoDB DEFAULT CHARSET=utf8mb4 COLLATE=utf8mb4_unicode_ci;

--
-- Dumping data for table `departments`
--

INSERT INTO `departments` (`id`, `name`, `details`, `created_at`, `updated_at`) VALUES
(1, 'Neurology', 'detals', '2023-07-17 15:51:56', '2023-07-17 15:51:56'),
(2, 'Hematology', 'details', '2023-07-17 15:52:14', '2023-07-17 15:52:14');

-- --------------------------------------------------------

--
-- Table structure for table `failed_jobs`
--

CREATE TABLE `failed_jobs` (
  `id` bigint(20) UNSIGNED NOT NULL,
  `uuid` varchar(255) COLLATE utf8mb4_unicode_ci NOT NULL,
  `connection` text COLLATE utf8mb4_unicode_ci NOT NULL,
  `queue` text COLLATE utf8mb4_unicode_ci NOT NULL,
  `payload` longtext COLLATE utf8mb4_unicode_ci NOT NULL,
  `exception` longtext COLLATE utf8mb4_unicode_ci NOT NULL,
  `failed_at` timestamp NOT NULL DEFAULT current_timestamp()
) ENGINE=InnoDB DEFAULT CHARSET=utf8mb4 COLLATE=utf8mb4_unicode_ci;

-- --------------------------------------------------------

--
-- Table structure for table `menus`
--

CREATE TABLE `menus` (
  `id` bigint(20) UNSIGNED NOT NULL,
  `menu_name` varchar(100) COLLATE utf8mb4_unicode_ci NOT NULL,
  `deletable` enum('1','2') COLLATE utf8mb4_unicode_ci NOT NULL DEFAULT '2' COMMENT '1=No, 2=Yes',
  `created_at` timestamp NULL DEFAULT NULL,
  `updated_at` timestamp NULL DEFAULT NULL
) ENGINE=InnoDB DEFAULT CHARSET=utf8mb4 COLLATE=utf8mb4_unicode_ci;

--
-- Dumping data for table `menus`
--

INSERT INTO `menus` (`id`, `menu_name`, `deletable`, `created_at`, `updated_at`) VALUES
(1, 'Sidebar Menu', '1', '2023-07-17 15:48:12', '2023-07-17 15:48:12');

-- --------------------------------------------------------

--
-- Table structure for table `migrations`
--

CREATE TABLE `migrations` (
  `id` int(10) UNSIGNED NOT NULL,
  `migration` varchar(255) COLLATE utf8mb4_unicode_ci NOT NULL,
  `batch` int(11) NOT NULL
) ENGINE=InnoDB DEFAULT CHARSET=utf8mb4 COLLATE=utf8mb4_unicode_ci;

--
-- Dumping data for table `migrations`
--

INSERT INTO `migrations` (`id`, `migration`, `batch`) VALUES
(1, '2023_07_17_210626_create_departments_table', 1),
(2, '2014_10_12_100000_create_password_resets_table', 2),
(3, '2019_08_19_000000_create_failed_jobs_table', 2),
(4, '2020_11_09_121424_create_roles_table', 2),
(5, '2020_11_09_121426_create_users_table', 2),
(6, '2020_11_09_121433_create_menus_table', 2),
(7, '2020_11_09_121444_create_modules_table', 2),
(8, '2020_11_09_121457_create_permissions_table', 2),
(9, '2020_11_09_121707_class_module_role_table', 2),
(10, '2020_11_09_121724_class_permission_role_table', 2),
(11, '2020_11_09_121842_create_settings_table', 2),
(12, '2020_11_11_114846_create_sessions_table', 2),
(13, '2020_11_11_115012_create_cache_table', 2),
(14, '2021_10_12_170301_create_notifications_table', 2);

-- --------------------------------------------------------

--
-- Table structure for table `modules`
--

CREATE TABLE `modules` (
  `id` bigint(20) UNSIGNED NOT NULL,
  `menu_id` bigint(20) UNSIGNED NOT NULL,
  `type` enum('1','2') COLLATE utf8mb4_unicode_ci NOT NULL COMMENT '1=divider,2=module',
  `module_name` varchar(255) COLLATE utf8mb4_unicode_ci DEFAULT NULL,
  `divider_title` varchar(255) COLLATE utf8mb4_unicode_ci DEFAULT NULL,
  `icon_class` varchar(255) COLLATE utf8mb4_unicode_ci DEFAULT NULL,
  `url` varchar(255) COLLATE utf8mb4_unicode_ci DEFAULT NULL,
  `order` int(11) DEFAULT NULL,
  `parent_id` int(10) UNSIGNED DEFAULT NULL,
  `target` enum('_self','_blank') COLLATE utf8mb4_unicode_ci DEFAULT NULL,
  `created_at` timestamp NULL DEFAULT NULL,
  `updated_at` timestamp NULL DEFAULT NULL
) ENGINE=InnoDB DEFAULT CHARSET=utf8mb4 COLLATE=utf8mb4_unicode_ci;

--
-- Dumping data for table `modules`
--

INSERT INTO `modules` (`id`, `menu_id`, `type`, `module_name`, `divider_title`, `icon_class`, `url`, `order`, `parent_id`, `target`, `created_at`, `updated_at`) VALUES
(1, 1, '2', 'Dashboard', NULL, 'fas fa-tachometer-alt', '/', 1, NULL, '_self', '2023-07-17 15:48:12', '2023-07-17 15:51:18'),
(2, 1, '1', NULL, 'Menus', NULL, NULL, 2, NULL, NULL, '2023-07-17 15:48:12', '2023-07-17 15:51:18'),
(3, 1, '1', NULL, 'Access Control', NULL, NULL, 5, NULL, NULL, '2023-07-17 15:48:12', '2023-07-17 15:51:19'),
(4, 1, '2', 'Role', NULL, 'fas fa-user-tag', 'role', 6, NULL, '_self', '2023-07-17 15:48:12', '2023-07-17 15:51:19'),
(5, 1, '2', 'User', NULL, 'fas fa-users', 'user', 7, NULL, '_self', '2023-07-17 15:48:12', '2023-07-17 15:51:19'),
(6, 1, '1', NULL, 'System', NULL, NULL, 8, NULL, NULL, '2023-07-17 15:48:12', '2023-07-17 15:51:19'),
(7, 1, '2', 'Setting', NULL, 'fas fa-cogs', NULL, 9, NULL, NULL, '2023-07-17 15:48:12', '2023-07-17 15:51:19'),
(8, 1, '2', 'General Setting', NULL, NULL, 'setting', 1, 7, '_self', '2023-07-17 15:48:12', NULL),
(9, 1, '2', 'Customer Group', NULL, NULL, 'customer-group', 2, 7, '_self', '2023-07-17 15:48:12', NULL),
(10, 1, '2', 'Unit', NULL, NULL, 'unit', 3, 7, '_self', '2023-07-17 15:48:12', NULL),
(11, 1, '2', 'Tax', NULL, NULL, 'tax', 4, 7, '_self', '2023-07-17 15:48:12', NULL),
(12, 1, '2', 'Menu', NULL, 'fas fa-th-list', 'menu', 10, NULL, '_self', '2023-07-17 15:48:12', '2023-07-17 15:51:19'),
(13, 1, '2', 'Permission', NULL, 'fas fa-tasks', 'menu/module/permission', 11, NULL, '_self', '2023-07-17 15:48:12', '2023-07-17 15:51:19'),
(14, 1, '2', 'Department', NULL, 'fa fa-list', NULL, 4, NULL, NULL, '2023-07-17 15:49:53', '2023-07-17 15:51:18'),
(15, 1, '2', 'Manage Department', NULL, NULL, 'admin/department', 1, 14, '_self', '2023-07-17 15:50:18', '2023-07-17 15:51:19'),
(16, 1, '2', 'Doctor', NULL, 'fa fa-user', NULL, 3, NULL, NULL, '2023-07-17 15:50:36', '2023-07-17 15:51:18'),
(17, 1, '2', 'Manage Doctor', NULL, NULL, 'admin/doctor', 1, 16, '_self', '2023-07-17 15:51:00', '2023-07-17 15:51:02');

-- --------------------------------------------------------

--
-- Table structure for table `module_role`
--

CREATE TABLE `module_role` (
  `id` bigint(20) UNSIGNED NOT NULL,
  `module_id` bigint(20) UNSIGNED NOT NULL,
  `role_id` bigint(20) UNSIGNED NOT NULL,
  `created_at` timestamp NULL DEFAULT NULL,
  `updated_at` timestamp NULL DEFAULT NULL
) ENGINE=InnoDB DEFAULT CHARSET=utf8mb4 COLLATE=utf8mb4_unicode_ci;

--
-- Dumping data for table `module_role`
--

INSERT INTO `module_role` (`id`, `module_id`, `role_id`, `created_at`, `updated_at`) VALUES
(1, 1, 3, '2023-07-17 15:53:54', '2023-07-17 15:53:54');

-- --------------------------------------------------------

--
-- Table structure for table `notifications`
--

CREATE TABLE `notifications` (
  `id` char(36) COLLATE utf8mb4_unicode_ci NOT NULL,
  `type` varchar(255) COLLATE utf8mb4_unicode_ci NOT NULL,
  `notifiable_type` varchar(255) COLLATE utf8mb4_unicode_ci NOT NULL,
  `notifiable_id` bigint(20) UNSIGNED NOT NULL,
  `data` text COLLATE utf8mb4_unicode_ci NOT NULL,
  `read_at` timestamp NULL DEFAULT NULL,
  `created_at` timestamp NULL DEFAULT NULL,
  `updated_at` timestamp NULL DEFAULT NULL
) ENGINE=InnoDB DEFAULT CHARSET=utf8mb4 COLLATE=utf8mb4_unicode_ci;

-- --------------------------------------------------------

--
-- Table structure for table `password_resets`
--

CREATE TABLE `password_resets` (
  `email` varchar(255) COLLATE utf8mb4_unicode_ci NOT NULL,
  `token` varchar(255) COLLATE utf8mb4_unicode_ci NOT NULL,
  `created_at` timestamp NULL DEFAULT NULL
) ENGINE=InnoDB DEFAULT CHARSET=utf8mb4 COLLATE=utf8mb4_unicode_ci;

-- --------------------------------------------------------

--
-- Table structure for table `permissions`
--

CREATE TABLE `permissions` (
  `id` bigint(20) UNSIGNED NOT NULL,
  `module_id` bigint(20) UNSIGNED NOT NULL,
  `name` varchar(255) COLLATE utf8mb4_unicode_ci NOT NULL,
  `slug` varchar(255) COLLATE utf8mb4_unicode_ci NOT NULL,
  `created_at` timestamp NULL DEFAULT NULL,
  `updated_at` timestamp NULL DEFAULT NULL
) ENGINE=InnoDB DEFAULT CHARSET=utf8mb4 COLLATE=utf8mb4_unicode_ci;

--
-- Dumping data for table `permissions`
--

INSERT INTO `permissions` (`id`, `module_id`, `name`, `slug`, `created_at`, `updated_at`) VALUES
(1, 1, 'Dashboard Access', 'dashboard-access', '2023-07-17 15:48:12', NULL),
(2, 4, 'Role Access', 'role-access', '2023-07-17 15:48:12', NULL),
(3, 4, 'Role Add', 'role-add', '2023-07-17 15:48:12', NULL),
(4, 4, 'Role Edit', 'role-edit', '2023-07-17 15:48:12', NULL),
(5, 4, 'Role View', 'role-view', '2023-07-17 15:48:12', NULL),
(6, 4, 'Role Delete', 'role-delete', '2023-07-17 15:48:12', NULL),
(7, 4, 'Role Bulk Delete', 'role-bulk-delete', '2023-07-17 15:48:12', NULL),
(8, 5, 'User Access', 'user-access', '2023-07-17 15:48:12', NULL),
(9, 5, 'User Add', 'user-add', '2023-07-17 15:48:12', NULL),
(10, 5, 'User Edit', 'user-edit', '2023-07-17 15:48:12', NULL),
(11, 5, 'User View', 'user-view', '2023-07-17 15:48:12', NULL),
(12, 5, 'User Delete', 'user-delete', '2023-07-17 15:48:12', NULL),
(13, 5, 'User Bulk Delete', 'user-bulk-delete', '2023-07-17 15:48:12', NULL),
(14, 8, 'General Setting Access', 'general-setting-access', '2023-07-17 15:48:12', NULL),
(15, 9, 'Customer Group Access', 'customer-group-access', '2023-07-17 15:48:12', NULL),
(16, 9, 'Customer Group Add', 'customer-group-add', '2023-07-17 15:48:12', NULL),
(17, 9, 'Customer Group Edit', 'customer-group-edit', '2023-07-17 15:48:12', NULL),
(18, 9, 'Customer Group Delete', 'customer-group-delete', '2023-07-17 15:48:12', NULL),
(19, 9, 'Customer Group Bulk Delete', 'customer-group-bulk-delete', '2023-07-17 15:48:12', NULL),
(20, 10, 'Unit Access', 'unit-access', '2023-07-17 15:48:12', NULL),
(21, 10, 'Unit Add', 'unit-add', '2023-07-17 15:48:12', NULL),
(22, 10, 'Unit Edit', 'unit-edit', '2023-07-17 15:48:12', NULL),
(23, 10, 'Unit Delete', 'unit-delete', '2023-07-17 15:48:12', NULL),
(24, 10, 'Unit Bulk Delete', 'unit-bulk-delete', '2023-07-17 15:48:12', NULL),
(25, 11, 'Tax Access', 'tax-access', '2023-07-17 15:48:12', NULL),
(26, 11, 'Tax Add', 'tax-add', '2023-07-17 15:48:12', NULL),
(27, 11, 'Tax Edit', 'tax-edit', '2023-07-17 15:48:12', NULL),
(28, 11, 'Tax Delete', 'tax-delete', '2023-07-17 15:48:12', NULL),
(29, 11, 'Tax Bulk Delete', 'tax-bulk-delete', '2023-07-17 15:48:12', NULL),
(30, 12, 'Menu Access', 'menu-access', '2023-07-17 15:48:12', NULL),
(31, 12, 'Menu Add', 'menu-add', '2023-07-17 15:48:12', NULL),
(32, 12, 'Menu Edit', 'menu-edit', '2023-07-17 15:48:12', NULL),
(33, 12, 'Menu Delete', 'menu-delete', '2023-07-17 15:48:12', NULL),
(34, 12, 'Menu Bulk Delete', 'menu-bulk-delete', '2023-07-17 15:48:12', NULL),
(35, 12, 'Menu Builder Access', 'menu-builder-access', '2023-07-17 15:48:12', NULL),
(36, 12, 'Menu Module Add', 'menu-module-add', '2023-07-17 15:48:12', NULL),
(37, 12, 'Menu Module Edit', 'menu-module-edit', '2023-07-17 15:48:12', NULL),
(38, 12, 'Menu Module Delete', 'menu-module-delete', '2023-07-17 15:48:12', NULL),
(39, 13, 'Permission Access', 'permission-access', '2023-07-17 15:48:12', NULL),
(40, 13, 'Permission Add', 'permission-add', '2023-07-17 15:48:12', NULL),
(41, 13, 'Permission Edit', 'permission-edit', '2023-07-17 15:48:12', NULL),
(42, 13, 'Permission Delete', 'permission-delete', '2023-07-17 15:48:12', NULL),
(43, 13, 'Permission Bulk Delete', 'permission-bulk-delete', '2023-07-17 15:48:12', NULL);

-- --------------------------------------------------------

--
-- Table structure for table `permission_role`
--

CREATE TABLE `permission_role` (
  `id` bigint(20) UNSIGNED NOT NULL,
  `permission_id` bigint(20) UNSIGNED NOT NULL,
  `role_id` bigint(20) UNSIGNED NOT NULL,
  `created_at` timestamp NULL DEFAULT NULL,
  `updated_at` timestamp NULL DEFAULT NULL
) ENGINE=InnoDB DEFAULT CHARSET=utf8mb4 COLLATE=utf8mb4_unicode_ci;

--
-- Dumping data for table `permission_role`
--

INSERT INTO `permission_role` (`id`, `permission_id`, `role_id`, `created_at`, `updated_at`) VALUES
(1, 1, 3, '2023-07-17 15:53:54', '2023-07-17 15:53:54');

-- --------------------------------------------------------

--
-- Table structure for table `roles`
--

CREATE TABLE `roles` (
  `id` bigint(20) UNSIGNED NOT NULL,
  `role_name` varchar(255) COLLATE utf8mb4_unicode_ci NOT NULL,
  `deletable` enum('1','2') COLLATE utf8mb4_unicode_ci NOT NULL DEFAULT '2' COMMENT '1=No, 2=Yes',
  `created_by` varchar(255) COLLATE utf8mb4_unicode_ci DEFAULT NULL,
  `modified_by` varchar(255) COLLATE utf8mb4_unicode_ci DEFAULT NULL,
  `created_at` timestamp NULL DEFAULT NULL,
  `updated_at` timestamp NULL DEFAULT NULL
) ENGINE=InnoDB DEFAULT CHARSET=utf8mb4 COLLATE=utf8mb4_unicode_ci;

--
-- Dumping data for table `roles`
--

INSERT INTO `roles` (`id`, `role_name`, `deletable`, `created_by`, `modified_by`, `created_at`, `updated_at`) VALUES
(1, 'SuperAdmin', '1', 'Mohammad Arman', NULL, '2023-07-17 15:48:11', NULL),
(2, 'Admin', '1', 'Mohammad Arman', NULL, '2023-07-17 15:48:11', NULL),
(3, 'Doctor', '2', NULL, NULL, '2023-07-17 15:53:54', '2023-07-17 15:53:54');

-- --------------------------------------------------------

--
-- Table structure for table `sessions`
--

CREATE TABLE `sessions` (
  `id` varchar(255) COLLATE utf8mb4_unicode_ci NOT NULL,
  `user_id` bigint(20) UNSIGNED DEFAULT NULL,
  `ip_address` varchar(45) COLLATE utf8mb4_unicode_ci DEFAULT NULL,
  `user_agent` text COLLATE utf8mb4_unicode_ci DEFAULT NULL,
  `payload` longtext COLLATE utf8mb4_unicode_ci NOT NULL,
  `last_activity` int(11) NOT NULL
) ENGINE=InnoDB DEFAULT CHARSET=utf8mb4 COLLATE=utf8mb4_unicode_ci;

--
-- Dumping data for table `sessions`
--

INSERT INTO `sessions` (`id`, `user_id`, `ip_address`, `user_agent`, `payload`, `last_activity`) VALUES
('cVU1S1a7xNDsrbyXGl86jPeQN4GmTRigDxUelpwL', 1, '127.0.0.1', 'Mozilla/5.0 (Windows NT 10.0; Win64; x64) AppleWebKit/537.36 (KHTML, like Gecko) Chrome/114.0.0.0 Safari/537.36', 'YTo3OntzOjY6Il90b2tlbiI7czo0MDoiekhNamhjUDc3TWV0MFBEbjhHRWs2S05jeHRnaFRyT2NsTVN6N1dyNyI7czo5OiJfcHJldmlvdXMiO2E6MTp7czozOiJ1cmwiO3M6NDE6Imh0dHA6Ly8xMjcuMC4wLjE6ODAwMC9hZG1pbi9kb2N0b3IvZWRpdC80Ijt9czo2OiJfZmxhc2giO2E6Mjp7czozOiJvbGQiO2E6MDp7fXM6MzoibmV3IjthOjA6e319czozOiJ1cmwiO2E6MDp7fXM6NTA6ImxvZ2luX3dlYl81OWJhMzZhZGRjMmIyZjk0MDE1ODBmMDE0YzdmNThlYTRlMzA5ODlkIjtpOjE7czoxNToidXNlcl9wZXJtaXNzaW9uIjthOjQzOntpOjA7czoxNjoiZGFzaGJvYXJkLWFjY2VzcyI7aToxO3M6MTE6InJvbGUtYWNjZXNzIjtpOjI7czo4OiJyb2xlLWFkZCI7aTozO3M6OToicm9sZS1lZGl0IjtpOjQ7czo5OiJyb2xlLXZpZXciO2k6NTtzOjExOiJyb2xlLWRlbGV0ZSI7aTo2O3M6MTY6InJvbGUtYnVsay1kZWxldGUiO2k6NztzOjExOiJ1c2VyLWFjY2VzcyI7aTo4O3M6ODoidXNlci1hZGQiO2k6OTtzOjk6InVzZXItZWRpdCI7aToxMDtzOjk6InVzZXItdmlldyI7aToxMTtzOjExOiJ1c2VyLWRlbGV0ZSI7aToxMjtzOjE2OiJ1c2VyLWJ1bGstZGVsZXRlIjtpOjEzO3M6MjI6ImdlbmVyYWwtc2V0dGluZy1hY2Nlc3MiO2k6MTQ7czoyMToiY3VzdG9tZXItZ3JvdXAtYWNjZXNzIjtpOjE1O3M6MTg6ImN1c3RvbWVyLWdyb3VwLWFkZCI7aToxNjtzOjE5OiJjdXN0b21lci1ncm91cC1lZGl0IjtpOjE3O3M6MjE6ImN1c3RvbWVyLWdyb3VwLWRlbGV0ZSI7aToxODtzOjI2OiJjdXN0b21lci1ncm91cC1idWxrLWRlbGV0ZSI7aToxOTtzOjExOiJ1bml0LWFjY2VzcyI7aToyMDtzOjg6InVuaXQtYWRkIjtpOjIxO3M6OToidW5pdC1lZGl0IjtpOjIyO3M6MTE6InVuaXQtZGVsZXRlIjtpOjIzO3M6MTY6InVuaXQtYnVsay1kZWxldGUiO2k6MjQ7czoxMDoidGF4LWFjY2VzcyI7aToyNTtzOjc6InRheC1hZGQiO2k6MjY7czo4OiJ0YXgtZWRpdCI7aToyNztzOjEwOiJ0YXgtZGVsZXRlIjtpOjI4O3M6MTU6InRheC1idWxrLWRlbGV0ZSI7aToyOTtzOjExOiJtZW51LWFjY2VzcyI7aTozMDtzOjg6Im1lbnUtYWRkIjtpOjMxO3M6OToibWVudS1lZGl0IjtpOjMyO3M6MTE6Im1lbnUtZGVsZXRlIjtpOjMzO3M6MTY6Im1lbnUtYnVsay1kZWxldGUiO2k6MzQ7czoxOToibWVudS1idWlsZGVyLWFjY2VzcyI7aTozNTtzOjE1OiJtZW51LW1vZHVsZS1hZGQiO2k6MzY7czoxNjoibWVudS1tb2R1bGUtZWRpdCI7aTozNztzOjE4OiJtZW51LW1vZHVsZS1kZWxldGUiO2k6Mzg7czoxNzoicGVybWlzc2lvbi1hY2Nlc3MiO2k6Mzk7czoxNDoicGVybWlzc2lvbi1hZGQiO2k6NDA7czoxNToicGVybWlzc2lvbi1lZGl0IjtpOjQxO3M6MTc6InBlcm1pc3Npb24tZGVsZXRlIjtpOjQyO3M6MjI6InBlcm1pc3Npb24tYnVsay1kZWxldGUiO31zOjk6InVzZXJfbWVudSI7TzoyNjoiVHlwaUNNU1xOZXN0YWJsZUNvbGxlY3Rpb24iOjg6e3M6ODoiACoAaXRlbXMiO2E6MTE6e2k6MDtPOjE3OiJBcHBcTW9kZWxzXE1vZHVsZSI6Mjk6e3M6MTM6IgAqAGNvbm5lY3Rpb24iO3M6NToibXlzcWwiO3M6ODoiACoAdGFibGUiO3M6NzoibW9kdWxlcyI7czoxMzoiACoAcHJpbWFyeUtleSI7czoyOiJpZCI7czoxMDoiACoAa2V5VHlwZSI7czozOiJpbnQiO3M6MTI6ImluY3JlbWVudGluZyI7YjoxO3M6NzoiACoAd2l0aCI7YTowOnt9czoxMjoiACoAd2l0aENvdW50IjthOjA6e31zOjE5OiJwcmV2ZW50c0xhenlMb2FkaW5nIjtiOjA7czoxMDoiACoAcGVyUGFnZSI7aToxNTtzOjY6ImV4aXN0cyI7YjoxO3M6MTg6Indhc1JlY2VudGx5Q3JlYXRlZCI7YjowO3M6Mjg6IgAqAGVzY2FwZVdoZW5DYXN0aW5nVG9TdHJpbmciO2I6MDtzOjEzOiIAKgBhdHRyaWJ1dGVzIjthOjEyOntzOjI6ImlkIjtpOjE7czo3OiJtZW51X2lkIjtpOjE7czo0OiJ0eXBlIjtzOjE6IjIiO3M6MTE6Im1vZHVsZV9uYW1lIjtzOjk6IkRhc2hib2FyZCI7czoxMzoiZGl2aWRlcl90aXRsZSI7TjtzOjEwOiJpY29uX2NsYXNzIjtzOjIxOiJmYXMgZmEtdGFjaG9tZXRlci1hbHQiO3M6MzoidXJsIjtzOjE6Ii8iO3M6NToib3JkZXIiO2k6MTtzOjk6InBhcmVudF9pZCI7TjtzOjY6InRhcmdldCI7czo1OiJfc2VsZiI7czoxMDoiY3JlYXRlZF9hdCI7czoxOToiMjAyMy0wNy0xNyAyMTo0ODoxMiI7czoxMDoidXBkYXRlZF9hdCI7czoxOToiMjAyMy0wNy0xNyAyMTo1MToxOCI7fXM6MTE6IgAqAG9yaWdpbmFsIjthOjEyOntzOjI6ImlkIjtpOjE7czo3OiJtZW51X2lkIjtpOjE7czo0OiJ0eXBlIjtzOjE6IjIiO3M6MTE6Im1vZHVsZV9uYW1lIjtzOjk6IkRhc2hib2FyZCI7czoxMzoiZGl2aWRlcl90aXRsZSI7TjtzOjEwOiJpY29uX2NsYXNzIjtzOjIxOiJmYXMgZmEtdGFjaG9tZXRlci1hbHQiO3M6MzoidXJsIjtzOjE6Ii8iO3M6NToib3JkZXIiO2k6MTtzOjk6InBhcmVudF9pZCI7TjtzOjY6InRhcmdldCI7czo1OiJfc2VsZiI7czoxMDoiY3JlYXRlZF9hdCI7czoxOToiMjAyMy0wNy0xNyAyMTo0ODoxMiI7czoxMDoidXBkYXRlZF9hdCI7czoxOToiMjAyMy0wNy0xNyAyMTo1MToxOCI7fXM6MTA6IgAqAGNoYW5nZXMiO2E6MDp7fXM6ODoiACoAY2FzdHMiO2E6MDp7fXM6MTc6IgAqAGNsYXNzQ2FzdENhY2hlIjthOjA6e31zOjg6IgAqAGRhdGVzIjthOjA6e31zOjEzOiIAKgBkYXRlRm9ybWF0IjtOO3M6MTA6IgAqAGFwcGVuZHMiO2E6MDp7fXM6MTk6IgAqAGRpc3BhdGNoZXNFdmVudHMiO2E6MDp7fXM6MTQ6IgAqAG9ic2VydmFibGVzIjthOjA6e31zOjEyOiIAKgByZWxhdGlvbnMiO2E6MTp7czo4OiJjaGlsZHJlbiI7TzoyNjoiVHlwaUNNU1xOZXN0YWJsZUNvbGxlY3Rpb24iOjg6e3M6ODoiACoAaXRlbXMiO2E6MDp7fXM6Mjg6IgAqAGVzY2FwZVdoZW5DYXN0aW5nVG9TdHJpbmciO2I6MDtzOjg6IgAqAHRvdGFsIjtpOjA7czoxNToiACoAcGFyZW50Q29sdW1uIjtzOjk6InBhcmVudF9pZCI7czozMzoiACoAcmVtb3ZlSXRlbXNXaXRoTWlzc2luZ0FuY2VzdG9yIjtiOjE7czoxNDoiACoAaW5kZW50Q2hhcnMiO3M6ODoiwqDCoMKgwqAiO3M6MTU6IgAqAGNoaWxkcmVuTmFtZSI7czo1OiJpdGVtcyI7czoxNzoiACoAcGFyZW50UmVsYXRpb24iO3M6NjoicGFyZW50Ijt9fXM6MTA6IgAqAHRvdWNoZXMiO2E6MDp7fXM6MTA6InRpbWVzdGFtcHMiO2I6MTtzOjk6IgAqAGhpZGRlbiI7YTowOnt9czoxMDoiACoAdmlzaWJsZSI7YTowOnt9czoxMToiACoAZmlsbGFibGUiO2E6OTp7aTowO3M6NzoibWVudV9pZCI7aToxO3M6NDoidHlwZSI7aToyO3M6MTE6Im1vZHVsZV9uYW1lIjtpOjM7czoxMzoiZGl2aWRlcl90aXRsZSI7aTo0O3M6MTA6Imljb25fY2xhc3MiO2k6NTtzOjM6InVybCI7aTo2O3M6NToib3JkZXIiO2k6NztzOjk6InBhcmVudF9pZCI7aTo4O3M6NjoidGFyZ2V0Ijt9czoxMDoiACoAZ3VhcmRlZCI7YToxOntpOjA7czoxOiIqIjt9fWk6MTtPOjE3OiJBcHBcTW9kZWxzXE1vZHVsZSI6Mjk6e3M6MTM6IgAqAGNvbm5lY3Rpb24iO3M6NToibXlzcWwiO3M6ODoiACoAdGFibGUiO3M6NzoibW9kdWxlcyI7czoxMzoiACoAcHJpbWFyeUtleSI7czoyOiJpZCI7czoxMDoiACoAa2V5VHlwZSI7czozOiJpbnQiO3M6MTI6ImluY3JlbWVudGluZyI7YjoxO3M6NzoiACoAd2l0aCI7YTowOnt9czoxMjoiACoAd2l0aENvdW50IjthOjA6e31zOjE5OiJwcmV2ZW50c0xhenlMb2FkaW5nIjtiOjA7czoxMDoiACoAcGVyUGFnZSI7aToxNTtzOjY6ImV4aXN0cyI7YjoxO3M6MTg6Indhc1JlY2VudGx5Q3JlYXRlZCI7YjowO3M6Mjg6IgAqAGVzY2FwZVdoZW5DYXN0aW5nVG9TdHJpbmciO2I6MDtzOjEzOiIAKgBhdHRyaWJ1dGVzIjthOjEyOntzOjI6ImlkIjtpOjI7czo3OiJtZW51X2lkIjtpOjE7czo0OiJ0eXBlIjtzOjE6IjEiO3M6MTE6Im1vZHVsZV9uYW1lIjtOO3M6MTM6ImRpdmlkZXJfdGl0bGUiO3M6NToiTWVudXMiO3M6MTA6Imljb25fY2xhc3MiO047czozOiJ1cmwiO047czo1OiJvcmRlciI7aToyO3M6OToicGFyZW50X2lkIjtOO3M6NjoidGFyZ2V0IjtOO3M6MTA6ImNyZWF0ZWRfYXQiO3M6MTk6IjIwMjMtMDctMTcgMjE6NDg6MTIiO3M6MTA6InVwZGF0ZWRfYXQiO3M6MTk6IjIwMjMtMDctMTcgMjE6NTE6MTgiO31zOjExOiIAKgBvcmlnaW5hbCI7YToxMjp7czoyOiJpZCI7aToyO3M6NzoibWVudV9pZCI7aToxO3M6NDoidHlwZSI7czoxOiIxIjtzOjExOiJtb2R1bGVfbmFtZSI7TjtzOjEzOiJkaXZpZGVyX3RpdGxlIjtzOjU6Ik1lbnVzIjtzOjEwOiJpY29uX2NsYXNzIjtOO3M6MzoidXJsIjtOO3M6NToib3JkZXIiO2k6MjtzOjk6InBhcmVudF9pZCI7TjtzOjY6InRhcmdldCI7TjtzOjEwOiJjcmVhdGVkX2F0IjtzOjE5OiIyMDIzLTA3LTE3IDIxOjQ4OjEyIjtzOjEwOiJ1cGRhdGVkX2F0IjtzOjE5OiIyMDIzLTA3LTE3IDIxOjUxOjE4Ijt9czoxMDoiACoAY2hhbmdlcyI7YTowOnt9czo4OiIAKgBjYXN0cyI7YTowOnt9czoxNzoiACoAY2xhc3NDYXN0Q2FjaGUiO2E6MDp7fXM6ODoiACoAZGF0ZXMiO2E6MDp7fXM6MTM6IgAqAGRhdGVGb3JtYXQiO047czoxMDoiACoAYXBwZW5kcyI7YTowOnt9czoxOToiACoAZGlzcGF0Y2hlc0V2ZW50cyI7YTowOnt9czoxNDoiACoAb2JzZXJ2YWJsZXMiO2E6MDp7fXM6MTI6IgAqAHJlbGF0aW9ucyI7YToxOntzOjg6ImNoaWxkcmVuIjtPOjI2OiJUeXBpQ01TXE5lc3RhYmxlQ29sbGVjdGlvbiI6ODp7czo4OiIAKgBpdGVtcyI7YTowOnt9czoyODoiACoAZXNjYXBlV2hlbkNhc3RpbmdUb1N0cmluZyI7YjowO3M6ODoiACoAdG90YWwiO2k6MDtzOjE1OiIAKgBwYXJlbnRDb2x1bW4iO3M6OToicGFyZW50X2lkIjtzOjMzOiIAKgByZW1vdmVJdGVtc1dpdGhNaXNzaW5nQW5jZXN0b3IiO2I6MTtzOjE0OiIAKgBpbmRlbnRDaGFycyI7czo4OiLCoMKgwqDCoCI7czoxNToiACoAY2hpbGRyZW5OYW1lIjtzOjU6Iml0ZW1zIjtzOjE3OiIAKgBwYXJlbnRSZWxhdGlvbiI7czo2OiJwYXJlbnQiO319czoxMDoiACoAdG91Y2hlcyI7YTowOnt9czoxMDoidGltZXN0YW1wcyI7YjoxO3M6OToiACoAaGlkZGVuIjthOjA6e31zOjEwOiIAKgB2aXNpYmxlIjthOjA6e31zOjExOiIAKgBmaWxsYWJsZSI7YTo5OntpOjA7czo3OiJtZW51X2lkIjtpOjE7czo0OiJ0eXBlIjtpOjI7czoxMToibW9kdWxlX25hbWUiO2k6MztzOjEzOiJkaXZpZGVyX3RpdGxlIjtpOjQ7czoxMDoiaWNvbl9jbGFzcyI7aTo1O3M6MzoidXJsIjtpOjY7czo1OiJvcmRlciI7aTo3O3M6OToicGFyZW50X2lkIjtpOjg7czo2OiJ0YXJnZXQiO31zOjEwOiIAKgBndWFyZGVkIjthOjE6e2k6MDtzOjE6IioiO319aToyO086MTc6IkFwcFxNb2RlbHNcTW9kdWxlIjoyOTp7czoxMzoiACoAY29ubmVjdGlvbiI7czo1OiJteXNxbCI7czo4OiIAKgB0YWJsZSI7czo3OiJtb2R1bGVzIjtzOjEzOiIAKgBwcmltYXJ5S2V5IjtzOjI6ImlkIjtzOjEwOiIAKgBrZXlUeXBlIjtzOjM6ImludCI7czoxMjoiaW5jcmVtZW50aW5nIjtiOjE7czo3OiIAKgB3aXRoIjthOjA6e31zOjEyOiIAKgB3aXRoQ291bnQiO2E6MDp7fXM6MTk6InByZXZlbnRzTGF6eUxvYWRpbmciO2I6MDtzOjEwOiIAKgBwZXJQYWdlIjtpOjE1O3M6NjoiZXhpc3RzIjtiOjE7czoxODoid2FzUmVjZW50bHlDcmVhdGVkIjtiOjA7czoyODoiACoAZXNjYXBlV2hlbkNhc3RpbmdUb1N0cmluZyI7YjowO3M6MTM6IgAqAGF0dHJpYnV0ZXMiO2E6MTI6e3M6MjoiaWQiO2k6MTY7czo3OiJtZW51X2lkIjtpOjE7czo0OiJ0eXBlIjtzOjE6IjIiO3M6MTE6Im1vZHVsZV9uYW1lIjtzOjY6IkRvY3RvciI7czoxMzoiZGl2aWRlcl90aXRsZSI7TjtzOjEwOiJpY29uX2NsYXNzIjtzOjEwOiJmYSBmYS11c2VyIjtzOjM6InVybCI7TjtzOjU6Im9yZGVyIjtpOjM7czo5OiJwYXJlbnRfaWQiO047czo2OiJ0YXJnZXQiO047czoxMDoiY3JlYXRlZF9hdCI7czoxOToiMjAyMy0wNy0xNyAyMTo1MDozNiI7czoxMDoidXBkYXRlZF9hdCI7czoxOToiMjAyMy0wNy0xNyAyMTo1MToxOCI7fXM6MTE6IgAqAG9yaWdpbmFsIjthOjEyOntzOjI6ImlkIjtpOjE2O3M6NzoibWVudV9pZCI7aToxO3M6NDoidHlwZSI7czoxOiIyIjtzOjExOiJtb2R1bGVfbmFtZSI7czo2OiJEb2N0b3IiO3M6MTM6ImRpdmlkZXJfdGl0bGUiO047czoxMDoiaWNvbl9jbGFzcyI7czoxMDoiZmEgZmEtdXNlciI7czozOiJ1cmwiO047czo1OiJvcmRlciI7aTozO3M6OToicGFyZW50X2lkIjtOO3M6NjoidGFyZ2V0IjtOO3M6MTA6ImNyZWF0ZWRfYXQiO3M6MTk6IjIwMjMtMDctMTcgMjE6NTA6MzYiO3M6MTA6InVwZGF0ZWRfYXQiO3M6MTk6IjIwMjMtMDctMTcgMjE6NTE6MTgiO31zOjEwOiIAKgBjaGFuZ2VzIjthOjA6e31zOjg6IgAqAGNhc3RzIjthOjA6e31zOjE3OiIAKgBjbGFzc0Nhc3RDYWNoZSI7YTowOnt9czo4OiIAKgBkYXRlcyI7YTowOnt9czoxMzoiACoAZGF0ZUZvcm1hdCI7TjtzOjEwOiIAKgBhcHBlbmRzIjthOjA6e31zOjE5OiIAKgBkaXNwYXRjaGVzRXZlbnRzIjthOjA6e31zOjE0OiIAKgBvYnNlcnZhYmxlcyI7YTowOnt9czoxMjoiACoAcmVsYXRpb25zIjthOjE6e3M6ODoiY2hpbGRyZW4iO086MjY6IlR5cGlDTVNcTmVzdGFibGVDb2xsZWN0aW9uIjo4OntzOjg6IgAqAGl0ZW1zIjthOjE6e2k6MDtPOjE3OiJBcHBcTW9kZWxzXE1vZHVsZSI6Mjk6e3M6MTM6IgAqAGNvbm5lY3Rpb24iO3M6NToibXlzcWwiO3M6ODoiACoAdGFibGUiO3M6NzoibW9kdWxlcyI7czoxMzoiACoAcHJpbWFyeUtleSI7czoyOiJpZCI7czoxMDoiACoAa2V5VHlwZSI7czozOiJpbnQiO3M6MTI6ImluY3JlbWVudGluZyI7YjoxO3M6NzoiACoAd2l0aCI7YTowOnt9czoxMjoiACoAd2l0aENvdW50IjthOjA6e31zOjE5OiJwcmV2ZW50c0xhenlMb2FkaW5nIjtiOjA7czoxMDoiACoAcGVyUGFnZSI7aToxNTtzOjY6ImV4aXN0cyI7YjoxO3M6MTg6Indhc1JlY2VudGx5Q3JlYXRlZCI7YjowO3M6Mjg6IgAqAGVzY2FwZVdoZW5DYXN0aW5nVG9TdHJpbmciO2I6MDtzOjEzOiIAKgBhdHRyaWJ1dGVzIjthOjEyOntzOjI6ImlkIjtpOjE3O3M6NzoibWVudV9pZCI7aToxO3M6NDoidHlwZSI7czoxOiIyIjtzOjExOiJtb2R1bGVfbmFtZSI7czoxMzoiTWFuYWdlIERvY3RvciI7czoxMzoiZGl2aWRlcl90aXRsZSI7TjtzOjEwOiJpY29uX2NsYXNzIjtOO3M6MzoidXJsIjtzOjEyOiJhZG1pbi9kb2N0b3IiO3M6NToib3JkZXIiO2k6MTtzOjk6InBhcmVudF9pZCI7aToxNjtzOjY6InRhcmdldCI7czo1OiJfc2VsZiI7czoxMDoiY3JlYXRlZF9hdCI7czoxOToiMjAyMy0wNy0xNyAyMTo1MTowMCI7czoxMDoidXBkYXRlZF9hdCI7czoxOToiMjAyMy0wNy0xNyAyMTo1MTowMiI7fXM6MTE6IgAqAG9yaWdpbmFsIjthOjEyOntzOjI6ImlkIjtpOjE3O3M6NzoibWVudV9pZCI7aToxO3M6NDoidHlwZSI7czoxOiIyIjtzOjExOiJtb2R1bGVfbmFtZSI7czoxMzoiTWFuYWdlIERvY3RvciI7czoxMzoiZGl2aWRlcl90aXRsZSI7TjtzOjEwOiJpY29uX2NsYXNzIjtOO3M6MzoidXJsIjtzOjEyOiJhZG1pbi9kb2N0b3IiO3M6NToib3JkZXIiO2k6MTtzOjk6InBhcmVudF9pZCI7aToxNjtzOjY6InRhcmdldCI7czo1OiJfc2VsZiI7czoxMDoiY3JlYXRlZF9hdCI7czoxOToiMjAyMy0wNy0xNyAyMTo1MTowMCI7czoxMDoidXBkYXRlZF9hdCI7czoxOToiMjAyMy0wNy0xNyAyMTo1MTowMiI7fXM6MTA6IgAqAGNoYW5nZXMiO2E6MDp7fXM6ODoiACoAY2FzdHMiO2E6MDp7fXM6MTc6IgAqAGNsYXNzQ2FzdENhY2hlIjthOjA6e31zOjg6IgAqAGRhdGVzIjthOjA6e31zOjEzOiIAKgBkYXRlRm9ybWF0IjtOO3M6MTA6IgAqAGFwcGVuZHMiO2E6MDp7fXM6MTk6IgAqAGRpc3BhdGNoZXNFdmVudHMiO2E6MDp7fXM6MTQ6IgAqAG9ic2VydmFibGVzIjthOjA6e31zOjEyOiIAKgByZWxhdGlvbnMiO2E6MTp7czo4OiJjaGlsZHJlbiI7TzoyNjoiVHlwaUNNU1xOZXN0YWJsZUNvbGxlY3Rpb24iOjg6e3M6ODoiACoAaXRlbXMiO2E6MDp7fXM6Mjg6IgAqAGVzY2FwZVdoZW5DYXN0aW5nVG9TdHJpbmciO2I6MDtzOjg6IgAqAHRvdGFsIjtpOjA7czoxNToiACoAcGFyZW50Q29sdW1uIjtzOjk6InBhcmVudF9pZCI7czozMzoiACoAcmVtb3ZlSXRlbXNXaXRoTWlzc2luZ0FuY2VzdG9yIjtiOjE7czoxNDoiACoAaW5kZW50Q2hhcnMiO3M6ODoiwqDCoMKgwqAiO3M6MTU6IgAqAGNoaWxkcmVuTmFtZSI7czo1OiJpdGVtcyI7czoxNzoiACoAcGFyZW50UmVsYXRpb24iO3M6NjoicGFyZW50Ijt9fXM6MTA6IgAqAHRvdWNoZXMiO2E6MDp7fXM6MTA6InRpbWVzdGFtcHMiO2I6MTtzOjk6IgAqAGhpZGRlbiI7YTowOnt9czoxMDoiACoAdmlzaWJsZSI7YTowOnt9czoxMToiACoAZmlsbGFibGUiO2E6OTp7aTowO3M6NzoibWVudV9pZCI7aToxO3M6NDoidHlwZSI7aToyO3M6MTE6Im1vZHVsZV9uYW1lIjtpOjM7czoxMzoiZGl2aWRlcl90aXRsZSI7aTo0O3M6MTA6Imljb25fY2xhc3MiO2k6NTtzOjM6InVybCI7aTo2O3M6NToib3JkZXIiO2k6NztzOjk6InBhcmVudF9pZCI7aTo4O3M6NjoidGFyZ2V0Ijt9czoxMDoiACoAZ3VhcmRlZCI7YToxOntpOjA7czoxOiIqIjt9fX1zOjI4OiIAKgBlc2NhcGVXaGVuQ2FzdGluZ1RvU3RyaW5nIjtiOjA7czo4OiIAKgB0b3RhbCI7aToxO3M6MTU6IgAqAHBhcmVudENvbHVtbiI7czo5OiJwYXJlbnRfaWQiO3M6MzM6IgAqAHJlbW92ZUl0ZW1zV2l0aE1pc3NpbmdBbmNlc3RvciI7YjoxO3M6MTQ6IgAqAGluZGVudENoYXJzIjtzOjg6IsKgwqDCoMKgIjtzOjE1OiIAKgBjaGlsZHJlbk5hbWUiO3M6NToiaXRlbXMiO3M6MTc6IgAqAHBhcmVudFJlbGF0aW9uIjtzOjY6InBhcmVudCI7fX1zOjEwOiIAKgB0b3VjaGVzIjthOjA6e31zOjEwOiJ0aW1lc3RhbXBzIjtiOjE7czo5OiIAKgBoaWRkZW4iO2E6MDp7fXM6MTA6IgAqAHZpc2libGUiO2E6MDp7fXM6MTE6IgAqAGZpbGxhYmxlIjthOjk6e2k6MDtzOjc6Im1lbnVfaWQiO2k6MTtzOjQ6InR5cGUiO2k6MjtzOjExOiJtb2R1bGVfbmFtZSI7aTozO3M6MTM6ImRpdmlkZXJfdGl0bGUiO2k6NDtzOjEwOiJpY29uX2NsYXNzIjtpOjU7czozOiJ1cmwiO2k6NjtzOjU6Im9yZGVyIjtpOjc7czo5OiJwYXJlbnRfaWQiO2k6ODtzOjY6InRhcmdldCI7fXM6MTA6IgAqAGd1YXJkZWQiO2E6MTp7aTowO3M6MToiKiI7fX1pOjM7TzoxNzoiQXBwXE1vZGVsc1xNb2R1bGUiOjI5OntzOjEzOiIAKgBjb25uZWN0aW9uIjtzOjU6Im15c3FsIjtzOjg6IgAqAHRhYmxlIjtzOjc6Im1vZHVsZXMiO3M6MTM6IgAqAHByaW1hcnlLZXkiO3M6MjoiaWQiO3M6MTA6IgAqAGtleVR5cGUiO3M6MzoiaW50IjtzOjEyOiJpbmNyZW1lbnRpbmciO2I6MTtzOjc6IgAqAHdpdGgiO2E6MDp7fXM6MTI6IgAqAHdpdGhDb3VudCI7YTowOnt9czoxOToicHJldmVudHNMYXp5TG9hZGluZyI7YjowO3M6MTA6IgAqAHBlclBhZ2UiO2k6MTU7czo2OiJleGlzdHMiO2I6MTtzOjE4OiJ3YXNSZWNlbnRseUNyZWF0ZWQiO2I6MDtzOjI4OiIAKgBlc2NhcGVXaGVuQ2FzdGluZ1RvU3RyaW5nIjtiOjA7czoxMzoiACoAYXR0cmlidXRlcyI7YToxMjp7czoyOiJpZCI7aToxNDtzOjc6Im1lbnVfaWQiO2k6MTtzOjQ6InR5cGUiO3M6MToiMiI7czoxMToibW9kdWxlX25hbWUiO3M6MTA6IkRlcGFydG1lbnQiO3M6MTM6ImRpdmlkZXJfdGl0bGUiO047czoxMDoiaWNvbl9jbGFzcyI7czoxMDoiZmEgZmEtbGlzdCI7czozOiJ1cmwiO047czo1OiJvcmRlciI7aTo0O3M6OToicGFyZW50X2lkIjtOO3M6NjoidGFyZ2V0IjtOO3M6MTA6ImNyZWF0ZWRfYXQiO3M6MTk6IjIwMjMtMDctMTcgMjE6NDk6NTMiO3M6MTA6InVwZGF0ZWRfYXQiO3M6MTk6IjIwMjMtMDctMTcgMjE6NTE6MTgiO31zOjExOiIAKgBvcmlnaW5hbCI7YToxMjp7czoyOiJpZCI7aToxNDtzOjc6Im1lbnVfaWQiO2k6MTtzOjQ6InR5cGUiO3M6MToiMiI7czoxMToibW9kdWxlX25hbWUiO3M6MTA6IkRlcGFydG1lbnQiO3M6MTM6ImRpdmlkZXJfdGl0bGUiO047czoxMDoiaWNvbl9jbGFzcyI7czoxMDoiZmEgZmEtbGlzdCI7czozOiJ1cmwiO047czo1OiJvcmRlciI7aTo0O3M6OToicGFyZW50X2lkIjtOO3M6NjoidGFyZ2V0IjtOO3M6MTA6ImNyZWF0ZWRfYXQiO3M6MTk6IjIwMjMtMDctMTcgMjE6NDk6NTMiO3M6MTA6InVwZGF0ZWRfYXQiO3M6MTk6IjIwMjMtMDctMTcgMjE6NTE6MTgiO31zOjEwOiIAKgBjaGFuZ2VzIjthOjA6e31zOjg6IgAqAGNhc3RzIjthOjA6e31zOjE3OiIAKgBjbGFzc0Nhc3RDYWNoZSI7YTowOnt9czo4OiIAKgBkYXRlcyI7YTowOnt9czoxMzoiACoAZGF0ZUZvcm1hdCI7TjtzOjEwOiIAKgBhcHBlbmRzIjthOjA6e31zOjE5OiIAKgBkaXNwYXRjaGVzRXZlbnRzIjthOjA6e31zOjE0OiIAKgBvYnNlcnZhYmxlcyI7YTowOnt9czoxMjoiACoAcmVsYXRpb25zIjthOjE6e3M6ODoiY2hpbGRyZW4iO086MjY6IlR5cGlDTVNcTmVzdGFibGVDb2xsZWN0aW9uIjo4OntzOjg6IgAqAGl0ZW1zIjthOjE6e2k6MDtPOjE3OiJBcHBcTW9kZWxzXE1vZHVsZSI6Mjk6e3M6MTM6IgAqAGNvbm5lY3Rpb24iO3M6NToibXlzcWwiO3M6ODoiACoAdGFibGUiO3M6NzoibW9kdWxlcyI7czoxMzoiACoAcHJpbWFyeUtleSI7czoyOiJpZCI7czoxMDoiACoAa2V5VHlwZSI7czozOiJpbnQiO3M6MTI6ImluY3JlbWVudGluZyI7YjoxO3M6NzoiACoAd2l0aCI7YTowOnt9czoxMjoiACoAd2l0aENvdW50IjthOjA6e31zOjE5OiJwcmV2ZW50c0xhenlMb2FkaW5nIjtiOjA7czoxMDoiACoAcGVyUGFnZSI7aToxNTtzOjY6ImV4aXN0cyI7YjoxO3M6MTg6Indhc1JlY2VudGx5Q3JlYXRlZCI7YjowO3M6Mjg6IgAqAGVzY2FwZVdoZW5DYXN0aW5nVG9TdHJpbmciO2I6MDtzOjEzOiIAKgBhdHRyaWJ1dGVzIjthOjEyOntzOjI6ImlkIjtpOjE1O3M6NzoibWVudV9pZCI7aToxO3M6NDoidHlwZSI7czoxOiIyIjtzOjExOiJtb2R1bGVfbmFtZSI7czoxNzoiTWFuYWdlIERlcGFydG1lbnQiO3M6MTM6ImRpdmlkZXJfdGl0bGUiO047czoxMDoiaWNvbl9jbGFzcyI7TjtzOjM6InVybCI7czoxNjoiYWRtaW4vZGVwYXJ0bWVudCI7czo1OiJvcmRlciI7aToxO3M6OToicGFyZW50X2lkIjtpOjE0O3M6NjoidGFyZ2V0IjtzOjU6Il9zZWxmIjtzOjEwOiJjcmVhdGVkX2F0IjtzOjE5OiIyMDIzLTA3LTE3IDIxOjUwOjE4IjtzOjEwOiJ1cGRhdGVkX2F0IjtzOjE5OiIyMDIzLTA3LTE3IDIxOjUxOjE5Ijt9czoxMToiACoAb3JpZ2luYWwiO2E6MTI6e3M6MjoiaWQiO2k6MTU7czo3OiJtZW51X2lkIjtpOjE7czo0OiJ0eXBlIjtzOjE6IjIiO3M6MTE6Im1vZHVsZV9uYW1lIjtzOjE3OiJNYW5hZ2UgRGVwYXJ0bWVudCI7czoxMzoiZGl2aWRlcl90aXRsZSI7TjtzOjEwOiJpY29uX2NsYXNzIjtOO3M6MzoidXJsIjtzOjE2OiJhZG1pbi9kZXBhcnRtZW50IjtzOjU6Im9yZGVyIjtpOjE7czo5OiJwYXJlbnRfaWQiO2k6MTQ7czo2OiJ0YXJnZXQiO3M6NToiX3NlbGYiO3M6MTA6ImNyZWF0ZWRfYXQiO3M6MTk6IjIwMjMtMDctMTcgMjE6NTA6MTgiO3M6MTA6InVwZGF0ZWRfYXQiO3M6MTk6IjIwMjMtMDctMTcgMjE6NTE6MTkiO31zOjEwOiIAKgBjaGFuZ2VzIjthOjA6e31zOjg6IgAqAGNhc3RzIjthOjA6e31zOjE3OiIAKgBjbGFzc0Nhc3RDYWNoZSI7YTowOnt9czo4OiIAKgBkYXRlcyI7YTowOnt9czoxMzoiACoAZGF0ZUZvcm1hdCI7TjtzOjEwOiIAKgBhcHBlbmRzIjthOjA6e31zOjE5OiIAKgBkaXNwYXRjaGVzRXZlbnRzIjthOjA6e31zOjE0OiIAKgBvYnNlcnZhYmxlcyI7YTowOnt9czoxMjoiACoAcmVsYXRpb25zIjthOjE6e3M6ODoiY2hpbGRyZW4iO086MjY6IlR5cGlDTVNcTmVzdGFibGVDb2xsZWN0aW9uIjo4OntzOjg6IgAqAGl0ZW1zIjthOjA6e31zOjI4OiIAKgBlc2NhcGVXaGVuQ2FzdGluZ1RvU3RyaW5nIjtiOjA7czo4OiIAKgB0b3RhbCI7aTowO3M6MTU6IgAqAHBhcmVudENvbHVtbiI7czo5OiJwYXJlbnRfaWQiO3M6MzM6IgAqAHJlbW92ZUl0ZW1zV2l0aE1pc3NpbmdBbmNlc3RvciI7YjoxO3M6MTQ6IgAqAGluZGVudENoYXJzIjtzOjg6IsKgwqDCoMKgIjtzOjE1OiIAKgBjaGlsZHJlbk5hbWUiO3M6NToiaXRlbXMiO3M6MTc6IgAqAHBhcmVudFJlbGF0aW9uIjtzOjY6InBhcmVudCI7fX1zOjEwOiIAKgB0b3VjaGVzIjthOjA6e31zOjEwOiJ0aW1lc3RhbXBzIjtiOjE7czo5OiIAKgBoaWRkZW4iO2E6MDp7fXM6MTA6IgAqAHZpc2libGUiO2E6MDp7fXM6MTE6IgAqAGZpbGxhYmxlIjthOjk6e2k6MDtzOjc6Im1lbnVfaWQiO2k6MTtzOjQ6InR5cGUiO2k6MjtzOjExOiJtb2R1bGVfbmFtZSI7aTozO3M6MTM6ImRpdmlkZXJfdGl0bGUiO2k6NDtzOjEwOiJpY29uX2NsYXNzIjtpOjU7czozOiJ1cmwiO2k6NjtzOjU6Im9yZGVyIjtpOjc7czo5OiJwYXJlbnRfaWQiO2k6ODtzOjY6InRhcmdldCI7fXM6MTA6IgAqAGd1YXJkZWQiO2E6MTp7aTowO3M6MToiKiI7fX19czoyODoiACoAZXNjYXBlV2hlbkNhc3RpbmdUb1N0cmluZyI7YjowO3M6ODoiACoAdG90YWwiO2k6MTtzOjE1OiIAKgBwYXJlbnRDb2x1bW4iO3M6OToicGFyZW50X2lkIjtzOjMzOiIAKgByZW1vdmVJdGVtc1dpdGhNaXNzaW5nQW5jZXN0b3IiO2I6MTtzOjE0OiIAKgBpbmRlbnRDaGFycyI7czo4OiLCoMKgwqDCoCI7czoxNToiACoAY2hpbGRyZW5OYW1lIjtzOjU6Iml0ZW1zIjtzOjE3OiIAKgBwYXJlbnRSZWxhdGlvbiI7czo2OiJwYXJlbnQiO319czoxMDoiACoAdG91Y2hlcyI7YTowOnt9czoxMDoidGltZXN0YW1wcyI7YjoxO3M6OToiACoAaGlkZGVuIjthOjA6e31zOjEwOiIAKgB2aXNpYmxlIjthOjA6e31zOjExOiIAKgBmaWxsYWJsZSI7YTo5OntpOjA7czo3OiJtZW51X2lkIjtpOjE7czo0OiJ0eXBlIjtpOjI7czoxMToibW9kdWxlX25hbWUiO2k6MztzOjEzOiJkaXZpZGVyX3RpdGxlIjtpOjQ7czoxMDoiaWNvbl9jbGFzcyI7aTo1O3M6MzoidXJsIjtpOjY7czo1OiJvcmRlciI7aTo3O3M6OToicGFyZW50X2lkIjtpOjg7czo2OiJ0YXJnZXQiO31zOjEwOiIAKgBndWFyZGVkIjthOjE6e2k6MDtzOjE6IioiO319aTo0O086MTc6IkFwcFxNb2RlbHNcTW9kdWxlIjoyOTp7czoxMzoiACoAY29ubmVjdGlvbiI7czo1OiJteXNxbCI7czo4OiIAKgB0YWJsZSI7czo3OiJtb2R1bGVzIjtzOjEzOiIAKgBwcmltYXJ5S2V5IjtzOjI6ImlkIjtzOjEwOiIAKgBrZXlUeXBlIjtzOjM6ImludCI7czoxMjoiaW5jcmVtZW50aW5nIjtiOjE7czo3OiIAKgB3aXRoIjthOjA6e31zOjEyOiIAKgB3aXRoQ291bnQiO2E6MDp7fXM6MTk6InByZXZlbnRzTGF6eUxvYWRpbmciO2I6MDtzOjEwOiIAKgBwZXJQYWdlIjtpOjE1O3M6NjoiZXhpc3RzIjtiOjE7czoxODoid2FzUmVjZW50bHlDcmVhdGVkIjtiOjA7czoyODoiACoAZXNjYXBlV2hlbkNhc3RpbmdUb1N0cmluZyI7YjowO3M6MTM6IgAqAGF0dHJpYnV0ZXMiO2E6MTI6e3M6MjoiaWQiO2k6MztzOjc6Im1lbnVfaWQiO2k6MTtzOjQ6InR5cGUiO3M6MToiMSI7czoxMToibW9kdWxlX25hbWUiO047czoxMzoiZGl2aWRlcl90aXRsZSI7czoxNDoiQWNjZXNzIENvbnRyb2wiO3M6MTA6Imljb25fY2xhc3MiO047czozOiJ1cmwiO047czo1OiJvcmRlciI7aTo1O3M6OToicGFyZW50X2lkIjtOO3M6NjoidGFyZ2V0IjtOO3M6MTA6ImNyZWF0ZWRfYXQiO3M6MTk6IjIwMjMtMDctMTcgMjE6NDg6MTIiO3M6MTA6InVwZGF0ZWRfYXQiO3M6MTk6IjIwMjMtMDctMTcgMjE6NTE6MTkiO31zOjExOiIAKgBvcmlnaW5hbCI7YToxMjp7czoyOiJpZCI7aTozO3M6NzoibWVudV9pZCI7aToxO3M6NDoidHlwZSI7czoxOiIxIjtzOjExOiJtb2R1bGVfbmFtZSI7TjtzOjEzOiJkaXZpZGVyX3RpdGxlIjtzOjE0OiJBY2Nlc3MgQ29udHJvbCI7czoxMDoiaWNvbl9jbGFzcyI7TjtzOjM6InVybCI7TjtzOjU6Im9yZGVyIjtpOjU7czo5OiJwYXJlbnRfaWQiO047czo2OiJ0YXJnZXQiO047czoxMDoiY3JlYXRlZF9hdCI7czoxOToiMjAyMy0wNy0xNyAyMTo0ODoxMiI7czoxMDoidXBkYXRlZF9hdCI7czoxOToiMjAyMy0wNy0xNyAyMTo1MToxOSI7fXM6MTA6IgAqAGNoYW5nZXMiO2E6MDp7fXM6ODoiACoAY2FzdHMiO2E6MDp7fXM6MTc6IgAqAGNsYXNzQ2FzdENhY2hlIjthOjA6e31zOjg6IgAqAGRhdGVzIjthOjA6e31zOjEzOiIAKgBkYXRlRm9ybWF0IjtOO3M6MTA6IgAqAGFwcGVuZHMiO2E6MDp7fXM6MTk6IgAqAGRpc3BhdGNoZXNFdmVudHMiO2E6MDp7fXM6MTQ6IgAqAG9ic2VydmFibGVzIjthOjA6e31zOjEyOiIAKgByZWxhdGlvbnMiO2E6MTp7czo4OiJjaGlsZHJlbiI7TzoyNjoiVHlwaUNNU1xOZXN0YWJsZUNvbGxlY3Rpb24iOjg6e3M6ODoiACoAaXRlbXMiO2E6MDp7fXM6Mjg6IgAqAGVzY2FwZVdoZW5DYXN0aW5nVG9TdHJpbmciO2I6MDtzOjg6IgAqAHRvdGFsIjtpOjA7czoxNToiACoAcGFyZW50Q29sdW1uIjtzOjk6InBhcmVudF9pZCI7czozMzoiACoAcmVtb3ZlSXRlbXNXaXRoTWlzc2luZ0FuY2VzdG9yIjtiOjE7czoxNDoiACoAaW5kZW50Q2hhcnMiO3M6ODoiwqDCoMKgwqAiO3M6MTU6IgAqAGNoaWxkcmVuTmFtZSI7czo1OiJpdGVtcyI7czoxNzoiACoAcGFyZW50UmVsYXRpb24iO3M6NjoicGFyZW50Ijt9fXM6MTA6IgAqAHRvdWNoZXMiO2E6MDp7fXM6MTA6InRpbWVzdGFtcHMiO2I6MTtzOjk6IgAqAGhpZGRlbiI7YTowOnt9czoxMDoiACoAdmlzaWJsZSI7YTowOnt9czoxMToiACoAZmlsbGFibGUiO2E6OTp7aTowO3M6NzoibWVudV9pZCI7aToxO3M6NDoidHlwZSI7aToyO3M6MTE6Im1vZHVsZV9uYW1lIjtpOjM7czoxMzoiZGl2aWRlcl90aXRsZSI7aTo0O3M6MTA6Imljb25fY2xhc3MiO2k6NTtzOjM6InVybCI7aTo2O3M6NToib3JkZXIiO2k6NztzOjk6InBhcmVudF9pZCI7aTo4O3M6NjoidGFyZ2V0Ijt9czoxMDoiACoAZ3VhcmRlZCI7YToxOntpOjA7czoxOiIqIjt9fWk6NTtPOjE3OiJBcHBcTW9kZWxzXE1vZHVsZSI6Mjk6e3M6MTM6IgAqAGNvbm5lY3Rpb24iO3M6NToibXlzcWwiO3M6ODoiACoAdGFibGUiO3M6NzoibW9kdWxlcyI7czoxMzoiACoAcHJpbWFyeUtleSI7czoyOiJpZCI7czoxMDoiACoAa2V5VHlwZSI7czozOiJpbnQiO3M6MTI6ImluY3JlbWVudGluZyI7YjoxO3M6NzoiACoAd2l0aCI7YTowOnt9czoxMjoiACoAd2l0aENvdW50IjthOjA6e31zOjE5OiJwcmV2ZW50c0xhenlMb2FkaW5nIjtiOjA7czoxMDoiACoAcGVyUGFnZSI7aToxNTtzOjY6ImV4aXN0cyI7YjoxO3M6MTg6Indhc1JlY2VudGx5Q3JlYXRlZCI7YjowO3M6Mjg6IgAqAGVzY2FwZVdoZW5DYXN0aW5nVG9TdHJpbmciO2I6MDtzOjEzOiIAKgBhdHRyaWJ1dGVzIjthOjEyOntzOjI6ImlkIjtpOjQ7czo3OiJtZW51X2lkIjtpOjE7czo0OiJ0eXBlIjtzOjE6IjIiO3M6MTE6Im1vZHVsZV9uYW1lIjtzOjQ6IlJvbGUiO3M6MTM6ImRpdmlkZXJfdGl0bGUiO047czoxMDoiaWNvbl9jbGFzcyI7czoxNToiZmFzIGZhLXVzZXItdGFnIjtzOjM6InVybCI7czo0OiJyb2xlIjtzOjU6Im9yZGVyIjtpOjY7czo5OiJwYXJlbnRfaWQiO047czo2OiJ0YXJnZXQiO3M6NToiX3NlbGYiO3M6MTA6ImNyZWF0ZWRfYXQiO3M6MTk6IjIwMjMtMDctMTcgMjE6NDg6MTIiO3M6MTA6InVwZGF0ZWRfYXQiO3M6MTk6IjIwMjMtMDctMTcgMjE6NTE6MTkiO31zOjExOiIAKgBvcmlnaW5hbCI7YToxMjp7czoyOiJpZCI7aTo0O3M6NzoibWVudV9pZCI7aToxO3M6NDoidHlwZSI7czoxOiIyIjtzOjExOiJtb2R1bGVfbmFtZSI7czo0OiJSb2xlIjtzOjEzOiJkaXZpZGVyX3RpdGxlIjtOO3M6MTA6Imljb25fY2xhc3MiO3M6MTU6ImZhcyBmYS11c2VyLXRhZyI7czozOiJ1cmwiO3M6NDoicm9sZSI7czo1OiJvcmRlciI7aTo2O3M6OToicGFyZW50X2lkIjtOO3M6NjoidGFyZ2V0IjtzOjU6Il9zZWxmIjtzOjEwOiJjcmVhdGVkX2F0IjtzOjE5OiIyMDIzLTA3LTE3IDIxOjQ4OjEyIjtzOjEwOiJ1cGRhdGVkX2F0IjtzOjE5OiIyMDIzLTA3LTE3IDIxOjUxOjE5Ijt9czoxMDoiACoAY2hhbmdlcyI7YTowOnt9czo4OiIAKgBjYXN0cyI7YTowOnt9czoxNzoiACoAY2xhc3NDYXN0Q2FjaGUiO2E6MDp7fXM6ODoiACoAZGF0ZXMiO2E6MDp7fXM6MTM6IgAqAGRhdGVGb3JtYXQiO047czoxMDoiACoAYXBwZW5kcyI7YTowOnt9czoxOToiACoAZGlzcGF0Y2hlc0V2ZW50cyI7YTowOnt9czoxNDoiACoAb2JzZXJ2YWJsZXMiO2E6MDp7fXM6MTI6IgAqAHJlbGF0aW9ucyI7YToxOntzOjg6ImNoaWxkcmVuIjtPOjI2OiJUeXBpQ01TXE5lc3RhYmxlQ29sbGVjdGlvbiI6ODp7czo4OiIAKgBpdGVtcyI7YTowOnt9czoyODoiACoAZXNjYXBlV2hlbkNhc3RpbmdUb1N0cmluZyI7YjowO3M6ODoiACoAdG90YWwiO2k6MDtzOjE1OiIAKgBwYXJlbnRDb2x1bW4iO3M6OToicGFyZW50X2lkIjtzOjMzOiIAKgByZW1vdmVJdGVtc1dpdGhNaXNzaW5nQW5jZXN0b3IiO2I6MTtzOjE0OiIAKgBpbmRlbnRDaGFycyI7czo4OiLCoMKgwqDCoCI7czoxNToiACoAY2hpbGRyZW5OYW1lIjtzOjU6Iml0ZW1zIjtzOjE3OiIAKgBwYXJlbnRSZWxhdGlvbiI7czo2OiJwYXJlbnQiO319czoxMDoiACoAdG91Y2hlcyI7YTowOnt9czoxMDoidGltZXN0YW1wcyI7YjoxO3M6OToiACoAaGlkZGVuIjthOjA6e31zOjEwOiIAKgB2aXNpYmxlIjthOjA6e31zOjExOiIAKgBmaWxsYWJsZSI7YTo5OntpOjA7czo3OiJtZW51X2lkIjtpOjE7czo0OiJ0eXBlIjtpOjI7czoxMToibW9kdWxlX25hbWUiO2k6MztzOjEzOiJkaXZpZGVyX3RpdGxlIjtpOjQ7czoxMDoiaWNvbl9jbGFzcyI7aTo1O3M6MzoidXJsIjtpOjY7czo1OiJvcmRlciI7aTo3O3M6OToicGFyZW50X2lkIjtpOjg7czo2OiJ0YXJnZXQiO31zOjEwOiIAKgBndWFyZGVkIjthOjE6e2k6MDtzOjE6IioiO319aTo2O086MTc6IkFwcFxNb2RlbHNcTW9kdWxlIjoyOTp7czoxMzoiACoAY29ubmVjdGlvbiI7czo1OiJteXNxbCI7czo4OiIAKgB0YWJsZSI7czo3OiJtb2R1bGVzIjtzOjEzOiIAKgBwcmltYXJ5S2V5IjtzOjI6ImlkIjtzOjEwOiIAKgBrZXlUeXBlIjtzOjM6ImludCI7czoxMjoiaW5jcmVtZW50aW5nIjtiOjE7czo3OiIAKgB3aXRoIjthOjA6e31zOjEyOiIAKgB3aXRoQ291bnQiO2E6MDp7fXM6MTk6InByZXZlbnRzTGF6eUxvYWRpbmciO2I6MDtzOjEwOiIAKgBwZXJQYWdlIjtpOjE1O3M6NjoiZXhpc3RzIjtiOjE7czoxODoid2FzUmVjZW50bHlDcmVhdGVkIjtiOjA7czoyODoiACoAZXNjYXBlV2hlbkNhc3RpbmdUb1N0cmluZyI7YjowO3M6MTM6IgAqAGF0dHJpYnV0ZXMiO2E6MTI6e3M6MjoiaWQiO2k6NTtzOjc6Im1lbnVfaWQiO2k6MTtzOjQ6InR5cGUiO3M6MToiMiI7czoxMToibW9kdWxlX25hbWUiO3M6NDoiVXNlciI7czoxMzoiZGl2aWRlcl90aXRsZSI7TjtzOjEwOiJpY29uX2NsYXNzIjtzOjEyOiJmYXMgZmEtdXNlcnMiO3M6MzoidXJsIjtzOjQ6InVzZXIiO3M6NToib3JkZXIiO2k6NztzOjk6InBhcmVudF9pZCI7TjtzOjY6InRhcmdldCI7czo1OiJfc2VsZiI7czoxMDoiY3JlYXRlZF9hdCI7czoxOToiMjAyMy0wNy0xNyAyMTo0ODoxMiI7czoxMDoidXBkYXRlZF9hdCI7czoxOToiMjAyMy0wNy0xNyAyMTo1MToxOSI7fXM6MTE6IgAqAG9yaWdpbmFsIjthOjEyOntzOjI6ImlkIjtpOjU7czo3OiJtZW51X2lkIjtpOjE7czo0OiJ0eXBlIjtzOjE6IjIiO3M6MTE6Im1vZHVsZV9uYW1lIjtzOjQ6IlVzZXIiO3M6MTM6ImRpdmlkZXJfdGl0bGUiO047czoxMDoiaWNvbl9jbGFzcyI7czoxMjoiZmFzIGZhLXVzZXJzIjtzOjM6InVybCI7czo0OiJ1c2VyIjtzOjU6Im9yZGVyIjtpOjc7czo5OiJwYXJlbnRfaWQiO047czo2OiJ0YXJnZXQiO3M6NToiX3NlbGYiO3M6MTA6ImNyZWF0ZWRfYXQiO3M6MTk6IjIwMjMtMDctMTcgMjE6NDg6MTIiO3M6MTA6InVwZGF0ZWRfYXQiO3M6MTk6IjIwMjMtMDctMTcgMjE6NTE6MTkiO31zOjEwOiIAKgBjaGFuZ2VzIjthOjA6e31zOjg6IgAqAGNhc3RzIjthOjA6e31zOjE3OiIAKgBjbGFzc0Nhc3RDYWNoZSI7YTowOnt9czo4OiIAKgBkYXRlcyI7YTowOnt9czoxMzoiACoAZGF0ZUZvcm1hdCI7TjtzOjEwOiIAKgBhcHBlbmRzIjthOjA6e31zOjE5OiIAKgBkaXNwYXRjaGVzRXZlbnRzIjthOjA6e31zOjE0OiIAKgBvYnNlcnZhYmxlcyI7YTowOnt9czoxMjoiACoAcmVsYXRpb25zIjthOjE6e3M6ODoiY2hpbGRyZW4iO086MjY6IlR5cGlDTVNcTmVzdGFibGVDb2xsZWN0aW9uIjo4OntzOjg6IgAqAGl0ZW1zIjthOjA6e31zOjI4OiIAKgBlc2NhcGVXaGVuQ2FzdGluZ1RvU3RyaW5nIjtiOjA7czo4OiIAKgB0b3RhbCI7aTowO3M6MTU6IgAqAHBhcmVudENvbHVtbiI7czo5OiJwYXJlbnRfaWQiO3M6MzM6IgAqAHJlbW92ZUl0ZW1zV2l0aE1pc3NpbmdBbmNlc3RvciI7YjoxO3M6MTQ6IgAqAGluZGVudENoYXJzIjtzOjg6IsKgwqDCoMKgIjtzOjE1OiIAKgBjaGlsZHJlbk5hbWUiO3M6NToiaXRlbXMiO3M6MTc6IgAqAHBhcmVudFJlbGF0aW9uIjtzOjY6InBhcmVudCI7fX1zOjEwOiIAKgB0b3VjaGVzIjthOjA6e31zOjEwOiJ0aW1lc3RhbXBzIjtiOjE7czo5OiIAKgBoaWRkZW4iO2E6MDp7fXM6MTA6IgAqAHZpc2libGUiO2E6MDp7fXM6MTE6IgAqAGZpbGxhYmxlIjthOjk6e2k6MDtzOjc6Im1lbnVfaWQiO2k6MTtzOjQ6InR5cGUiO2k6MjtzOjExOiJtb2R1bGVfbmFtZSI7aTozO3M6MTM6ImRpdmlkZXJfdGl0bGUiO2k6NDtzOjEwOiJpY29uX2NsYXNzIjtpOjU7czozOiJ1cmwiO2k6NjtzOjU6Im9yZGVyIjtpOjc7czo5OiJwYXJlbnRfaWQiO2k6ODtzOjY6InRhcmdldCI7fXM6MTA6IgAqAGd1YXJkZWQiO2E6MTp7aTowO3M6MToiKiI7fX1pOjc7TzoxNzoiQXBwXE1vZGVsc1xNb2R1bGUiOjI5OntzOjEzOiIAKgBjb25uZWN0aW9uIjtzOjU6Im15c3FsIjtzOjg6IgAqAHRhYmxlIjtzOjc6Im1vZHVsZXMiO3M6MTM6IgAqAHByaW1hcnlLZXkiO3M6MjoiaWQiO3M6MTA6IgAqAGtleVR5cGUiO3M6MzoiaW50IjtzOjEyOiJpbmNyZW1lbnRpbmciO2I6MTtzOjc6IgAqAHdpdGgiO2E6MDp7fXM6MTI6IgAqAHdpdGhDb3VudCI7YTowOnt9czoxOToicHJldmVudHNMYXp5TG9hZGluZyI7YjowO3M6MTA6IgAqAHBlclBhZ2UiO2k6MTU7czo2OiJleGlzdHMiO2I6MTtzOjE4OiJ3YXNSZWNlbnRseUNyZWF0ZWQiO2I6MDtzOjI4OiIAKgBlc2NhcGVXaGVuQ2FzdGluZ1RvU3RyaW5nIjtiOjA7czoxMzoiACoAYXR0cmlidXRlcyI7YToxMjp7czoyOiJpZCI7aTo2O3M6NzoibWVudV9pZCI7aToxO3M6NDoidHlwZSI7czoxOiIxIjtzOjExOiJtb2R1bGVfbmFtZSI7TjtzOjEzOiJkaXZpZGVyX3RpdGxlIjtzOjY6IlN5c3RlbSI7czoxMDoiaWNvbl9jbGFzcyI7TjtzOjM6InVybCI7TjtzOjU6Im9yZGVyIjtpOjg7czo5OiJwYXJlbnRfaWQiO047czo2OiJ0YXJnZXQiO047czoxMDoiY3JlYXRlZF9hdCI7czoxOToiMjAyMy0wNy0xNyAyMTo0ODoxMiI7czoxMDoidXBkYXRlZF9hdCI7czoxOToiMjAyMy0wNy0xNyAyMTo1MToxOSI7fXM6MTE6IgAqAG9yaWdpbmFsIjthOjEyOntzOjI6ImlkIjtpOjY7czo3OiJtZW51X2lkIjtpOjE7czo0OiJ0eXBlIjtzOjE6IjEiO3M6MTE6Im1vZHVsZV9uYW1lIjtOO3M6MTM6ImRpdmlkZXJfdGl0bGUiO3M6NjoiU3lzdGVtIjtzOjEwOiJpY29uX2NsYXNzIjtOO3M6MzoidXJsIjtOO3M6NToib3JkZXIiO2k6ODtzOjk6InBhcmVudF9pZCI7TjtzOjY6InRhcmdldCI7TjtzOjEwOiJjcmVhdGVkX2F0IjtzOjE5OiIyMDIzLTA3LTE3IDIxOjQ4OjEyIjtzOjEwOiJ1cGRhdGVkX2F0IjtzOjE5OiIyMDIzLTA3LTE3IDIxOjUxOjE5Ijt9czoxMDoiACoAY2hhbmdlcyI7YTowOnt9czo4OiIAKgBjYXN0cyI7YTowOnt9czoxNzoiACoAY2xhc3NDYXN0Q2FjaGUiO2E6MDp7fXM6ODoiACoAZGF0ZXMiO2E6MDp7fXM6MTM6IgAqAGRhdGVGb3JtYXQiO047czoxMDoiACoAYXBwZW5kcyI7YTowOnt9czoxOToiACoAZGlzcGF0Y2hlc0V2ZW50cyI7YTowOnt9czoxNDoiACoAb2JzZXJ2YWJsZXMiO2E6MDp7fXM6MTI6IgAqAHJlbGF0aW9ucyI7YToxOntzOjg6ImNoaWxkcmVuIjtPOjI2OiJUeXBpQ01TXE5lc3RhYmxlQ29sbGVjdGlvbiI6ODp7czo4OiIAKgBpdGVtcyI7YTowOnt9czoyODoiACoAZXNjYXBlV2hlbkNhc3RpbmdUb1N0cmluZyI7YjowO3M6ODoiACoAdG90YWwiO2k6MDtzOjE1OiIAKgBwYXJlbnRDb2x1bW4iO3M6OToicGFyZW50X2lkIjtzOjMzOiIAKgByZW1vdmVJdGVtc1dpdGhNaXNzaW5nQW5jZXN0b3IiO2I6MTtzOjE0OiIAKgBpbmRlbnRDaGFycyI7czo4OiLCoMKgwqDCoCI7czoxNToiACoAY2hpbGRyZW5OYW1lIjtzOjU6Iml0ZW1zIjtzOjE3OiIAKgBwYXJlbnRSZWxhdGlvbiI7czo2OiJwYXJlbnQiO319czoxMDoiACoAdG91Y2hlcyI7YTowOnt9czoxMDoidGltZXN0YW1wcyI7YjoxO3M6OToiACoAaGlkZGVuIjthOjA6e31zOjEwOiIAKgB2aXNpYmxlIjthOjA6e31zOjExOiIAKgBmaWxsYWJsZSI7YTo5OntpOjA7czo3OiJtZW51X2lkIjtpOjE7czo0OiJ0eXBlIjtpOjI7czoxMToibW9kdWxlX25hbWUiO2k6MztzOjEzOiJkaXZpZGVyX3RpdGxlIjtpOjQ7czoxMDoiaWNvbl9jbGFzcyI7aTo1O3M6MzoidXJsIjtpOjY7czo1OiJvcmRlciI7aTo3O3M6OToicGFyZW50X2lkIjtpOjg7czo2OiJ0YXJnZXQiO31zOjEwOiIAKgBndWFyZGVkIjthOjE6e2k6MDtzOjE6IioiO319aTo4O086MTc6IkFwcFxNb2RlbHNcTW9kdWxlIjoyOTp7czoxMzoiACoAY29ubmVjdGlvbiI7czo1OiJteXNxbCI7czo4OiIAKgB0YWJsZSI7czo3OiJtb2R1bGVzIjtzOjEzOiIAKgBwcmltYXJ5S2V5IjtzOjI6ImlkIjtzOjEwOiIAKgBrZXlUeXBlIjtzOjM6ImludCI7czoxMjoiaW5jcmVtZW50aW5nIjtiOjE7czo3OiIAKgB3aXRoIjthOjA6e31zOjEyOiIAKgB3aXRoQ291bnQiO2E6MDp7fXM6MTk6InByZXZlbnRzTGF6eUxvYWRpbmciO2I6MDtzOjEwOiIAKgBwZXJQYWdlIjtpOjE1O3M6NjoiZXhpc3RzIjtiOjE7czoxODoid2FzUmVjZW50bHlDcmVhdGVkIjtiOjA7czoyODoiACoAZXNjYXBlV2hlbkNhc3RpbmdUb1N0cmluZyI7YjowO3M6MTM6IgAqAGF0dHJpYnV0ZXMiO2E6MTI6e3M6MjoiaWQiO2k6NztzOjc6Im1lbnVfaWQiO2k6MTtzOjQ6InR5cGUiO3M6MToiMiI7czoxMToibW9kdWxlX25hbWUiO3M6NzoiU2V0dGluZyI7czoxMzoiZGl2aWRlcl90aXRsZSI7TjtzOjEwOiJpY29uX2NsYXNzIjtzOjExOiJmYXMgZmEtY29ncyI7czozOiJ1cmwiO047czo1OiJvcmRlciI7aTo5O3M6OToicGFyZW50X2lkIjtOO3M6NjoidGFyZ2V0IjtOO3M6MTA6ImNyZWF0ZWRfYXQiO3M6MTk6IjIwMjMtMDctMTcgMjE6NDg6MTIiO3M6MTA6InVwZGF0ZWRfYXQiO3M6MTk6IjIwMjMtMDctMTcgMjE6NTE6MTkiO31zOjExOiIAKgBvcmlnaW5hbCI7YToxMjp7czoyOiJpZCI7aTo3O3M6NzoibWVudV9pZCI7aToxO3M6NDoidHlwZSI7czoxOiIyIjtzOjExOiJtb2R1bGVfbmFtZSI7czo3OiJTZXR0aW5nIjtzOjEzOiJkaXZpZGVyX3RpdGxlIjtOO3M6MTA6Imljb25fY2xhc3MiO3M6MTE6ImZhcyBmYS1jb2dzIjtzOjM6InVybCI7TjtzOjU6Im9yZGVyIjtpOjk7czo5OiJwYXJlbnRfaWQiO047czo2OiJ0YXJnZXQiO047czoxMDoiY3JlYXRlZF9hdCI7czoxOToiMjAyMy0wNy0xNyAyMTo0ODoxMiI7czoxMDoidXBkYXRlZF9hdCI7czoxOToiMjAyMy0wNy0xNyAyMTo1MToxOSI7fXM6MTA6IgAqAGNoYW5nZXMiO2E6MDp7fXM6ODoiACoAY2FzdHMiO2E6MDp7fXM6MTc6IgAqAGNsYXNzQ2FzdENhY2hlIjthOjA6e31zOjg6IgAqAGRhdGVzIjthOjA6e31zOjEzOiIAKgBkYXRlRm9ybWF0IjtOO3M6MTA6IgAqAGFwcGVuZHMiO2E6MDp7fXM6MTk6IgAqAGRpc3BhdGNoZXNFdmVudHMiO2E6MDp7fXM6MTQ6IgAqAG9ic2VydmFibGVzIjthOjA6e31zOjEyOiIAKgByZWxhdGlvbnMiO2E6MTp7czo4OiJjaGlsZHJlbiI7TzoyNjoiVHlwaUNNU1xOZXN0YWJsZUNvbGxlY3Rpb24iOjg6e3M6ODoiACoAaXRlbXMiO2E6NDp7aTowO086MTc6IkFwcFxNb2RlbHNcTW9kdWxlIjoyOTp7czoxMzoiACoAY29ubmVjdGlvbiI7czo1OiJteXNxbCI7czo4OiIAKgB0YWJsZSI7czo3OiJtb2R1bGVzIjtzOjEzOiIAKgBwcmltYXJ5S2V5IjtzOjI6ImlkIjtzOjEwOiIAKgBrZXlUeXBlIjtzOjM6ImludCI7czoxMjoiaW5jcmVtZW50aW5nIjtiOjE7czo3OiIAKgB3aXRoIjthOjA6e31zOjEyOiIAKgB3aXRoQ291bnQiO2E6MDp7fXM6MTk6InByZXZlbnRzTGF6eUxvYWRpbmciO2I6MDtzOjEwOiIAKgBwZXJQYWdlIjtpOjE1O3M6NjoiZXhpc3RzIjtiOjE7czoxODoid2FzUmVjZW50bHlDcmVhdGVkIjtiOjA7czoyODoiACoAZXNjYXBlV2hlbkNhc3RpbmdUb1N0cmluZyI7YjowO3M6MTM6IgAqAGF0dHJpYnV0ZXMiO2E6MTI6e3M6MjoiaWQiO2k6ODtzOjc6Im1lbnVfaWQiO2k6MTtzOjQ6InR5cGUiO3M6MToiMiI7czoxMToibW9kdWxlX25hbWUiO3M6MTU6IkdlbmVyYWwgU2V0dGluZyI7czoxMzoiZGl2aWRlcl90aXRsZSI7TjtzOjEwOiJpY29uX2NsYXNzIjtOO3M6MzoidXJsIjtzOjc6InNldHRpbmciO3M6NToib3JkZXIiO2k6MTtzOjk6InBhcmVudF9pZCI7aTo3O3M6NjoidGFyZ2V0IjtzOjU6Il9zZWxmIjtzOjEwOiJjcmVhdGVkX2F0IjtzOjE5OiIyMDIzLTA3LTE3IDIxOjQ4OjEyIjtzOjEwOiJ1cGRhdGVkX2F0IjtOO31zOjExOiIAKgBvcmlnaW5hbCI7YToxMjp7czoyOiJpZCI7aTo4O3M6NzoibWVudV9pZCI7aToxO3M6NDoidHlwZSI7czoxOiIyIjtzOjExOiJtb2R1bGVfbmFtZSI7czoxNToiR2VuZXJhbCBTZXR0aW5nIjtzOjEzOiJkaXZpZGVyX3RpdGxlIjtOO3M6MTA6Imljb25fY2xhc3MiO047czozOiJ1cmwiO3M6Nzoic2V0dGluZyI7czo1OiJvcmRlciI7aToxO3M6OToicGFyZW50X2lkIjtpOjc7czo2OiJ0YXJnZXQiO3M6NToiX3NlbGYiO3M6MTA6ImNyZWF0ZWRfYXQiO3M6MTk6IjIwMjMtMDctMTcgMjE6NDg6MTIiO3M6MTA6InVwZGF0ZWRfYXQiO047fXM6MTA6IgAqAGNoYW5nZXMiO2E6MDp7fXM6ODoiACoAY2FzdHMiO2E6MDp7fXM6MTc6IgAqAGNsYXNzQ2FzdENhY2hlIjthOjA6e31zOjg6IgAqAGRhdGVzIjthOjA6e31zOjEzOiIAKgBkYXRlRm9ybWF0IjtOO3M6MTA6IgAqAGFwcGVuZHMiO2E6MDp7fXM6MTk6IgAqAGRpc3BhdGNoZXNFdmVudHMiO2E6MDp7fXM6MTQ6IgAqAG9ic2VydmFibGVzIjthOjA6e31zOjEyOiIAKgByZWxhdGlvbnMiO2E6MTp7czo4OiJjaGlsZHJlbiI7TzoyNjoiVHlwaUNNU1xOZXN0YWJsZUNvbGxlY3Rpb24iOjg6e3M6ODoiACoAaXRlbXMiO2E6MDp7fXM6Mjg6IgAqAGVzY2FwZVdoZW5DYXN0aW5nVG9TdHJpbmciO2I6MDtzOjg6IgAqAHRvdGFsIjtpOjA7czoxNToiACoAcGFyZW50Q29sdW1uIjtzOjk6InBhcmVudF9pZCI7czozMzoiACoAcmVtb3ZlSXRlbXNXaXRoTWlzc2luZ0FuY2VzdG9yIjtiOjE7czoxNDoiACoAaW5kZW50Q2hhcnMiO3M6ODoiwqDCoMKgwqAiO3M6MTU6IgAqAGNoaWxkcmVuTmFtZSI7czo1OiJpdGVtcyI7czoxNzoiACoAcGFyZW50UmVsYXRpb24iO3M6NjoicGFyZW50Ijt9fXM6MTA6IgAqAHRvdWNoZXMiO2E6MDp7fXM6MTA6InRpbWVzdGFtcHMiO2I6MTtzOjk6IgAqAGhpZGRlbiI7YTowOnt9czoxMDoiACoAdmlzaWJsZSI7YTowOnt9czoxMToiACoAZmlsbGFibGUiO2E6OTp7aTowO3M6NzoibWVudV9pZCI7aToxO3M6NDoidHlwZSI7aToyO3M6MTE6Im1vZHVsZV9uYW1lIjtpOjM7czoxMzoiZGl2aWRlcl90aXRsZSI7aTo0O3M6MTA6Imljb25fY2xhc3MiO2k6NTtzOjM6InVybCI7aTo2O3M6NToib3JkZXIiO2k6NztzOjk6InBhcmVudF9pZCI7aTo4O3M6NjoidGFyZ2V0Ijt9czoxMDoiACoAZ3VhcmRlZCI7YToxOntpOjA7czoxOiIqIjt9fWk6MTtPOjE3OiJBcHBcTW9kZWxzXE1vZHVsZSI6Mjk6e3M6MTM6IgAqAGNvbm5lY3Rpb24iO3M6NToibXlzcWwiO3M6ODoiACoAdGFibGUiO3M6NzoibW9kdWxlcyI7czoxMzoiACoAcHJpbWFyeUtleSI7czoyOiJpZCI7czoxMDoiACoAa2V5VHlwZSI7czozOiJpbnQiO3M6MTI6ImluY3JlbWVudGluZyI7YjoxO3M6NzoiACoAd2l0aCI7YTowOnt9czoxMjoiACoAd2l0aENvdW50IjthOjA6e31zOjE5OiJwcmV2ZW50c0xhenlMb2FkaW5nIjtiOjA7czoxMDoiACoAcGVyUGFnZSI7aToxNTtzOjY6ImV4aXN0cyI7YjoxO3M6MTg6Indhc1JlY2VudGx5Q3JlYXRlZCI7YjowO3M6Mjg6IgAqAGVzY2FwZVdoZW5DYXN0aW5nVG9TdHJpbmciO2I6MDtzOjEzOiIAKgBhdHRyaWJ1dGVzIjthOjEyOntzOjI6ImlkIjtpOjk7czo3OiJtZW51X2lkIjtpOjE7czo0OiJ0eXBlIjtzOjE6IjIiO3M6MTE6Im1vZHVsZV9uYW1lIjtzOjE0OiJDdXN0b21lciBHcm91cCI7czoxMzoiZGl2aWRlcl90aXRsZSI7TjtzOjEwOiJpY29uX2NsYXNzIjtOO3M6MzoidXJsIjtzOjE0OiJjdXN0b21lci1ncm91cCI7czo1OiJvcmRlciI7aToyO3M6OToicGFyZW50X2lkIjtpOjc7czo2OiJ0YXJnZXQiO3M6NToiX3NlbGYiO3M6MTA6ImNyZWF0ZWRfYXQiO3M6MTk6IjIwMjMtMDctMTcgMjE6NDg6MTIiO3M6MTA6InVwZGF0ZWRfYXQiO047fXM6MTE6IgAqAG9yaWdpbmFsIjthOjEyOntzOjI6ImlkIjtpOjk7czo3OiJtZW51X2lkIjtpOjE7czo0OiJ0eXBlIjtzOjE6IjIiO3M6MTE6Im1vZHVsZV9uYW1lIjtzOjE0OiJDdXN0b21lciBHcm91cCI7czoxMzoiZGl2aWRlcl90aXRsZSI7TjtzOjEwOiJpY29uX2NsYXNzIjtOO3M6MzoidXJsIjtzOjE0OiJjdXN0b21lci1ncm91cCI7czo1OiJvcmRlciI7aToyO3M6OToicGFyZW50X2lkIjtpOjc7czo2OiJ0YXJnZXQiO3M6NToiX3NlbGYiO3M6MTA6ImNyZWF0ZWRfYXQiO3M6MTk6IjIwMjMtMDctMTcgMjE6NDg6MTIiO3M6MTA6InVwZGF0ZWRfYXQiO047fXM6MTA6IgAqAGNoYW5nZXMiO2E6MDp7fXM6ODoiACoAY2FzdHMiO2E6MDp7fXM6MTc6IgAqAGNsYXNzQ2FzdENhY2hlIjthOjA6e31zOjg6IgAqAGRhdGVzIjthOjA6e31zOjEzOiIAKgBkYXRlRm9ybWF0IjtOO3M6MTA6IgAqAGFwcGVuZHMiO2E6MDp7fXM6MTk6IgAqAGRpc3BhdGNoZXNFdmVudHMiO2E6MDp7fXM6MTQ6IgAqAG9ic2VydmFibGVzIjthOjA6e31zOjEyOiIAKgByZWxhdGlvbnMiO2E6MTp7czo4OiJjaGlsZHJlbiI7TzoyNjoiVHlwaUNNU1xOZXN0YWJsZUNvbGxlY3Rpb24iOjg6e3M6ODoiACoAaXRlbXMiO2E6MDp7fXM6Mjg6IgAqAGVzY2FwZVdoZW5DYXN0aW5nVG9TdHJpbmciO2I6MDtzOjg6IgAqAHRvdGFsIjtpOjA7czoxNToiACoAcGFyZW50Q29sdW1uIjtzOjk6InBhcmVudF9pZCI7czozMzoiACoAcmVtb3ZlSXRlbXNXaXRoTWlzc2luZ0FuY2VzdG9yIjtiOjE7czoxNDoiACoAaW5kZW50Q2hhcnMiO3M6ODoiwqDCoMKgwqAiO3M6MTU6IgAqAGNoaWxkcmVuTmFtZSI7czo1OiJpdGVtcyI7czoxNzoiACoAcGFyZW50UmVsYXRpb24iO3M6NjoicGFyZW50Ijt9fXM6MTA6IgAqAHRvdWNoZXMiO2E6MDp7fXM6MTA6InRpbWVzdGFtcHMiO2I6MTtzOjk6IgAqAGhpZGRlbiI7YTowOnt9czoxMDoiACoAdmlzaWJsZSI7YTowOnt9czoxMToiACoAZmlsbGFibGUiO2E6OTp7aTowO3M6NzoibWVudV9pZCI7aToxO3M6NDoidHlwZSI7aToyO3M6MTE6Im1vZHVsZV9uYW1lIjtpOjM7czoxMzoiZGl2aWRlcl90aXRsZSI7aTo0O3M6MTA6Imljb25fY2xhc3MiO2k6NTtzOjM6InVybCI7aTo2O3M6NToib3JkZXIiO2k6NztzOjk6InBhcmVudF9pZCI7aTo4O3M6NjoidGFyZ2V0Ijt9czoxMDoiACoAZ3VhcmRlZCI7YToxOntpOjA7czoxOiIqIjt9fWk6MjtPOjE3OiJBcHBcTW9kZWxzXE1vZHVsZSI6Mjk6e3M6MTM6IgAqAGNvbm5lY3Rpb24iO3M6NToibXlzcWwiO3M6ODoiACoAdGFibGUiO3M6NzoibW9kdWxlcyI7czoxMzoiACoAcHJpbWFyeUtleSI7czoyOiJpZCI7czoxMDoiACoAa2V5VHlwZSI7czozOiJpbnQiO3M6MTI6ImluY3JlbWVudGluZyI7YjoxO3M6NzoiACoAd2l0aCI7YTowOnt9czoxMjoiACoAd2l0aENvdW50IjthOjA6e31zOjE5OiJwcmV2ZW50c0xhenlMb2FkaW5nIjtiOjA7czoxMDoiACoAcGVyUGFnZSI7aToxNTtzOjY6ImV4aXN0cyI7YjoxO3M6MTg6Indhc1JlY2VudGx5Q3JlYXRlZCI7YjowO3M6Mjg6IgAqAGVzY2FwZVdoZW5DYXN0aW5nVG9TdHJpbmciO2I6MDtzOjEzOiIAKgBhdHRyaWJ1dGVzIjthOjEyOntzOjI6ImlkIjtpOjEwO3M6NzoibWVudV9pZCI7aToxO3M6NDoidHlwZSI7czoxOiIyIjtzOjExOiJtb2R1bGVfbmFtZSI7czo0OiJVbml0IjtzOjEzOiJkaXZpZGVyX3RpdGxlIjtOO3M6MTA6Imljb25fY2xhc3MiO047czozOiJ1cmwiO3M6NDoidW5pdCI7czo1OiJvcmRlciI7aTozO3M6OToicGFyZW50X2lkIjtpOjc7czo2OiJ0YXJnZXQiO3M6NToiX3NlbGYiO3M6MTA6ImNyZWF0ZWRfYXQiO3M6MTk6IjIwMjMtMDctMTcgMjE6NDg6MTIiO3M6MTA6InVwZGF0ZWRfYXQiO047fXM6MTE6IgAqAG9yaWdpbmFsIjthOjEyOntzOjI6ImlkIjtpOjEwO3M6NzoibWVudV9pZCI7aToxO3M6NDoidHlwZSI7czoxOiIyIjtzOjExOiJtb2R1bGVfbmFtZSI7czo0OiJVbml0IjtzOjEzOiJkaXZpZGVyX3RpdGxlIjtOO3M6MTA6Imljb25fY2xhc3MiO047czozOiJ1cmwiO3M6NDoidW5pdCI7czo1OiJvcmRlciI7aTozO3M6OToicGFyZW50X2lkIjtpOjc7czo2OiJ0YXJnZXQiO3M6NToiX3NlbGYiO3M6MTA6ImNyZWF0ZWRfYXQiO3M6MTk6IjIwMjMtMDctMTcgMjE6NDg6MTIiO3M6MTA6InVwZGF0ZWRfYXQiO047fXM6MTA6IgAqAGNoYW5nZXMiO2E6MDp7fXM6ODoiACoAY2FzdHMiO2E6MDp7fXM6MTc6IgAqAGNsYXNzQ2FzdENhY2hlIjthOjA6e31zOjg6IgAqAGRhdGVzIjthOjA6e31zOjEzOiIAKgBkYXRlRm9ybWF0IjtOO3M6MTA6IgAqAGFwcGVuZHMiO2E6MDp7fXM6MTk6IgAqAGRpc3BhdGNoZXNFdmVudHMiO2E6MDp7fXM6MTQ6IgAqAG9ic2VydmFibGVzIjthOjA6e31zOjEyOiIAKgByZWxhdGlvbnMiO2E6MTp7czo4OiJjaGlsZHJlbiI7TzoyNjoiVHlwaUNNU1xOZXN0YWJsZUNvbGxlY3Rpb24iOjg6e3M6ODoiACoAaXRlbXMiO2E6MDp7fXM6Mjg6IgAqAGVzY2FwZVdoZW5DYXN0aW5nVG9TdHJpbmciO2I6MDtzOjg6IgAqAHRvdGFsIjtpOjA7czoxNToiACoAcGFyZW50Q29sdW1uIjtzOjk6InBhcmVudF9pZCI7czozMzoiACoAcmVtb3ZlSXRlbXNXaXRoTWlzc2luZ0FuY2VzdG9yIjtiOjE7czoxNDoiACoAaW5kZW50Q2hhcnMiO3M6ODoiwqDCoMKgwqAiO3M6MTU6IgAqAGNoaWxkcmVuTmFtZSI7czo1OiJpdGVtcyI7czoxNzoiACoAcGFyZW50UmVsYXRpb24iO3M6NjoicGFyZW50Ijt9fXM6MTA6IgAqAHRvdWNoZXMiO2E6MDp7fXM6MTA6InRpbWVzdGFtcHMiO2I6MTtzOjk6IgAqAGhpZGRlbiI7YTowOnt9czoxMDoiACoAdmlzaWJsZSI7YTowOnt9czoxMToiACoAZmlsbGFibGUiO2E6OTp7aTowO3M6NzoibWVudV9pZCI7aToxO3M6NDoidHlwZSI7aToyO3M6MTE6Im1vZHVsZV9uYW1lIjtpOjM7czoxMzoiZGl2aWRlcl90aXRsZSI7aTo0O3M6MTA6Imljb25fY2xhc3MiO2k6NTtzOjM6InVybCI7aTo2O3M6NToib3JkZXIiO2k6NztzOjk6InBhcmVudF9pZCI7aTo4O3M6NjoidGFyZ2V0Ijt9czoxMDoiACoAZ3VhcmRlZCI7YToxOntpOjA7czoxOiIqIjt9fWk6MztPOjE3OiJBcHBcTW9kZWxzXE1vZHVsZSI6Mjk6e3M6MTM6IgAqAGNvbm5lY3Rpb24iO3M6NToibXlzcWwiO3M6ODoiACoAdGFibGUiO3M6NzoibW9kdWxlcyI7czoxMzoiACoAcHJpbWFyeUtleSI7czoyOiJpZCI7czoxMDoiACoAa2V5VHlwZSI7czozOiJpbnQiO3M6MTI6ImluY3JlbWVudGluZyI7YjoxO3M6NzoiACoAd2l0aCI7YTowOnt9czoxMjoiACoAd2l0aENvdW50IjthOjA6e31zOjE5OiJwcmV2ZW50c0xhenlMb2FkaW5nIjtiOjA7czoxMDoiACoAcGVyUGFnZSI7aToxNTtzOjY6ImV4aXN0cyI7YjoxO3M6MTg6Indhc1JlY2VudGx5Q3JlYXRlZCI7YjowO3M6Mjg6IgAqAGVzY2FwZVdoZW5DYXN0aW5nVG9TdHJpbmciO2I6MDtzOjEzOiIAKgBhdHRyaWJ1dGVzIjthOjEyOntzOjI6ImlkIjtpOjExO3M6NzoibWVudV9pZCI7aToxO3M6NDoidHlwZSI7czoxOiIyIjtzOjExOiJtb2R1bGVfbmFtZSI7czozOiJUYXgiO3M6MTM6ImRpdmlkZXJfdGl0bGUiO047czoxMDoiaWNvbl9jbGFzcyI7TjtzOjM6InVybCI7czozOiJ0YXgiO3M6NToib3JkZXIiO2k6NDtzOjk6InBhcmVudF9pZCI7aTo3O3M6NjoidGFyZ2V0IjtzOjU6Il9zZWxmIjtzOjEwOiJjcmVhdGVkX2F0IjtzOjE5OiIyMDIzLTA3LTE3IDIxOjQ4OjEyIjtzOjEwOiJ1cGRhdGVkX2F0IjtOO31zOjExOiIAKgBvcmlnaW5hbCI7YToxMjp7czoyOiJpZCI7aToxMTtzOjc6Im1lbnVfaWQiO2k6MTtzOjQ6InR5cGUiO3M6MToiMiI7czoxMToibW9kdWxlX25hbWUiO3M6MzoiVGF4IjtzOjEzOiJkaXZpZGVyX3RpdGxlIjtOO3M6MTA6Imljb25fY2xhc3MiO047czozOiJ1cmwiO3M6MzoidGF4IjtzOjU6Im9yZGVyIjtpOjQ7czo5OiJwYXJlbnRfaWQiO2k6NztzOjY6InRhcmdldCI7czo1OiJfc2VsZiI7czoxMDoiY3JlYXRlZF9hdCI7czoxOToiMjAyMy0wNy0xNyAyMTo0ODoxMiI7czoxMDoidXBkYXRlZF9hdCI7Tjt9czoxMDoiACoAY2hhbmdlcyI7YTowOnt9czo4OiIAKgBjYXN0cyI7YTowOnt9czoxNzoiACoAY2xhc3NDYXN0Q2FjaGUiO2E6MDp7fXM6ODoiACoAZGF0ZXMiO2E6MDp7fXM6MTM6IgAqAGRhdGVGb3JtYXQiO047czoxMDoiACoAYXBwZW5kcyI7YTowOnt9czoxOToiACoAZGlzcGF0Y2hlc0V2ZW50cyI7YTowOnt9czoxNDoiACoAb2JzZXJ2YWJsZXMiO2E6MDp7fXM6MTI6IgAqAHJlbGF0aW9ucyI7YToxOntzOjg6ImNoaWxkcmVuIjtPOjI2OiJUeXBpQ01TXE5lc3RhYmxlQ29sbGVjdGlvbiI6ODp7czo4OiIAKgBpdGVtcyI7YTowOnt9czoyODoiACoAZXNjYXBlV2hlbkNhc3RpbmdUb1N0cmluZyI7YjowO3M6ODoiACoAdG90YWwiO2k6MDtzOjE1OiIAKgBwYXJlbnRDb2x1bW4iO3M6OToicGFyZW50X2lkIjtzOjMzOiIAKgByZW1vdmVJdGVtc1dpdGhNaXNzaW5nQW5jZXN0b3IiO2I6MTtzOjE0OiIAKgBpbmRlbnRDaGFycyI7czo4OiLCoMKgwqDCoCI7czoxNToiACoAY2hpbGRyZW5OYW1lIjtzOjU6Iml0ZW1zIjtzOjE3OiIAKgBwYXJlbnRSZWxhdGlvbiI7czo2OiJwYXJlbnQiO319czoxMDoiACoAdG91Y2hlcyI7YTowOnt9czoxMDoidGltZXN0YW1wcyI7YjoxO3M6OToiACoAaGlkZGVuIjthOjA6e31zOjEwOiIAKgB2aXNpYmxlIjthOjA6e31zOjExOiIAKgBmaWxsYWJsZSI7YTo5OntpOjA7czo3OiJtZW51X2lkIjtpOjE7czo0OiJ0eXBlIjtpOjI7czoxMToibW9kdWxlX25hbWUiO2k6MztzOjEzOiJkaXZpZGVyX3RpdGxlIjtpOjQ7czoxMDoiaWNvbl9jbGFzcyI7aTo1O3M6MzoidXJsIjtpOjY7czo1OiJvcmRlciI7aTo3O3M6OToicGFyZW50X2lkIjtpOjg7czo2OiJ0YXJnZXQiO31zOjEwOiIAKgBndWFyZGVkIjthOjE6e2k6MDtzOjE6IioiO319fXM6Mjg6IgAqAGVzY2FwZVdoZW5DYXN0aW5nVG9TdHJpbmciO2I6MDtzOjg6IgAqAHRvdGFsIjtpOjQ7czoxNToiACoAcGFyZW50Q29sdW1uIjtzOjk6InBhcmVudF9pZCI7czozMzoiACoAcmVtb3ZlSXRlbXNXaXRoTWlzc2luZ0FuY2VzdG9yIjtiOjE7czoxNDoiACoAaW5kZW50Q2hhcnMiO3M6ODoiwqDCoMKgwqAiO3M6MTU6IgAqAGNoaWxkcmVuTmFtZSI7czo1OiJpdGVtcyI7czoxNzoiACoAcGFyZW50UmVsYXRpb24iO3M6NjoicGFyZW50Ijt9fXM6MTA6IgAqAHRvdWNoZXMiO2E6MDp7fXM6MTA6InRpbWVzdGFtcHMiO2I6MTtzOjk6IgAqAGhpZGRlbiI7YTowOnt9czoxMDoiACoAdmlzaWJsZSI7YTowOnt9czoxMToiACoAZmlsbGFibGUiO2E6OTp7aTowO3M6NzoibWVudV9pZCI7aToxO3M6NDoidHlwZSI7aToyO3M6MTE6Im1vZHVsZV9uYW1lIjtpOjM7czoxMzoiZGl2aWRlcl90aXRsZSI7aTo0O3M6MTA6Imljb25fY2xhc3MiO2k6NTtzOjM6InVybCI7aTo2O3M6NToib3JkZXIiO2k6NztzOjk6InBhcmVudF9pZCI7aTo4O3M6NjoidGFyZ2V0Ijt9czoxMDoiACoAZ3VhcmRlZCI7YToxOntpOjA7czoxOiIqIjt9fWk6OTtPOjE3OiJBcHBcTW9kZWxzXE1vZHVsZSI6Mjk6e3M6MTM6IgAqAGNvbm5lY3Rpb24iO3M6NToibXlzcWwiO3M6ODoiACoAdGFibGUiO3M6NzoibW9kdWxlcyI7czoxMzoiACoAcHJpbWFyeUtleSI7czoyOiJpZCI7czoxMDoiACoAa2V5VHlwZSI7czozOiJpbnQiO3M6MTI6ImluY3JlbWVudGluZyI7YjoxO3M6NzoiACoAd2l0aCI7YTowOnt9czoxMjoiACoAd2l0aENvdW50IjthOjA6e31zOjE5OiJwcmV2ZW50c0xhenlMb2FkaW5nIjtiOjA7czoxMDoiACoAcGVyUGFnZSI7aToxNTtzOjY6ImV4aXN0cyI7YjoxO3M6MTg6Indhc1JlY2VudGx5Q3JlYXRlZCI7YjowO3M6Mjg6IgAqAGVzY2FwZVdoZW5DYXN0aW5nVG9TdHJpbmciO2I6MDtzOjEzOiIAKgBhdHRyaWJ1dGVzIjthOjEyOntzOjI6ImlkIjtpOjEyO3M6NzoibWVudV9pZCI7aToxO3M6NDoidHlwZSI7czoxOiIyIjtzOjExOiJtb2R1bGVfbmFtZSI7czo0OiJNZW51IjtzOjEzOiJkaXZpZGVyX3RpdGxlIjtOO3M6MTA6Imljb25fY2xhc3MiO3M6MTQ6ImZhcyBmYS10aC1saXN0IjtzOjM6InVybCI7czo0OiJtZW51IjtzOjU6Im9yZGVyIjtpOjEwO3M6OToicGFyZW50X2lkIjtOO3M6NjoidGFyZ2V0IjtzOjU6Il9zZWxmIjtzOjEwOiJjcmVhdGVkX2F0IjtzOjE5OiIyMDIzLTA3LTE3IDIxOjQ4OjEyIjtzOjEwOiJ1cGRhdGVkX2F0IjtzOjE5OiIyMDIzLTA3LTE3IDIxOjUxOjE5Ijt9czoxMToiACoAb3JpZ2luYWwiO2E6MTI6e3M6MjoiaWQiO2k6MTI7czo3OiJtZW51X2lkIjtpOjE7czo0OiJ0eXBlIjtzOjE6IjIiO3M6MTE6Im1vZHVsZV9uYW1lIjtzOjQ6Ik1lbnUiO3M6MTM6ImRpdmlkZXJfdGl0bGUiO047czoxMDoiaWNvbl9jbGFzcyI7czoxNDoiZmFzIGZhLXRoLWxpc3QiO3M6MzoidXJsIjtzOjQ6Im1lbnUiO3M6NToib3JkZXIiO2k6MTA7czo5OiJwYXJlbnRfaWQiO047czo2OiJ0YXJnZXQiO3M6NToiX3NlbGYiO3M6MTA6ImNyZWF0ZWRfYXQiO3M6MTk6IjIwMjMtMDctMTcgMjE6NDg6MTIiO3M6MTA6InVwZGF0ZWRfYXQiO3M6MTk6IjIwMjMtMDctMTcgMjE6NTE6MTkiO31zOjEwOiIAKgBjaGFuZ2VzIjthOjA6e31zOjg6IgAqAGNhc3RzIjthOjA6e31zOjE3OiIAKgBjbGFzc0Nhc3RDYWNoZSI7YTowOnt9czo4OiIAKgBkYXRlcyI7YTowOnt9czoxMzoiACoAZGF0ZUZvcm1hdCI7TjtzOjEwOiIAKgBhcHBlbmRzIjthOjA6e31zOjE5OiIAKgBkaXNwYXRjaGVzRXZlbnRzIjthOjA6e31zOjE0OiIAKgBvYnNlcnZhYmxlcyI7YTowOnt9czoxMjoiACoAcmVsYXRpb25zIjthOjE6e3M6ODoiY2hpbGRyZW4iO086MjY6IlR5cGlDTVNcTmVzdGFibGVDb2xsZWN0aW9uIjo4OntzOjg6IgAqAGl0ZW1zIjthOjA6e31zOjI4OiIAKgBlc2NhcGVXaGVuQ2FzdGluZ1RvU3RyaW5nIjtiOjA7czo4OiIAKgB0b3RhbCI7aTowO3M6MTU6IgAqAHBhcmVudENvbHVtbiI7czo5OiJwYXJlbnRfaWQiO3M6MzM6IgAqAHJlbW92ZUl0ZW1zV2l0aE1pc3NpbmdBbmNlc3RvciI7YjoxO3M6MTQ6IgAqAGluZGVudENoYXJzIjtzOjg6IsKgwqDCoMKgIjtzOjE1OiIAKgBjaGlsZHJlbk5hbWUiO3M6NToiaXRlbXMiO3M6MTc6IgAqAHBhcmVudFJlbGF0aW9uIjtzOjY6InBhcmVudCI7fX1zOjEwOiIAKgB0b3VjaGVzIjthOjA6e31zOjEwOiJ0aW1lc3RhbXBzIjtiOjE7czo5OiIAKgBoaWRkZW4iO2E6MDp7fXM6MTA6IgAqAHZpc2libGUiO2E6MDp7fXM6MTE6IgAqAGZpbGxhYmxlIjthOjk6e2k6MDtzOjc6Im1lbnVfaWQiO2k6MTtzOjQ6InR5cGUiO2k6MjtzOjExOiJtb2R1bGVfbmFtZSI7aTozO3M6MTM6ImRpdmlkZXJfdGl0bGUiO2k6NDtzOjEwOiJpY29uX2NsYXNzIjtpOjU7czozOiJ1cmwiO2k6NjtzOjU6Im9yZGVyIjtpOjc7czo5OiJwYXJlbnRfaWQiO2k6ODtzOjY6InRhcmdldCI7fXM6MTA6IgAqAGd1YXJkZWQiO2E6MTp7aTowO3M6MToiKiI7fX1pOjEwO086MTc6IkFwcFxNb2RlbHNcTW9kdWxlIjoyOTp7czoxMzoiACoAY29ubmVjdGlvbiI7czo1OiJteXNxbCI7czo4OiIAKgB0YWJsZSI7czo3OiJtb2R1bGVzIjtzOjEzOiIAKgBwcmltYXJ5S2V5IjtzOjI6ImlkIjtzOjEwOiIAKgBrZXlUeXBlIjtzOjM6ImludCI7czoxMjoiaW5jcmVtZW50aW5nIjtiOjE7czo3OiIAKgB3aXRoIjthOjA6e31zOjEyOiIAKgB3aXRoQ291bnQiO2E6MDp7fXM6MTk6InByZXZlbnRzTGF6eUxvYWRpbmciO2I6MDtzOjEwOiIAKgBwZXJQYWdlIjtpOjE1O3M6NjoiZXhpc3RzIjtiOjE7czoxODoid2FzUmVjZW50bHlDcmVhdGVkIjtiOjA7czoyODoiACoAZXNjYXBlV2hlbkNhc3RpbmdUb1N0cmluZyI7YjowO3M6MTM6IgAqAGF0dHJpYnV0ZXMiO2E6MTI6e3M6MjoiaWQiO2k6MTM7czo3OiJtZW51X2lkIjtpOjE7czo0OiJ0eXBlIjtzOjE6IjIiO3M6MTE6Im1vZHVsZV9uYW1lIjtzOjEwOiJQZXJtaXNzaW9uIjtzOjEzOiJkaXZpZGVyX3RpdGxlIjtOO3M6MTA6Imljb25fY2xhc3MiO3M6MTI6ImZhcyBmYS10YXNrcyI7czozOiJ1cmwiO3M6MjI6Im1lbnUvbW9kdWxlL3Blcm1pc3Npb24iO3M6NToib3JkZXIiO2k6MTE7czo5OiJwYXJlbnRfaWQiO047czo2OiJ0YXJnZXQiO3M6NToiX3NlbGYiO3M6MTA6ImNyZWF0ZWRfYXQiO3M6MTk6IjIwMjMtMDctMTcgMjE6NDg6MTIiO3M6MTA6InVwZGF0ZWRfYXQiO3M6MTk6IjIwMjMtMDctMTcgMjE6NTE6MTkiO31zOjExOiIAKgBvcmlnaW5hbCI7YToxMjp7czoyOiJpZCI7aToxMztzOjc6Im1lbnVfaWQiO2k6MTtzOjQ6InR5cGUiO3M6MToiMiI7czoxMToibW9kdWxlX25hbWUiO3M6MTA6IlBlcm1pc3Npb24iO3M6MTM6ImRpdmlkZXJfdGl0bGUiO047czoxMDoiaWNvbl9jbGFzcyI7czoxMjoiZmFzIGZhLXRhc2tzIjtzOjM6InVybCI7czoyMjoibWVudS9tb2R1bGUvcGVybWlzc2lvbiI7czo1OiJvcmRlciI7aToxMTtzOjk6InBhcmVudF9pZCI7TjtzOjY6InRhcmdldCI7czo1OiJfc2VsZiI7czoxMDoiY3JlYXRlZF9hdCI7czoxOToiMjAyMy0wNy0xNyAyMTo0ODoxMiI7czoxMDoidXBkYXRlZF9hdCI7czoxOToiMjAyMy0wNy0xNyAyMTo1MToxOSI7fXM6MTA6IgAqAGNoYW5nZXMiO2E6MDp7fXM6ODoiACoAY2FzdHMiO2E6MDp7fXM6MTc6IgAqAGNsYXNzQ2FzdENhY2hlIjthOjA6e31zOjg6IgAqAGRhdGVzIjthOjA6e31zOjEzOiIAKgBkYXRlRm9ybWF0IjtOO3M6MTA6IgAqAGFwcGVuZHMiO2E6MDp7fXM6MTk6IgAqAGRpc3BhdGNoZXNFdmVudHMiO2E6MDp7fXM6MTQ6IgAqAG9ic2VydmFibGVzIjthOjA6e31zOjEyOiIAKgByZWxhdGlvbnMiO2E6MTp7czo4OiJjaGlsZHJlbiI7TzoyNjoiVHlwaUNNU1xOZXN0YWJsZUNvbGxlY3Rpb24iOjg6e3M6ODoiACoAaXRlbXMiO2E6MDp7fXM6Mjg6IgAqAGVzY2FwZVdoZW5DYXN0aW5nVG9TdHJpbmciO2I6MDtzOjg6IgAqAHRvdGFsIjtpOjA7czoxNToiACoAcGFyZW50Q29sdW1uIjtzOjk6InBhcmVudF9pZCI7czozMzoiACoAcmVtb3ZlSXRlbXNXaXRoTWlzc2luZ0FuY2VzdG9yIjtiOjE7czoxNDoiACoAaW5kZW50Q2hhcnMiO3M6ODoiwqDCoMKgwqAiO3M6MTU6IgAqAGNoaWxkcmVuTmFtZSI7czo1OiJpdGVtcyI7czoxNzoiACoAcGFyZW50UmVsYXRpb24iO3M6NjoicGFyZW50Ijt9fXM6MTA6IgAqAHRvdWNoZXMiO2E6MDp7fXM6MTA6InRpbWVzdGFtcHMiO2I6MTtzOjk6IgAqAGhpZGRlbiI7YTowOnt9czoxMDoiACoAdmlzaWJsZSI7YTowOnt9czoxMToiACoAZmlsbGFibGUiO2E6OTp7aTowO3M6NzoibWVudV9pZCI7aToxO3M6NDoidHlwZSI7aToyO3M6MTE6Im1vZHVsZV9uYW1lIjtpOjM7czoxMzoiZGl2aWRlcl90aXRsZSI7aTo0O3M6MTA6Imljb25fY2xhc3MiO2k6NTtzOjM6InVybCI7aTo2O3M6NToib3JkZXIiO2k6NztzOjk6InBhcmVudF9pZCI7aTo4O3M6NjoidGFyZ2V0Ijt9czoxMDoiACoAZ3VhcmRlZCI7YToxOntpOjA7czoxOiIqIjt9fX1zOjI4OiIAKgBlc2NhcGVXaGVuQ2FzdGluZ1RvU3RyaW5nIjtiOjA7czo4OiIAKgB0b3RhbCI7aToxMTtzOjE1OiIAKgBwYXJlbnRDb2x1bW4iO3M6OToicGFyZW50X2lkIjtzOjMzOiIAKgByZW1vdmVJdGVtc1dpdGhNaXNzaW5nQW5jZXN0b3IiO2I6MTtzOjE0OiIAKgBpbmRlbnRDaGFycyI7czo4OiLCoMKgwqDCoCI7czoxNToiACoAY2hpbGRyZW5OYW1lIjtzOjU6Iml0ZW1zIjtzOjE3OiIAKgBwYXJlbnRSZWxhdGlvbiI7czo2OiJwYXJlbnQiO319', 1689609421);

-- --------------------------------------------------------

--
-- Table structure for table `settings`
--

CREATE TABLE `settings` (
  `id` bigint(20) UNSIGNED NOT NULL,
  `name` varchar(255) COLLATE utf8mb4_unicode_ci NOT NULL,
  `value` varchar(255) COLLATE utf8mb4_unicode_ci DEFAULT NULL,
  `created_at` timestamp NULL DEFAULT NULL,
  `updated_at` timestamp NULL DEFAULT NULL
) ENGINE=InnoDB DEFAULT CHARSET=utf8mb4 COLLATE=utf8mb4_unicode_ci;

-- --------------------------------------------------------

--
-- Table structure for table `users`
--

CREATE TABLE `users` (
  `id` bigint(20) UNSIGNED NOT NULL,
  `role_id` bigint(20) UNSIGNED NOT NULL,
  `name` varchar(50) COLLATE utf8mb4_unicode_ci NOT NULL,
  `username` varchar(30) COLLATE utf8mb4_unicode_ci DEFAULT NULL,
  `email` varchar(255) COLLATE utf8mb4_unicode_ci DEFAULT NULL,
  `phone` varchar(15) COLLATE utf8mb4_unicode_ci NOT NULL,
  `avatar` varchar(255) COLLATE utf8mb4_unicode_ci DEFAULT NULL,
  `gender` enum('1','2','3') COLLATE utf8mb4_unicode_ci NOT NULL COMMENT '1=Male,2=Female,3=Other',
  `password` varchar(255) COLLATE utf8mb4_unicode_ci NOT NULL,
  `status` enum('1','2') COLLATE utf8mb4_unicode_ci NOT NULL DEFAULT '1' COMMENT '1=Active, 2=Inactive',
  `qualification` varchar(255) COLLATE utf8mb4_unicode_ci DEFAULT NULL,
  `fee` varchar(255) COLLATE utf8mb4_unicode_ci DEFAULT NULL,
  `department_id` varchar(255) COLLATE utf8mb4_unicode_ci DEFAULT NULL,
  `details` varchar(255) COLLATE utf8mb4_unicode_ci DEFAULT NULL,
  `deletable` enum('1','2') COLLATE utf8mb4_unicode_ci NOT NULL DEFAULT '2' COMMENT '1=No, 2=Yes',
  `created_by` varchar(255) COLLATE utf8mb4_unicode_ci DEFAULT NULL,
  `modified_by` varchar(255) COLLATE utf8mb4_unicode_ci DEFAULT NULL,
  `remember_token` varchar(100) COLLATE utf8mb4_unicode_ci DEFAULT NULL,
  `created_at` timestamp NULL DEFAULT NULL,
  `updated_at` timestamp NULL DEFAULT NULL
) ENGINE=InnoDB DEFAULT CHARSET=utf8mb4 COLLATE=utf8mb4_unicode_ci;

--
-- Dumping data for table `users`
--

INSERT INTO `users` (`id`, `role_id`, `name`, `username`, `email`, `phone`, `avatar`, `gender`, `password`, `status`, `qualification`, `fee`, `department_id`, `details`, `deletable`, `created_by`, `modified_by`, `remember_token`, `created_at`, `updated_at`) VALUES
(1, 1, 'Super Admin', 'SuperAdmin', 'superadmin@mail.com', '01516722237', NULL, '1', '$2y$10$mop23aUAqUvEQVQ4nhS8Be/O79YZnV/az/94lOuK/wn60uN2SRoG.', '1', NULL, NULL, NULL, NULL, '1', 'Hadiuzzaman', NULL, NULL, '2023-07-17 15:48:11', NULL),
(2, 2, 'Admin', 'Admin', 'admin@mail.com', '017', NULL, '1', '$2y$10$0/OO8RzuL8BMkMt0czGJtO/YlBp34G8EVpddmF2o/Dswqd0muwSvG', '1', NULL, NULL, NULL, NULL, '1', 'Hadiuzzaman', NULL, NULL, '2023-07-17 15:48:11', NULL),
(4, 3, 'Hadiuzzaman', NULL, 'hadi@gmail.com', '01516733333', '1689609325.jpg', '1', '$2y$10$MPzulaF.NOzRnmvEmXY6p./LPVBB1fsk1PFUA7Mtt2ePRNLBpT7Ba', '1', 'MBBS, M. Phil', '1500', '1', 'Professor and Ex Principal Mugda Medical College Director, Administration, DG Health', '2', NULL, NULL, NULL, '2023-07-17 15:55:25', '2023-07-17 15:56:58');

--
-- Indexes for dumped tables
--

--
-- Indexes for table `cache`
--
ALTER TABLE `cache`
  ADD UNIQUE KEY `cache_key_unique` (`key`);

--
-- Indexes for table `departments`
--
ALTER TABLE `departments`
  ADD PRIMARY KEY (`id`);

--
-- Indexes for table `failed_jobs`
--
ALTER TABLE `failed_jobs`
  ADD PRIMARY KEY (`id`),
  ADD UNIQUE KEY `failed_jobs_uuid_unique` (`uuid`);

--
-- Indexes for table `menus`
--
ALTER TABLE `menus`
  ADD PRIMARY KEY (`id`),
  ADD UNIQUE KEY `menus_menu_name_unique` (`menu_name`);

--
-- Indexes for table `migrations`
--
ALTER TABLE `migrations`
  ADD PRIMARY KEY (`id`);

--
-- Indexes for table `modules`
--
ALTER TABLE `modules`
  ADD PRIMARY KEY (`id`),
  ADD KEY `modules_menu_id_foreign` (`menu_id`);

--
-- Indexes for table `module_role`
--
ALTER TABLE `module_role`
  ADD PRIMARY KEY (`id`),
  ADD KEY `module_role_module_id_foreign` (`module_id`),
  ADD KEY `module_role_role_id_foreign` (`role_id`);

--
-- Indexes for table `notifications`
--
ALTER TABLE `notifications`
  ADD PRIMARY KEY (`id`),
  ADD KEY `notifications_notifiable_type_notifiable_id_index` (`notifiable_type`,`notifiable_id`);

--
-- Indexes for table `password_resets`
--
ALTER TABLE `password_resets`
  ADD KEY `password_resets_email_index` (`email`);

--
-- Indexes for table `permissions`
--
ALTER TABLE `permissions`
  ADD PRIMARY KEY (`id`),
  ADD UNIQUE KEY `permissions_slug_unique` (`slug`),
  ADD KEY `permissions_module_id_foreign` (`module_id`);

--
-- Indexes for table `permission_role`
--
ALTER TABLE `permission_role`
  ADD PRIMARY KEY (`id`),
  ADD KEY `permission_role_permission_id_foreign` (`permission_id`),
  ADD KEY `permission_role_role_id_foreign` (`role_id`);

--
-- Indexes for table `roles`
--
ALTER TABLE `roles`
  ADD PRIMARY KEY (`id`),
  ADD UNIQUE KEY `roles_role_name_unique` (`role_name`);

--
-- Indexes for table `sessions`
--
ALTER TABLE `sessions`
  ADD PRIMARY KEY (`id`),
  ADD KEY `sessions_user_id_index` (`user_id`),
  ADD KEY `sessions_last_activity_index` (`last_activity`);

--
-- Indexes for table `settings`
--
ALTER TABLE `settings`
  ADD PRIMARY KEY (`id`),
  ADD UNIQUE KEY `settings_name_unique` (`name`);

--
-- Indexes for table `users`
--
ALTER TABLE `users`
  ADD PRIMARY KEY (`id`),
  ADD UNIQUE KEY `users_phone_unique` (`phone`),
  ADD KEY `users_role_id_foreign` (`role_id`);

--
-- AUTO_INCREMENT for dumped tables
--

--
-- AUTO_INCREMENT for table `departments`
--
ALTER TABLE `departments`
  MODIFY `id` bigint(20) UNSIGNED NOT NULL AUTO_INCREMENT, AUTO_INCREMENT=3;

--
-- AUTO_INCREMENT for table `failed_jobs`
--
ALTER TABLE `failed_jobs`
  MODIFY `id` bigint(20) UNSIGNED NOT NULL AUTO_INCREMENT;

--
-- AUTO_INCREMENT for table `menus`
--
ALTER TABLE `menus`
  MODIFY `id` bigint(20) UNSIGNED NOT NULL AUTO_INCREMENT, AUTO_INCREMENT=2;

--
-- AUTO_INCREMENT for table `migrations`
--
ALTER TABLE `migrations`
  MODIFY `id` int(10) UNSIGNED NOT NULL AUTO_INCREMENT, AUTO_INCREMENT=15;

--
-- AUTO_INCREMENT for table `modules`
--
ALTER TABLE `modules`
  MODIFY `id` bigint(20) UNSIGNED NOT NULL AUTO_INCREMENT, AUTO_INCREMENT=18;

--
-- AUTO_INCREMENT for table `module_role`
--
ALTER TABLE `module_role`
  MODIFY `id` bigint(20) UNSIGNED NOT NULL AUTO_INCREMENT, AUTO_INCREMENT=2;

--
-- AUTO_INCREMENT for table `permissions`
--
ALTER TABLE `permissions`
  MODIFY `id` bigint(20) UNSIGNED NOT NULL AUTO_INCREMENT, AUTO_INCREMENT=44;

--
-- AUTO_INCREMENT for table `permission_role`
--
ALTER TABLE `permission_role`
  MODIFY `id` bigint(20) UNSIGNED NOT NULL AUTO_INCREMENT, AUTO_INCREMENT=2;

--
-- AUTO_INCREMENT for table `roles`
--
ALTER TABLE `roles`
  MODIFY `id` bigint(20) UNSIGNED NOT NULL AUTO_INCREMENT, AUTO_INCREMENT=4;

--
-- AUTO_INCREMENT for table `settings`
--
ALTER TABLE `settings`
  MODIFY `id` bigint(20) UNSIGNED NOT NULL AUTO_INCREMENT;

--
-- AUTO_INCREMENT for table `users`
--
ALTER TABLE `users`
  MODIFY `id` bigint(20) UNSIGNED NOT NULL AUTO_INCREMENT, AUTO_INCREMENT=5;

--
-- Constraints for dumped tables
--

--
-- Constraints for table `modules`
--
ALTER TABLE `modules`
  ADD CONSTRAINT `modules_menu_id_foreign` FOREIGN KEY (`menu_id`) REFERENCES `menus` (`id`);

--
-- Constraints for table `module_role`
--
ALTER TABLE `module_role`
  ADD CONSTRAINT `module_role_module_id_foreign` FOREIGN KEY (`module_id`) REFERENCES `modules` (`id`),
  ADD CONSTRAINT `module_role_role_id_foreign` FOREIGN KEY (`role_id`) REFERENCES `roles` (`id`);

--
-- Constraints for table `permissions`
--
ALTER TABLE `permissions`
  ADD CONSTRAINT `permissions_module_id_foreign` FOREIGN KEY (`module_id`) REFERENCES `modules` (`id`);

--
-- Constraints for table `permission_role`
--
ALTER TABLE `permission_role`
  ADD CONSTRAINT `permission_role_permission_id_foreign` FOREIGN KEY (`permission_id`) REFERENCES `permissions` (`id`),
  ADD CONSTRAINT `permission_role_role_id_foreign` FOREIGN KEY (`role_id`) REFERENCES `roles` (`id`);

--
-- Constraints for table `users`
--
ALTER TABLE `users`
  ADD CONSTRAINT `users_role_id_foreign` FOREIGN KEY (`role_id`) REFERENCES `roles` (`id`);
COMMIT;

/*!40101 SET CHARACTER_SET_CLIENT=@OLD_CHARACTER_SET_CLIENT */;
/*!40101 SET CHARACTER_SET_RESULTS=@OLD_CHARACTER_SET_RESULTS */;
/*!40101 SET COLLATION_CONNECTION=@OLD_COLLATION_CONNECTION */;
